chi_over_kappa	current	noise	qfi_rate	noise_over_current_squared	inverse_qfi_rate
0.0001000199839967994	2.000799519807971e-08	4.001599439935827e-08	2.000799439744e-08	99960049.98401392	49980021.9920068
0.0002000399679935987	8.003199039999692e-08	1.600640448511969e-07	8.003197758976e-08	24990016.99600468	12495005.4980017
0.0003000599519903981	1.800720144287974e-07	3.60144353116992e-07	1.8007194957696e-07	11106677.55378217	5553335.776889645
0.0004000799359871974	3.201281153229292e-07	6.402572554664855e-07	3.2012791035904e-07	6247508.749005972	3123751.374500425
0.0005000999199839968	5.002003603363004e-07	1.000403222678608e-06	5.00199859936e-07	3998407.759368547	1999200.879680272
0.0006001199039807961	7.202888359383595e-07	1.44058286004277e-06	7.202877983078399e-07	2776673.888456347	1388333.944222411
0.0007001398879775955	9.803936478142002e-07	1.960796907360524e-06	9.803917254745601e-07	2040006.897648616	1020000.448816465
0.0008001598719743949	1.280514920864686e-06	2.561046238947593e-06	1.28051164143616e-06	1561881.687270701	780937.8436251063
0.0009001798559711943	1.620652799206605e-06	3.241331863636272e-06	1.62064754619264e-06	1234080.617112518	617037.3085432937
0.001000199839967994	2.000807446172835e-06	4.001654924778192e-06	2.000799439744e-06	999606.4398721491	499800.219920068
0.001100219823964793	2.420979044312548e-06	4.842016700247462e-06	2.42096732209024e-06	826122.0660223191	413058.0329917917
0.001200239807961592	2.881167795391423e-06	5.762418602444168e-06	2.88115119323136e-06	694172.9721573042	347083.4860556028
0.001300259791958392	3.381373920391894e-06	6.762862178298266e-06	3.38135105316736e-06	591485.5502553658	295739.7751006319
0.001400279775955191	3.921597659513409e-06	7.843349109273805e-06	3.92156690189824e-06	510006.224470978	255000.1122041163
0.00150029975995199	4.501839272172721e-06	9.003881211373553e-06	4.501798739424e-06	444272.8622232009	222133.4310755858
0.00160031974394879	5.122099037004203e-06	1.024446043514398e-05	5.12204656574464e-06	390474.9218945067	195234.4609062766
0.001700339727945589	5.782377251860179e-06	1.156508886568061e-05	5.78231038086016e-06	345888.5052275131	172941.2525674976
0.001800359711942389	6.482674233811279e-06	1.296576872263373e-05	6.482590184770561e-06	308524.6543753697	154259.3271358234
0.001900379695939188	7.222990319146823e-06	1.444650236021451e-05	7.22288597747584e-06	276903.6288801485	138448.8143822903
0.002000399679935987	8.003325863375228e-06	1.600729226720143e-05	8.003197758976e-06	249906.1100880871	124950.054980017
0.002100419663932786	8.823681241224427e-06	1.764814106694714e-05	8.823525529271039e-06	226672.7665448379	113333.3832018295
0.002200439647929586	9.684056846642328e-06	1.936905151738563e-05	9.683869288360962e-06	206535.0166508408	103264.5082479479
0.002300459631926385	1.058445309279728e-05	2.117002651103982e-05	1.058422903624576e-05	188966.3857724016	94480.19280152513
0.002400479615923184	1.152487041207856e-05	2.305106907502949e-05	1.152460477292544e-05	173547.7432121994	86770.8715139007
0.002500499599919984	1.250530925609692e-05	2.501218237107958e-05	1.25049964984e-05	159942.0705745067	79968.03518721087
0.002600519583916783	1.35257700956851e-05	2.705336969552889e-05	1.352540421266944e-05	147875.8877667283	73934.94377515798
0.002700539567913583	1.458625342089842e-05	2.917463447933909e-05	1.458582791573376e-05	137125.4021318898	68559.70094925488
0.002800559551910382	1.568675974101535e-05	3.137598028810419e-05	1.568626760759296e-05	127506.0563530463	63750.02805102908
0.002900579535907181	1.68272895845381e-05	3.365741082206024e-05	1.682672328824704e-05	118864.5543524871	59429.27704162521
0.003000599519903981	1.800784349919332e-05	3.601892991609557e-05	1.8007194957696e-05	111072.7158259183	55533.35776889644
0.00310061950390078	1.922842205193268e-05	3.84605415397613e-05	1.922768261593984e-05	104022.6954002807	52008.347546313
0.003200639487897579	2.048902582893362e-05	4.098224979728217e-05	2.048818626297856e-05	97623.23078096268	48808.61522656914
0.003300659471894379	2.17896554356e-05	4.358405892756788e-05	2.178870589881216e-05	91796.67434681045	45895.33699908797
0.003400679455891178	2.313031149656287e-05	4.626597330422467e-05	2.312924152344064e-05	86476.62665383377	43235.31314187439
0.003500699439887978	2.451099465568118e-05	4.902799743556736e-05	2.4509793136864e-05	81606.03629749312	40800.01795265861
0.003600719423884777	2.593170557604258e-05	5.187013596463176e-05	2.593036073908224e-05	77135.66398281899	38564.83178395586
0.003700739407881576	2.739244493996419e-05	5.479239366918727e-05	2.739094433009536e-05	73022.83315121819	36508.41635646954
0.003800759391878376	2.889321344899348e-05	5.779477546175013e-05	2.889154390990336e-05	69230.40765343656	34612.20359557257
0.003900779375875175	3.043401182390904e-05	6.087728638959691e-05	3.043215947850624e-05	65725.95050930681	32859.97501118133
0.004000799359871974	3.201484080472146e-05	6.403993163477824e-05	3.2012791035904e-05	62481.02800224595	31237.51374500425
0.004100819343868774	3.363570115067428e-05	6.728271651413315e-05	3.363343858209665e-05	59470.63110569864	29732.31528376371
0.004200839327865573	3.529659364024481e-05	7.060564647930357e-05	3.529410211708415e-05	56672.69216566024	28333.34580045737
0.004300859311862372	3.699751907114514e-05	7.400872711674946e-05	3.699478164086656e-05	54067.67932858204	27030.83936831087
0.004400879295859172	3.873847826032307e-05	7.749196414776397e-05	3.873547715344385e-05	51638.25474378961	25816.12706198698
0.004500899279855971	4.051947204396305e-05	8.10553634284891e-05	4.051618865481599e-05	49368.98533177505	24681.49234173176
0.004600919263852771	4.234050127748728e-05	8.469893094993214e-05	4.233691614498304e-05	47246.09707821058	23620.04820038128
0.00470093924784957	4.420156683555665e-05	8.842267283798162e-05	4.419765962394497e-05	45257.26552570111	22625.63240923802
0.004800959231846369	4.61026696120718e-05	9.222659535342444e-05	4.609841909170176e-05	43391.43649459306	21692.71787847517
0.004900979215843169	4.804381052017428e-05	9.611070489196308e-05	4.803919454825344e-05	41638.67214896486	20816.33569013194
0.005000999199839968	5.002499049224751e-05	0.0001000750079842329	5.00199859936e-05	39990.01839400529	19992.00879680272
0.005101019183836767	5.2046210479918e-05	0.0001041195112958203	5.204079342774143e-05	38437.39029218328	19215.69472972196
0.005201039167833567	5.410747145405649e-05	0.000108244221627281	5.410161685067776e-05	36973.47275329854	18483.7359437895
0.005301059151830366	5.620877440477907e-05	0.0001124491459141587	5.620245626240897e-05	35591.63421511596	17792.81665788779
0.005401079135827165	5.835012034144833e-05	0.0001167342912270039	5.834331166293503e-05	34285.85140822937	17139.92523731372
0.005501099119823965	6.053151029267476e-05	0.0001210996647713936	6.0524183052256e-05	33050.6436078475	16522.32131967167
0.005601119103820764	6.275294530631776e-05	0.0001255452738879512	6.274507043037184e-05	31881.01502956167	15937.50701275727
0.005701139087817563	6.501442644948699e-05	0.0001300711260523658	6.500597379728255e-05	30772.40423629532	15383.20159803226
0.005801159071814363	6.731595480854374e-05	0.0001346772288754143	6.730689315298816e-05	29720.63959786787	14857.3192604063
0.005901179055811162	6.965753148910208e-05	0.0001393635901029805	6.964782849748865e-05	28721.8999895603	14357.9494375199
0.006001199039807961	7.203915761603023e-05	0.0001441302176160777	7.2028779830784e-05	27772.68003707474	13883.33944222411
0.006101219023804761	7.446083433345207e-05	0.0001489771194308698	7.444974715287424e-05	26869.75931661216	13431.8790626194
0.00620123900780156	7.692256280474829e-05	0.0001539043036986932	7.691073046375937e-05	26010.1750039175	13002.08688657825
0.006301258991798359	7.942434421255785e-05	0.0001589117787060796	7.941172976343935e-05	25191.19753786272	12592.59813353661
0.006401278975795159	8.196617975877954e-05	0.0001639995528747785	8.195274505191424e-05	24410.30892474345	12202.15380664229
0.006501298959791959	8.454807066457325e-05	0.0001691676347617802	8.4533776329184e-05	23665.18336081968	11829.59100402528
0.006601318943788757	8.717001817036149e-05	0.0001744160330593396	8.715482359524863e-05	22953.66989426428	11473.83424977199
0.006701338927785557	8.983202353583098e-05	0.0001797447565949999	8.981588685010815e-05	22273.77688485383	11133.88772377073
0.006801358911782357	9.253408803993398e-05	0.0001851538143316168	9.251696609376256e-05	21623.6580514826	10808.8282854686
0.006901378895779156	9.527621298088998e-05	0.0001906432153673835	9.525806132621185e-05	21001.59992475832	10497.79920016946
0.007001398879775955	9.805839967618715e-05	0.0001962129689358547	9.803917254745599e-05	20406.0105452637	10200.00448816465
0.007101418863772755	0.0001008806494625841	0.0002018630844059734	0.0001008602997574951	19835.40926812998	9914.703827019795
0.007201438847769554	0.0001037429636961112	0.0002075935712820954	0.000103721442956329	19288.41755186534	9641.207945988965
0.007301458831766353	0.0001066453437520725	0.0002134044392040162	0.0001066226021439578	18763.75062432392	9378.874458999213
0.007401478815763153	0.0001095877910250472	0.000219295697946997	0.0001095637773203814	18260.20993163942	9127.104089117385
0.007501498799759952	0.0001125703069288915	0.0002252673574217918	0.0001125449684856	17776.67628717177	8885.33724302343
0.007601518783756751	0.0001155928928967398	0.0002313194276746742	0.0001155661756396134	17312.10364727258	8653.050898893143
0.007701538767753551	0.0001186555503810074	0.0002374519188874659	0.0001186273987824218	16865.51344917418	8429.755775342688
0.00780155875175035	0.000121758280853391	0.0002436648413775639	0.000121728637914025	16435.98945372316	8214.993752795332
0.00790157873574715	0.0001249010858048717	0.0002499582055979688	0.000124869893034423	16022.67304216254	8008.335521872584
0.008001598719743949	0.0001280839667457158	0.0002563320221373143	0.000128051164143616	15624.75892184559	7809.378436251062
0.008101618703740748	0.0001313069252054773	0.0002627863017198954	0.0001312724512416038	15241.49120074522	7617.744549917208
0.008201638687737548	0.0001345699627329992	0.0002693210552056985	0.0001345337543283866	14872.15979500126	7433.078820940927
0.008301658671734347	0.0001378730808964158	0.0002759362935904306	0.0001378350734039642	14516.0971376014	7255.047465816054
0.008401678655731146	0.0001412162812831542	0.0002826320280055504	0.0001411764084683366	14172.67515968919	7083.336450114343
0.008501698639727946	0.0001445995654999369	0.0002894082697182981	0.000144557759521504	13841.30251899285	6917.650102699901
0.008601718623724745	0.0001480229351727827	0.0002962650301317266	0.0001479791265634662	13521.4220525224	6757.709842077717
0.008701738607721544	0.0001514863919470094	0.0003032023207847333	0.0001514405095942233	13212.50843303232	6603.253004625023
0.008801758591718344	0.0001549899374872358	0.0003102201533520912	0.0001549419086137754	12914.06601083249	6454.031765496745
0.008901778575715143	0.000158533573477383	0.0003173185396444809	0.0001584833236221222	12625.62682438134	6309.81214392208
0.009001798559711942	0.0001621173016206774	0.0003244974916085237	0.000162064754619264	12346.74876474271	6170.373085432939
0.009101818543708742	0.0001657411236396519	0.0003317570213268142	0.0001656862016052007	12077.0138804552	6035.50561429861
0.009201838527705541	0.0001694050412761485	0.0003390971410179531	0.0001693476645799322	11816.0268106713	5905.012050095321
0.00930185851170234	0.0001731090562913202	0.0003465178630365812	0.0001730491435434585	11563.41333559224	5778.705282923667
0.00940187849569914	0.0001768531704656331	0.0003540191998734137	0.0001767906384957799	11318.81903426974	5656.408102309505
0.009501898479695939	0.0001806373855988685	0.0003616011641552732	0.000180572149436896	11081.90804078139	5537.952575291612
0.009601918463692738	0.0001844617035101253	0.0003692637686451262	0.000184393676366807	10852.36189062484	5423.179469618794
0.009701938447689538	0.0001883261260378219	0.0003770070262421169	0.000188255219285513	10629.87844992899	5311.937718355489
0.009801958431686337	0.0001922306550396985	0.0003848309499816031	0.0001921567781930138	10414.17092075645	5204.083922532986
0.009901978415683136	0.0001961752923928195	0.0003927355530351918	0.0001960983530893094	10204.96691637978	5099.481888787553
0.01000199839967994	0.0002001600399935757	0.0004007208487107763	0.0002000799439744	10002.007600962	4998.00219920068
0.01010201838367674	0.0002041848997576861	0.0004087868504525714	0.0002041015508482854	9805.046888565455	4899.521810803529
0.01020203836767353	0.0002082498736202011	0.0004169335718411517	0.0002081631737109657	9613.850696858954	4803.923682430489
0.01030205835167033	0.0002123549635355041	0.0004251610265934878	0.000212264812562441	9428.196251295552	4711.096426808068
0.01040207833566713	0.000216500171477314	0.0004334692285629849	0.000216406467402711	9247.871435897492	4620.933985947374
0.01050209831966393	0.0002206854994386878	0.0004418581917395204	0.000220588138231776	9072.674187114349	4533.335328073179
0.01060211830366073	0.000224910949432023	0.0004503279302494828	0.0002248098250496359	8902.411927519084	4448.204164471947
0.01070213828765753	0.0002291765234890594	0.0004588784583558101	0.0002290715278562906	8736.901036377491	4365.448684776557
0.01080215827165433	0.0002334822236608825	0.0004675097904580291	0.0002333732466517401	8575.966354372438	4284.98130932843
0.01090217825565113	0.0002378280520179255	0.0004762219410922955	0.0002377149814359847	8419.440719987791	4206.71845736948
0.01100219823964793	0.0002422140106499712	0.0004850149249314333	0.000242096732209024	8267.164535260004	4130.580329917918
0.01110221822364473	0.0002466401016661557	0.0004938887567849755	0.0002465184989708582	8118.985358790415	4056.490706274394
0.01120223820764153	0.0002511063271949702	0.0005028434515992048	0.0002509802817214874	7974.75752407987	3984.376753189317
0.01130225819163833	0.0002556126893842635	0.0005118790244571941	0.0002554820804609113	7834.341781400931	3914.168845798951
0.01140227817563513	0.0002601591904012449	0.0005209954905788497	0.0002600238951891302	7697.604961563177	3845.800399508064
0.01150229815963193	0.0002647458324324869	0.0005301928653209508	0.000264605725906144	7564.41966005533	3779.207712061005
0.01160231814362873	0.0002693726176839269	0.0005394711641771939	0.0002692275726119526	7434.663940165035	3714.329815101576
0.01170233812762552	0.0002740395483808715	0.0005488304027782339	0.0002738894353065561	7308.221053784179	3651.108334575703
0.01180235811162232	0.0002787466267679977	0.0005582705968917287	0.0002785913139899546	7184.979178705982	3589.487359379976
0.01190237809561912	0.0002834938551093561	0.0005677917624223802	0.0002833332086621478	7064.831171309746	3529.413317704033
0.01200239807961592	0.0002882812356883739	0.0005773939154119807	0.000288115119323136	6947.674333611827	3470.834860556028
0.01210241806361272	0.0002931087708078575	0.0005870770720394558	0.0002929370459729191	6833.41019373689	3413.702751998278
0.01220243804760952	0.0002979764627899947	0.0005968412486209083	0.000297798988611497	6721.944298933107	3357.969765654851
0.01230245803160632	0.0003028843139763586	0.0006066864616096643	0.0003027009472388697	6613.186020318736	3303.590587084857
0.01240247801560312	0.0003078323267279095	0.0006166127275963184	0.0003076429218550375	6507.048368606354	3250.521721644563
0.01250249799959992	0.0003128205034249978	0.0006266200633087775	0.00031262491246	6403.447820104926	3198.721407488435
0.01260251798359672	0.0003178488464673677	0.0006367084856123106	0.0003176469190537574	6302.304152349848	3148.149533384153
0.01270253796759352	0.0003229173582741591	0.0006468780115095911	0.0003227089416363098	6203.540288756819	3098.767561039544
0.01280255795159032	0.0003280260412839108	0.0006571286581407463	0.000327810980207657	6107.082151737804	3050.538451660571
0.01290257793558712	0.0003331748979545638	0.0006674604427834035	0.000332953034767799	6012.85852375634	3003.426596478986
0.01300259791958392	0.0003383639307634642	0.0006778733828527383	0.000338135105316736	5920.80091583553	2957.397751006319
0.01310261790358072	0.0003435931422073654	0.0006883674959015219	0.0003433571918544678	5830.843443065336	2912.41897278753
0.01320263788757751	0.0003488625348024321	0.0006989427996201693	0.0003486192943809945	5742.922706686552	2868.458562442998
0.01330265787157432	0.000354172111084243	0.0007095993118367892	0.0003539214128963162	5656.977682357462	2825.486007801843
0.01340267785557111	0.0003595218736077934	0.0007203370505172312	0.0003592635474004326	5572.94961423534	2783.471930942682
0.01350269783956791	0.000364911824947499	0.0007311560337651377	0.0003646456978933439	5490.781914529592	2742.388037970195
0.01360271782356471	0.0003703419676971985	0.000742056279821991	0.0003700678643750502	5410.420068205783	2702.20707136715
0.01370273780756151	0.000375812304470157	0.0007530378070671665	0.0003755300468455514	5331.811542540991	2662.90276477206
0.01380275779155831	0.0003813228378990688	0.0007641006340179808	0.0003810322453048474	5254.905701250135	2624.449800042365
0.01390277777555511	0.0003868735706360609	0.000775244779329744	0.0003865744597529382	5179.653722921263	2586.823766472066
0.01400279775955191	0.0003924645053526962	0.0007864702617958113	0.000392156690189824	5106.008523514413	2550.001122041163
0.01410281774354871	0.0003980956447399765	0.0007977771003476337	0.0003977789366155047	5033.924682694322	2513.959156582003
0.01420283772754551	0.0004037669915083459	0.0008091653140548109	0.0004034411990299802	4963.35837378176	2478.675956754949
0.01430285771154231	0.0004094785483876939	0.0008206349221251449	0.0004091434774332505	4894.267297121765	2444.130372732495
0.01440287769553911	0.000415230318127359	0.0008321859439046901	0.0004148857718253159	4826.610616679573	2410.301986497241
0.01450289767953591	0.0004210223034961316	0.0008438183988778093	0.000420668082206176	4760.34889968687	2377.171081665008
0.01460291766353271	0.0004268545072822575	0.0008555323066672267	0.000426490408575831	4695.444059171723	2344.718614749803
0.01470293764752951	0.0004327269322934419	0.0008673276870340809	0.000432352750934281	4631.859299215793	2312.926187792438
0.01480295763152631	0.0004386395813568512	0.0008792045598779804	0.0004382551092815257	4569.559062791994	2281.776022279346
0.0149029776155231	0.0004445924573191184	0.0008911629452370592	0.0004441974836175654	4508.508982044408	2251.250934282546
0.0150029975995199	0.000450585563046345	0.0009032028632880302	0.0004501798739424	4448.675830880724	2221.334310755858
0.0151030175835167	0.0004566189014241048	0.0009153243343462413	0.0004562022802560294	4390.027479755042	2192.01008692631
0.0152030375675135	0.000462692475357448	0.0009275273788657332	0.0004622647025584537	4332.532852526178	2163.262724723286
0.0153030575515103	0.0004688062877709042	0.000939812017439294	0.000468367140849673	4276.161885283261	2135.077192191328
0.0154030775355071	0.0004749603416084856	0.000952178270798515	0.000474509595129687	4220.88548703681	2107.438943835672
0.0155030975195039	0.0004811546398336914	0.0009646261598138518	0.000480692065398496	4166.675502179277	2080.33390185252
0.0156031175035007	0.0004873891854295108	0.000977155705494678	0.0004869145516560999	4113.504674624632	2053.748438198833
0.0157031374874975	0.0004936639813984263	0.0009897669289893442	0.0004931770539024986	4061.346613541695	2027.669357458996
0.0158031574714943	0.0004999790307624182	0.001002459851585237	0.0004994795721376922	4010.175760600785	2002.083880468146
0.0159031774554911	0.0005063343365629677	0.001015234494708839	0.0005058221063616806	3959.967358657781	1976.979628654199
0.0160031974394879	0.0005127299018610604	0.001028090879925783	0.000512204656574464	3910.697421803961	1952.344609062766
0.0161032174234847	0.0005191657297371905	0.001041029028940919	0.0005186272227760423	3862.342706713927	1928.167200031125
0.0162032374074815	0.0005256418232913638	0.001054048963598366	0.0005250898049664153	3814.880685227778	1904.436137479302
0.0163032573914783	0.0005321581856431026	0.001067150705881578	0.0005315924031455833	3768.289518107077	1881.140501788054
0.0164032773754751	0.0005387148199314481	0.001080334277913403	0.0005381350173135463	3722.548029907583	1858.269705235232
0.01650329735947189	0.0005453117293149648	0.001093599701956144	0.0005447176474703039	3677.635684914707	1835.813479963519
0.01660331734346869	0.000551948916971745	0.00110694700041162	0.0005513402936158567	3633.532564090699	1813.761866454013
0.01670333732746549	0.0005586263860994113	0.001120376195821228	0.0005580029557502043	3590.219342985194	1792.105202481508
0.01680335731146229	0.0005653441399151212	0.001133887310866006	0.0005647056338733465	3547.677270563409	1770.834112528586
0.01690337729545909	0.0005721021816555714	0.001147480368366694	0.0005714483279852838	3505.888148908657	1749.939497636876
0.01700339727945589	0.0005789005145770009	0.0011611553912838	0.0005782310380860161	3464.834313758183	1729.412525674975
0.01710341726345269	0.0005857391419551946	0.001174912402717658	0.0005850537641755429	3424.49861583344	1709.244622003584
0.01720343724744949	0.0005926180670854892	0.001188751425908499	0.0005919165062538649	3384.864402927932	1689.427460519429
0.01730345723144629	0.000599537293282775	0.001202672484236511	0.0005988192643209819	3345.915502717764	1669.952955060536
0.01740347721544309	0.0006064968238815004	0.0012166756012219	0.0006057620383768934	3307.636206261694	1650.813251156256
0.01750349719943989	0.0006134966622356777	0.001230760800524964	0.0006127448284216	3270.011252159285	1632.000718106344
0.01760351718343669	0.0006205368117188841	0.001244928105946149	0.0006197676344551015	3233.02581133736	1613.507941374186
0.01770353716743349	0.0006276172757242683	0.001259177541426123	0.0006268304564773976	3196.665472436392	1595.32771527999
0.01780355715143029	0.0006347380576645539	0.001273509131045835	0.000633933294488489	3160.916227769962	1577.45303598052
0.01790357713542709	0.0006418991609720428	0.001287922899026586	0.0006410761484883751	3125.764459831773	1559.877094722599
0.01800359711942388	0.0006491005890986198	0.001302418869730095	0.0006482590184770559	3091.196928325894	1542.593271358235
0.01810361710342068	0.0006563423455157575	0.001316997067658566	0.0006554819044545319	3057.200757697228	1525.59512810985
0.01820363708741748	0.0006636244337145192	0.001331657517454754	0.0006627448064208027	3023.763425140244	1508.876403574652
0.01830365707141428	0.0006709468572055635	0.001346400243902035	0.0006700477243758681	2990.872749065138	1492.431006957712
0.01840367705541108	0.0006783096195191501	0.001361225271924477	0.0006773906583197286	2958.516878001572	1476.25301252383
0.01850369703940788	0.0006857127242051411	0.001376132626586903	0.0006847736082523841	2926.684279921151	1460.336654258781
0.01860371702340468	0.0006931561748330079	0.001391122333094966	0.0006921965741738342	2895.363731960632	1444.676320730917
0.01870373700740148	0.0007006399749918344	0.001406194416795212	0.0006996595560840793	2864.544310528816	1429.266550144608
0.01880375699139828	0.0007081641282903215	0.001421348903175159	0.0007071625539831195	2834.215381780806	1414.102025577376
0.01890377697539508	0.0007157286383567908	0.00143658581786336	0.0007147055678709542	2804.366592444127	1399.177570392957
0.01900379695939188	0.0007233335088391907	0.001451905186629478	0.000722288597747584	2774.987860981947	1384.488143822903
0.01910381694338868	0.0007309787434050987	0.001467307035384353	0.0007299116436130088	2746.069369079307	1370.028836709706
0.01920383692738548	0.0007386643457417272	0.001482791390180078	0.0007375747054672281	2717.601553438929	1355.794867404698
0.01930385691138228	0.0007463903195559283	0.001498358277210073	0.0007452777833102425	2689.575097873817	1341.781577814352
0.01940387689537908	0.0007541566685741964	0.001514007722809147	0.0007530208771420519	2661.980925684442	1327.984429588872
0.01950389687937587	0.0007619633965426745	0.001529739753453583	0.0007608039869626559	2634.810192308851	1314.399000447253
0.01960391686337267	0.0007698105072271583	0.001545554395761204	0.0007686271127720551	2608.054278234609	1301.020980633246
0.01970393684736947	0.0007776980044131	0.00156145167649145	0.000776490254570249	2581.704782161953	1287.846169496941
0.01980395683136627	0.0007856258919056138	0.001577431622545448	0.0007843934123572376	2555.753514408046	1274.870472196888
0.01990397681536307	0.0007935941735294802	0.001593494260966094	0.0007923365861330214	2530.19249054265	1262.089896517936
0.02000399679935987	0.0008016028531291504	0.001609639618938118	0.0008003197758976	2505.01392524599	1249.50054980017
0.02010401678335667	0.0008096519345687509	0.001625867723788166	0.0008083429816509734	2480.210226380004	1237.098635974525
0.02020403676735347	0.0008177414217320889	0.001642178602984874	0.0008164062033931417	2455.773989264511	1224.880452700882
0.02030405675135027	0.0008258713185226562	0.001658572284138947	0.0008245094411241051	2431.697991150288	1212.842388604596
0.02040407673534707	0.0008340416288636335	0.001675048795003225	0.0008326526948438629	2407.975185881306	1200.980920607622
0.02050409671934387	0.0008422523566978973	0.001691608163472776	0.000840835964552416	2384.598698738804	1189.292611350548
0.02060411670334067	0.0008505035059880218	0.001708250417584956	0.0008490592502497639	2361.56182146013	1177.774106702017
0.02070413668733747	0.0008587950807162858	0.001724975585519501	0.0008573225519359065	2338.858007425616	1166.422133352162
0.02080415667133427	0.000867127084884677	0.001741783695598599	0.0008656258696108441	2316.480867007046	1155.233496486843
0.02090417665533107	0.000875499522514896	0.001758674776286965	0.0008739692032745767	2294.424163071539	1144.205077539589
0.02100419663932786	0.0008839123976483619	0.001775648856191924	0.0008823525529271039	2272.681806634952	1133.333832018295
0.02110421662332466	0.0008923657143462177	0.001792705964063493	0.0008907759185684262	2251.247852659129	1122.61678740385
0.02120423660732147	0.0009008594766893341	0.001809846128794454	0.0008992393001985435	2230.116495987601	1112.051041117987
0.02130425659131826	0.0009093936887783148	0.001827069379420438	0.0009077426978174552	2209.282067414531	1101.633758557756
0.02140427657531506	0.0009179683547335025	0.001844375745120007	0.0009162861114251623	2188.739029881954	1091.362171194139
0.02150429655931186	0.0009265834786949819	0.001861765255214731	0.0009248695410216641	2168.481974800528	1081.233574732435
0.02160431654330866	0.0009352390648225859	0.001879237939169268	0.0009334929866069605	2148.505618489252	1071.245327332108
0.02170433652730546	0.000943935117295902	0.001896793826591456	0.0009421564481810521	2128.804798729755	1061.394847883939
0.02180435651130226	0.0009526716403142738	0.00191443294723238	0.0009508599257439386	2109.374471430985	1051.67961434237
0.02190437649529906	0.0009614486380968094	0.001932155330986464	0.0009596034192956198	2090.209707400256	1042.097162111024
0.02200439647929586	0.0009702661148823853	0.001949961007891558	0.0009683869288360959	2071.305689216797	1032.645082479479
0.02210441646329266	0.0009791240749296513	0.001967850008129007	0.0009772104543653672	2052.657708204105	1023.321021109453
0.02220443644728946	0.0009880225225170351	0.001985822362023746	0.0009860739958834329	2034.261161497557	1014.122676568598
0.02230445643128626	0.0009969614619427503	0.002003878100044385	0.0009949775533902938	2016.111549203849	1005.047798910229
0.02240447641528306	0.001005940897524797	0.002022017252803285	0.00100392112688595	1998.204471649019	996.0941882973293
0.02250449639927985	0.001014960833600971	0.002040239851056647	0.0010129047163704	1980.535626711878	987.2596936692702
0.02260451638327666	0.001024021274528868	0.002058545925704603	0.001021928321843645	1963.100807239869	978.5422114497377
0.02270453636727346	0.001033122224685888	0.002076935507791291	0.001030991943305686	1945.89589854442	969.9396842944127
0.02280455635127025	0.00104226368846924	0.002095408628504947	0.001040095580756521	1928.916875973048	961.4500998770161
0.02290457633526705	0.001051445670295951	0.002113965319177998	0.001049239234196151	1912.15980255548	953.0714897123778
0.02300459631926385	0.001060668174602867	0.002132605611287135	0.001058422903624576	1895.620826721296	944.8019280152513
0.02310461630326065	0.001069931205846659	0.002151329536453409	0.001067646589041796	1879.296180086558	936.639530593632
0.02320463628725745	0.001079234768503832	0.00217013712644232	0.00107691029044781	1863.182175307083	928.5824537753939
0.02330465627125425	0.001088578867070728	0.0021890284131639	0.00108621400784262	1847.275203996084	920.6288933671055
0.02340467625525105	0.001097963506063528	0.002208003428672804	0.001095557741226225	1831.571734703948	912.7770836439258
0.02350469623924785	0.001107388690018266	0.002227062205168402	0.001104941490598624	1816.068310958083	905.0252963695211
0.02360471622324465	0.001116854423490825	0.002246204774994862	0.001114365255959818	1800.761549360764	897.371839844994
0.02370473620724145	0.001126360711056949	0.002265431170641244	0.001123829037309807	1785.648137743063	889.8150579858428
0.02380475619123825	0.001135907557312246	0.002284741424741593	0.001133332834648591	1770.724833372933	882.3533294260081
0.02390477617523505	0.001145494966872195	0.002304135570075022	0.00114287664797617	1755.988461215694	874.9850666481119
0.02400479615923184	0.001155122944372149	0.002323613639565809	0.001152460477292544	1741.435912245124	867.7087151390069
0.02410481614322865	0.001164791494467344	0.002343175666283486	0.001162084322597713	1727.06414180352	860.5227525698043
0.02420483612722545	0.001174500621832901	0.002362821683442932	0.001171748183891676	1712.870168009088	853.4256879995696
0.02430485611122224	0.001184250331163834	0.002382551724404467	0.001181452061174434	1698.851070209123	846.4160611019121
0.02440487609521904	0.001194040627175058	0.00240236582267394	0.001191195954445988	1685.00398747746	839.4924414137126
0.02450489607921584	0.001203871514601388	0.002422264011902824	0.001200979863706336	1671.326117154789	832.6534276052777
0.02460491606321264	0.001213742998197551	0.002442246325888315	0.001210803788955479	1657.8147134304	825.8976467712142
0.02470493604720944	0.001223655082738188	0.002462312798573414	0.001220667730193417	1644.467085964049	819.2237537413628
0.02480495603120624	0.001233607773017864	0.002482463464047037	0.00123057168742015	1631.280598546649	812.6304304111407
0.02490497601520304	0.001243601073851068	0.002502698356544094	0.001240515660635677	1618.252667798528	806.1163850906728
0.02500499599919984	0.001253634990072225	0.002523017510445596	0.00125049964984	1605.380761904058	799.6803518721089
0.02510501598319664	0.001263709526535695	0.002543420960278746	0.001260523655033118	1592.662399381529	793.3210900145521
0.02520503596719344	0.001273824688115786	0.002563908740717033	0.00127058767621503	1580.095147887086	787.0373833460382
0.02530505595119024	0.001283980479706756	0.002584480886580331	0.001280691713385737	1567.676623051727	780.8280396820259
0.02540507593518704	0.001294176906222818	0.002605137432834999	0.001290835766545239	1555.404487350271	774.6918902598859
0.02550509591918384	0.001304413972598148	0.002625878414593971	0.001301019835693536	1543.276449001318	768.6277891888782
0.02560511590318064	0.001314691683786892	0.00264670386711686	0.001311243920830628	1531.290260897227	762.6346129151428
0.02570513588717744	0.00132501004476317	0.002667613825810051	0.001321508021956515	1519.443719563184	756.7112597012339
0.02580515587117423	0.00133536906052108	0.002688608326226805	0.001331812139071196	1507.734664144461	750.8566491197465
0.02590517585517103	0.001345768736074711	0.002709687404067356	0.001342156272174673	1496.160975420983	745.0697215606029
0.02600519583916783	0.001356209076458141	0.002730851095179006	0.001352540421266944	1484.720574848383	739.3494377515798
0.02610521582316463	0.001366690086725449	0.002752099435556231	0.00136296458634801	1473.411423624726	733.6947782916693
0.02620523580716143	0.001377211771950719	0.002773432461340779	0.001373428767417871	1462.231521782116	728.1047431968825
0.02630525579115823	0.001387774137228043	0.002794850208821768	0.001383932964476527	1451.178907302438	722.5783514581213
0.02640527577515503	0.001398377187671534	0.002816352714435791	0.001394477177523978	1440.251655256502	717.1146406107496
0.02650529575915183	0.001409020928415328	0.002837940014767015	0.001405061406560224	1429.447876965878	711.7126663155115
0.02660531574314863	0.001419705364613589	0.002859612146547287	0.001415685651585265	1418.765719186755	706.3715019504607
0.02670533572714543	0.001430430501440517	0.002881369146656226	0.0014263499125991	1408.203363315152	701.0902382135646
0.02680535571114223	0.001441196344090358	0.002903211052121342	0.00143705418960173	1397.759024612847	695.8679827356706
0.02690537569513903	0.001452002897777402	0.002925137900118123	0.001447798482593156	1387.430951453415	690.7038597035253
0.02700539567913583	0.001462850167735996	0.002947149727970148	0.001458582791573376	1377.217424587781	685.5970094925488
0.02710541566313263	0.001473738159220548	0.002969246573149191	0.001469407116542391	1367.116756428698	680.5465883090753
0.02720543564712943	0.001484666877505536	0.002991428473275318	0.001480271457500201	1357.127290353615	675.5517678417874
0.02730545563112623	0.001495636327885508	0.003013695466117003	0.001491175814446806	1347.247400025382	670.6117349220679
0.02740547561512302	0.001506646515675095	0.003036047589591224	0.001502120187382205	1337.475488730281	665.725691193015
0.02750549559911982	0.001517697446209015	0.003058484881763571	0.0015131045763064	1327.809988732873	660.8928527868667
0.02760551558311663	0.001528789124842079	0.003081007380848356	0.00152412898121939	1318.249360647179	656.1124500105911
0.02770553556711342	0.001539921556949199	0.003103615125208715	0.001535193402121174	1308.792092823729	651.3837270394089
0.02780555555111022	0.001551094747925392	0.00312630815335672	0.001546297839011753	1299.436700752	646.7059416180166
0.02790557553510702	0.001562308703185789	0.003149086503953478	0.001557442291891127	1290.181726477844	642.0783647692963
0.02800559551910382	0.001573563428165641	0.00317195021580925	0.001568626760759296	1281.025738035433	637.5002805102908
0.02810561550310062	0.001584858928320326	0.003194899327883549	0.00157985124561626	1271.96732889334	632.9709855752434
0.02820563548709742	0.001596195209125352	0.003217933879285258	0.001591115746462019	1263.005117414348	628.4897891455007
0.02830565547109422	0.001607572276076369	0.003241053909272725	0.001602420263296572	1254.137746328583	624.0560125860829
0.02840567545509102	0.001618990134689174	0.003264259457253897	0.001613764796119921	1245.36388221963	619.6689891887372
0.02850569543908782	0.001630448790499716	0.003287550562786403	0.001625149344932064	1236.682215023228	615.3280639212901
0.02860571542308462	0.001641948249064102	0.003310927265577678	0.001636573909733002	1228.091457538233	611.0325931831238
0.02870573540708142	0.00165348851595861	0.003334389605485078	0.001648038490522735	1219.590344949468	606.7819445666063
0.02880575539107822	0.001665069596779686	0.00335793762251598	0.001659543087301264	1211.177634362169	602.5754966243103
0.02890577537507501	0.00167669149714396	0.003381571356827903	0.001671087700068586	1202.852104347674	598.4126386418601
0.02900579535907181	0.001688354222688248	0.003405290848728617	0.001682672328824704	1194.612554500067	594.292770416252
0.02910581534306862	0.001700057779069559	0.003429096138676252	0.001694296973569617	1186.457805003462	590.2153020394987
0.02920583532706541	0.001711802171965103	0.003452987267279416	0.001705961634303324	1178.386696209653	586.1796536874508
0.02930585531106221	0.0017235874070723	0.003476964275297309	0.001717666311025827	1170.398088225821	582.1852554136541
0.02940587529505901	0.00173541349010878	0.003501027203639832	0.001729411003737124	1162.490860512061	578.2315469481094
0.02950589527905581	0.001747280426812398	0.003525176093367703	0.001741195712437216	1154.663911488421	574.3179775007964
0.02960591526305261	0.001759188222941238	0.00354941098569258	0.001753020437126103	1146.91615815124	570.4440055698366
0.02970593524704941	0.001771136884273617	0.003573731921977161	0.001764885177803785	1139.246535698493	566.6090987541724
0.02980595523104621	0.001783126416608096	0.003598138943735312	0.001776789934470262	1131.653997163939	562.8127335706364
0.02990597521504301	0.001795156825763486	0.003622632092632177	0.001788734707125533	1124.137513059806	559.0543952752967
0.03000599519903981	0.001807228117578855	0.0036472114104843	0.0018007194957696	1116.69607102781	555.3335776889644
0.03010601518303661	0.001819340297913532	0.003671876939259735	0.001812744300402461	1109.328675498271	551.6497830267524
0.03020603516703341	0.001831493372647121	0.003696628721078168	0.001824809121024118	1102.034347357118	548.0025217315775
0.03030605515103021	0.001843687347679503	0.003721466798211036	0.001836913957634569	1094.812123620569	544.3913123115032
0.030406075135027	0.001855922228930842	0.003746391213081636	0.001849058810233815	1087.661057117306	540.8156811808215
0.03050609511902381	0.001868198022341597	0.003771402008265262	0.001861243678821856	1080.58021617791	537.2751625047761
0.03060611510302061	0.001880514733872529	0.003796499226489305	0.001873468563398692	1073.568684331406	533.769298047832
0.0307061350870174	0.001892872369504699	0.00382168291063338	0.001885733463964322	1066.625560008709	530.2976370253987
0.0308061550710142	0.001905270935239491	0.003846953103729454	0.001898038380518748	1059.7499562528	526.859735958918
0.030906175055011	0.001917710437098605	0.003872309848961955	0.001910383313061969	1052.941000435453	523.4551585342298
0.0310061950390078	0.001930190881124071	0.003897753189667891	0.001922768261593984	1046.197833980358	520.0834754631301
0.0311062150230046	0.001942712273378258	0.003923283169336989	0.001935193226114794	1039.519612092454	516.7442643480402
0.0312062350070014	0.001955274619943876	0.003948899831611802	0.0019476582066244	1032.905503493336	513.4371095497082
0.0313062549909982	0.001967877926923987	0.003974603220287828	0.001960163203122799	1026.354690162557	510.1616020578631
0.031406274974995	0.001980522200442014	0.004000393379313647	0.001972708215609994	1019.866367084705	506.917339364749
0.0315062949589918	0.001993207446641743	0.004026270352791031	0.001985293244085984	1013.439742002075	503.7039253414643
0.0316063149429886	0.002005933671687337	0.004052234184975083	0.001997918288550769	1007.07403517282	500.5209701170365
0.03170633492698539	0.002018700881763335	0.004078284920274337	0.002010583349004348	1000.768479134434	497.3680899601629
0.03180635491098219	0.002031509083074672	0.004104422603250914	0.002023288425446722	994.5223184724289	494.2449071635497
0.03190637489497899	0.002044358281846674	0.004130647278620612	0.002036033517877892	988.3348095940837	491.1510499307869
0.0320063948789758	0.002057248484325072	0.004156958991253062	0.002048818626297856	982.205220507132	488.0861522656914
0.0321064148629726	0.002070179696776011	0.004183357786171836	0.002061643750706615	976.1328306032719	485.0498538640618
0.0322064348469694	0.002083151925486052	0.004209843708554584	0.002074508891104169	970.1169304463705	482.0418000077813
0.03230645483096619	0.002096165176762185	0.004236416803733141	0.002087414047490517	964.1568215652528	479.0616414612122
0.03240647481496299	0.002109219456931835	0.004263077117193688	0.002100359219865661	958.251816250962	476.1090343698255
0.03250649479895979	0.002122314772342868	0.004289824694576843	0.0021133444082296	952.4012373583795	473.1836401610111
0.03260651478295659	0.0021354511293636	0.00431665958167782	0.002126369612582333	946.6044181120968	470.2851254470135
0.03270653476695339	0.002148628534382807	0.004343581824446532	0.002139434832923862	940.8607019164344	467.4131619299422
0.03280655475095019	0.00216184699380973	0.004370591468987742	0.002152540069254185	935.1694421695169	464.5674263088079
0.03290657473494699	0.00217510651407408	0.00439768856156117	0.002165685321573303	929.5300020812875	461.7476001885312
0.03300659471894379	0.002188407101626056	0.00442487314858165	0.002178870589881216	923.9417544953857	458.9533699908797
0.03310661470294059	0.002201748762936342	0.004452145276619234	0.002192095874177924	918.4040817147802	456.1844268672867
0.03320663468693739	0.00221513150449612	0.004479504992399341	0.002205361174463427	912.9163753310785	453.4404666135034
0.03330665467093419	0.002228555332817077	0.004506952342802878	0.002218666490737725	907.4780360574124	450.7211895860436
0.03340667465493099	0.002242020254431413	0.004534487374866375	0.002232011823000817	902.0884735648251	448.0263006203771
0.03350669463892778	0.002255526275891851	0.004562110135782119	0.002245397171252704	896.7471063220726	445.3555089508292
0.03360671462292458	0.002269073403771642	0.004589820672898291	0.002258822535493386	891.4533614387533	442.7085281321465
0.03370673460692138	0.002282661644664574	0.004617619033719085	0.002272287915722863	886.2066745116957	440.0850759626905
0.03380675459091818	0.00229629100518498	0.004645505265904847	0.002285793311941135	881.0064894745208	437.4848744092189
0.03390677457491498	0.002309961491967748	0.004673479417272229	0.002299338724148203	875.8522584503048	434.9076495332167
0.03400679455891178	0.002323673111668325	0.004701541535794287	0.002312924152344065	870.7434416072743	432.3531314187438
0.03410681454290858	0.002337425870962729	0.004729691669600646	0.00232654959652872	865.6795070174563	429.8210541017604
0.03420683452690538	0.002351219776547557	0.004757929866977624	0.002340215056702172	860.659930518217	427.3111555008961
0.03430685451090218	0.002365054835139991	0.004786256176368367	0.002353920532864419	855.6841955766251	424.8231773496315
0.03440687449489898	0.002378931053477807	0.004814670646372989	0.00236766602501546	850.7517931565704	422.3568651298573
0.03450689447889578	0.002392848438319384	0.004843173325748702	0.002381451533155296	845.8622215885698	419.9119680067784
0.03460691446289258	0.002406806996443711	0.004871764263409965	0.002395277057283928	841.0149864422112	417.488238765134
0.03470693444688937	0.002420806734650397	0.004900443508428607	0.002409142597401352	836.2096004011613	415.0854337467034
0.03480695443088618	0.00243484765975968	0.004929211110033984	0.002423048153507574	831.4455831406839	412.7033127890639
0.03490697441488298	0.002448929778612429	0.004958067117613095	0.002436993725602589	826.7224612076175	410.3416391655799
0.03500699439887978	0.002463053098070162	0.004987011580710739	0.0024509793136864	822.0397679027411	408.0001795265861
0.03510701438287658	0.002477217625015049	0.005016044549029649	0.002465004917759006	817.3970431654895	405.6787038417447
0.03520703436687338	0.002491423366349917	0.005045166072430625	0.002479070537820406	812.7938334609546	403.3769853435466
0.03530705435087017	0.002505670328998266	0.005074376200932689	0.0024931761738706	808.2296916691255	401.0948004719307
0.03540707433486697	0.002519958519904276	0.005103674984713212	0.002507321825909591	803.7041769763136	398.8319288199975
0.03550709431886377	0.002534287946032809	0.005133062474108068	0.002521507493937376	799.2168547687205	396.5881530807919
0.03560711430286057	0.002548658614369425	0.00516253871961176	0.002535733177953956	794.76729652809	394.36325899513
0.03570713428685737	0.002563070531920386	0.005192103771877577	0.002549998877959331	790.3550797294068	392.157035300448
0.03580715427085417	0.002577523705712667	0.005221757681717735	0.0025643045939535	785.9797877405908	389.9692736806497
0.03590717425485097	0.002592018142793962	0.005251500500103505	0.002578650325936464	781.641009724147	387.7997687169312
0.03600719423884777	0.002606553850232699	0.005281332278165383	0.002593036073908224	777.338340540721	385.6483178395587
0.03610721422284457	0.002621130835118041	0.005311253067193211	0.002607461837868778	773.071380654527	383.5147212805826
0.03620723420684137	0.002635749104559897	0.005341262918636333	0.002621927617818127	768.8397360405982	381.3987820274625
0.03630725419083817	0.002650408665688934	0.005371361884103734	0.002636433413756272	764.643018093824	379.3003057775865
0.03640727417483497	0.002665109525656583	0.005401550015364196	0.002650979225683211	760.4808435397368	377.2191008936631
0.03650729415883177	0.002679851691635045	0.005431827364346432	0.002665565053598945	756.352834347003	375.1549783599684
0.03660731414282856	0.002694635170817307	0.00546219398313924	0.002680190897503472	752.2586176415889	373.1077517394279
0.03670733412682536	0.002709459970417146	0.005492649923991651	0.002694856757396796	748.1978256225592	371.0772371315163
0.03680735411082216	0.002724326097669136	0.005523195239313074	0.002709562633278915	744.1700954794779	369.0632531309575
0.03690737409481896	0.002739233559828664	0.005553829981673436	0.002724308525149828	740.1750693113697	367.0656207872063
0.03700739407881577	0.002754182364171929	0.005584554203803345	0.002739094433009536	736.2123940472175	365.0841635646954
0.03710741406281257	0.002769172517995962	0.005615367958594237	0.00275392035685804	732.2817213679527	363.1187073038324
0.03720743404680936	0.002784204028618623	0.005646271299098507	0.002768786296695337	728.3827076299165	361.1690801827292
0.03730745403080616	0.002799276903378624	0.005677264278529687	0.002783692252521429	724.5150137897512	359.2351126796484
0.03740747401480296	0.002814391149635525	0.005708346950262573	0.002798638224336317	720.6783053306982	357.316637536152
0.03750749399879976	0.00282954677476975	0.005739519367833393	0.00281362421214	716.8722521902707	355.4134897209372
0.03760751398279656	0.002844743786182594	0.005770781584939947	0.002828650215932478	713.0965286892673	353.5255063943441
0.03770753396679336	0.002859982191296233	0.005802133655441758	0.00284371623571375	709.3508134621045	351.6525268735219
0.03780755395079016	0.002875261997553732	0.005833575633360234	0.002858822271483817	705.6347893884393	349.7943925982391
0.03790757393478696	0.002890583212419058	0.005865107572878816	0.002873968323242679	701.9481435260478	347.9509470973246
0.03800759391878376	0.002905945843377082	0.005896729528343133	0.002889154390990336	698.2905670449455	346.1220359557257
0.03810761390278056	0.002921349897933595	0.005928441554261147	0.002904380474726788	694.6617551627102	344.3075067821715
0.03820763388677736	0.002936795383615313	0.00596024370530332	0.002919646574452035	691.0614070809911	342.5072091774265
0.03830765387077416	0.002952282307969889	0.005992136036302759	0.002934952690166077	687.4892259231788	340.7209947031255
0.03840767385477095	0.002967810678565918	0.006024118602255376	0.002950298821868912	683.9449186732063	338.9487168511746
0.03850769383876775	0.002983380502992957	0.00605619145832005	0.002965684969560544	680.4281961154628	337.1902310137075
0.03860771382276455	0.002998991788861517	0.006088354659818767	0.00298111113324097	676.9387727757977	335.445394453588
0.03870773380676135	0.003014644543803089	0.006120608262236794	0.002996577312910192	673.4763668635865	333.7140662754428
0.03880775379075815	0.003030338775470144	0.006152952321222819	0.003012083508568208	670.0407002148437	331.9961073972181
0.03890777377475495	0.003046074491536146	0.006185386892589126	0.003027629720215019	666.6314982363567	330.291380522246
0.03900779375875175	0.003061851699695558	0.006217912032311737	0.003043215947850624	663.2484898508219	328.5997501118133
0.03910781374274855	0.003077670407663857	0.00625052779653059	0.003058842191475025	659.8914074429595	326.9210823582185
0.03920783372674535	0.003093530623177539	0.006283234241549679	0.00307450845108822	656.559986806594	325.2552451583116
0.03930785371074215	0.00310943235399413	0.006316031423837222	0.003090214726690211	653.2539670926703	323.6021080875033
0.03940787369473895	0.003125375607892195	0.006348919400025827	0.003105961018280996	649.973090758197	321.9615423742353
0.03950789367873575	0.003141360392671349	0.006381898226912638	0.003121747325860577	646.7171035160895	320.3334208749033
0.03960791366273254	0.003157386716152263	0.006414967961459505	0.003137573649428951	643.4857542859025	318.717618049222
0.03970793364672934	0.003173454586176683	0.006448128660793155	0.003153439988986121	640.2787951454267	317.1140099360239
0.03980795363072615	0.003189564010607425	0.006481380382205336	0.003169346344532086	637.095981283138	315.5224741294841
0.03990797361472295	0.003205714997328398	0.006514723183152993	0.003185292716066846	633.9370709514779	313.9428897557603
0.04000799359871975	0.003221907554244607	0.006548157121258418	0.0032012791035904	630.8018254209529	312.3751374500425
0.04010801358271655	0.003238141689282163	0.006581682254309431	0.00321730550710275	627.6900089350318	310.8190993340016
0.04020803356671334	0.003254417410388294	0.006615298640259528	0.003233371926603894	624.6013886658289	309.2746589936314
0.04030805355071014	0.003270734725531359	0.00664900633722806	0.003249478362093833	621.5357346705553	307.7417014574734
0.04040807353470694	0.003287093642700848	0.006682805403500386	0.003265624813572567	618.4928198487245	306.2201131752205
0.04050809351870374	0.003303494169907401	0.006716695897528041	0.003281811281040096	615.472419900095	304.7097819966883
0.04060811350270054	0.003319936315182812	0.00675067787792891	0.00329803776449642	612.4743132833408	303.210597151149
0.04070813348669734	0.003336420086580044	0.006784751403487384	0.003314304263941539	609.4982811754272	301.7224492270209
0.04080815347069414	0.003352945492173233	0.006818916533154536	0.003330610779375452	606.5441074316859	300.2452301519056
0.04090817345469094	0.003369512540057705	0.006853173326048284	0.00334695731079816	603.6115785465715	298.7788331729653
0.04100819343868774	0.00338612123834998	0.006887521841453558	0.003363343858209664	600.7004836150877	297.3231528376371
0.04110821342268454	0.003402771595187783	0.006921962138822471	0.003379770421609962	597.8106142948695	295.8780849746734
0.04120823340668134	0.003419463618730058	0.006956494277774493	0.003396237000999056	594.9417647689081	294.4435266755042
0.04130825339067814	0.003436197317156974	0.006991118318096607	0.003412743596376944	592.0937317089074	293.0193762759164
0.04140827337467493	0.003452972698669936	0.007025834319743492	0.003429290207743626	589.2663142392599	291.6055333380406
0.04150829335867173	0.003469789771491597	0.007060642342837691	0.003445876835099104	586.4593139016283	290.2018986326422
0.04160831334266853	0.003486648543865867	0.00709554244766978	0.003462503478443377	583.6725346201237	288.8083741217109
0.04170833332666533	0.00350354902405792	0.00713053469469853	0.003479170137776445	580.9057826670664	287.4248629413407
0.04180835331066213	0.003520491220354212	0.007165619144551108	0.003495876813098307	578.1588666293204	286.0512693848973
0.04190837329465893	0.003537475141062482	0.007200795858023212	0.003512623504408965	575.4315973751882	284.6874988864656
0.04200839327865573	0.003554500794511767	0.007236064896079275	0.003529410211708416	572.7237880218596	283.3334580045737
0.04210841326265253	0.003571568189052417	0.007271426319852625	0.003546236934996663	570.0352539033966	281.9890544061859
0.04220843324664933	0.003588677333056095	0.007306880190645659	0.003563103674273705	567.3658125392539	280.6541968509625
0.04230845323064613	0.003605828234915795	0.007342426569930022	0.003580010429539542	564.7152836033149	279.3287951757781
0.04240847321464293	0.003623020903045851	0.007378065519346773	0.003596957200794174	562.083488893442	278.0127602794967
0.04250849319863973	0.003640255345881944	0.00741379710070658	0.003613943988037601	559.4702523015262	276.7060041079961
0.04260851318263652	0.003657531571881116	0.007449621375989872	0.003630970791269821	556.8753997840278	275.4084396394389
0.04270853316663333	0.003674849589521782	0.007485538407347036	0.003648037610490837	554.2987593329998	274.1199808697838
0.04280855315063013	0.003692209407303735	0.00752154825709859	0.003665144445700649	551.7401609475863	272.8405427985348
0.04290857313462693	0.003709611033748159	0.007557650987735341	0.003682291296899255	549.1994366059834	271.5700414147217
0.04300859311862373	0.003727054477397644	0.007593846661918602	0.003699478164086657	546.6764202378558	270.3083936831086
0.04310861310262053	0.003744539746816189	0.007630135342480322	0.003716705047262852	544.1709476972029	269.055517530627
0.04320863308661732	0.003762066850589214	0.007666517092423309	0.003733971946427842	541.6828567356631	267.8113318330269
0.04330865307061412	0.003779635797323582	0.0077029919749214	0.003751278861581628	539.2119869762475	266.5757564017452
0.04340867305461092	0.003797246595647592	0.007739560053319614	0.003768625792724209	536.7581798874998	265.3487119709847
0.04350869303860772	0.003814899254211001	0.007776221391134365	0.003786012739855584	534.3212787580691	264.1301201850009
0.04360871302260452	0.003832593781685032	0.007812976052053631	0.003803439702975754	531.9011286716919	262.9199035855925
0.04370873300660132	0.003850330186762386	0.007849824099937135	0.00382090668208472	529.4975764825734	261.7179855997926
0.04380875299059812	0.003868108478157248	0.007886765598816521	0.003838413677182479	527.1104707911622	260.5242905277559
0.04390877297459492	0.003885928664605306	0.007923800612895566	0.003855960688269034	524.7396619203115	259.3387435308389
0.04400879295859172	0.003903790754863754	0.007960929206550317	0.003873547715344384	522.3850018918174	258.1612706198699
0.04410881294258852	0.003921694757711308	0.007998151444329327	0.003891174758408529	520.0463444033319	256.9917986436042
0.04420883292658532	0.003939640681948212	0.008035467390953789	0.003908841817461469	517.7235448056377	255.8302552773632
0.04430885291058212	0.003957628536396255	0.00807287711131776	0.003926548892503203	515.4164600802848	254.6765690118512
0.04440887289457891	0.003975658329898776	0.008110380670488328	0.003944295983533731	513.1249488175775	253.5306691421496
0.04450889287857571	0.003993730071320681	0.00814797813370581	0.003962083090553055	510.8488711949078	252.3924857568832
0.04460891286257251	0.004011843769548451	0.008185669566383922	0.003979910213561175	508.5880889554273	251.2619497275573
0.04470893284656931	0.004029999433490146	0.008223455034109973	0.003997777352558089	506.3424653870573	250.1389926980607
0.04480895283056611	0.004048197072075433	0.008261334602645068	0.004015684507543798	504.1118653018179	249.0235470743323
0.04490897281456292	0.004066436694255579	0.008299308337924272	0.004033631678518302	501.8961550154889	247.9155460141904
0.04500899279855971	0.004084718309003472	0.008337376306056816	0.004051618865481599	499.6952023275792	246.8149234173175
0.04510901278255651	0.004103041925313636	0.008375538573326286	0.004069646068433693	497.5088765016102	245.7216139154026
0.04520903276655331	0.004121407552202227	0.008413795206190795	0.004087713287374581	495.3370482457042	244.6355528624344
0.04530905275055011	0.004139815198707062	0.0084521462712832	0.004105820522304265	493.1795896934705	243.5566763251456
0.04540907273454691	0.004158264873887618	0.008490591835411272	0.004123967773222744	491.0363743851885	242.4849210736032
0.04550909271854371	0.004176756586825044	0.008529131965557888	0.004142155040130016	488.9072772492779	241.4202245719444
0.04560911270254051	0.004195290346622181	0.008567766728881251	0.004160382323026083	486.7921745840541	240.362524969254
0.04570913268653731	0.004213866162403568	0.008606496192715045	0.004178649621910946	484.6909440397609	239.3117610905813
0.04580915267053411	0.00423248404331545	0.008645320424568653	0.004196956936784604	482.603464600882	238.2678724280944
0.04590917265453091	0.004251143998525793	0.008684239492127332	0.004215304267647057	480.5296165687159	237.2307991323698
0.04600919263852771	0.004269846037224295	0.008723253463252431	0.004233691614498304	478.4692815442214	236.2004820038128
0.04610921262252451	0.004288590168622398	0.008762362405981564	0.004252118977338347	476.4223424111181	235.17686248421
0.0462092326065213	0.0043073764019533	0.008801566388528817	0.004270586356167183	474.3886833192473	234.159882648408
0.0463092525905181	0.004326204746471963	0.008840865479284947	0.004289093750984815	472.3681896681812	233.1494851961189
0.0464092725745149	0.004345075211455127	0.008880259746817562	0.004307641161791242	470.3607480910803	232.1456134438485
0.0465092925585117	0.004363987806201326	0.008919749259871336	0.004326228588586464	468.3662464387925	231.1482113169467
0.0466093125425085	0.004382942540030888	0.008959334087368201	0.004344856031370481	466.3845737641934	230.1572233417764
0.0467093325265053	0.004401939422285958	0.008999014298407527	0.004363523490143293	464.4156203067568	229.172594638
0.0468093525105021	0.004420978462330503	0.009038789962266354	0.004382230964904898	462.4592774773603	228.1942709109815
0.0469093724944989	0.00444005966955033	0.00907866114839957	0.0044009784556553	460.5154378433139	227.2221984443006
0.0470093924784957	0.004459183053353089	0.009118627926440118	0.004419765962394496	458.5839951136143	226.2563240923803
0.0471094124624925	0.004478348623168291	0.009158690366199177	0.004438593485122488	456.6648441244143	225.2965952732218
0.0472094324464893	0.00449755638844732	0.009198848537666397	0.004457461023839274	454.7578808247121	224.3429599612485
0.0473094524304861	0.004516806358663439	0.009239102511010074	0.004476368578544854	452.8630022622488	223.3953666802551
0.04740947241448289	0.004536098543311808	0.009279452356577357	0.004495316149239229	450.9801065696144	222.4537644964607
0.04750949239847969	0.004555432951909497	0.009319898144894465	0.004514303735922399	449.1090929505595	221.5181030116645
0.04760951238247649	0.004574809593995489	0.00936043994666687	0.004533331338594365	447.2498616665079	220.588332356502
0.0477095323664733	0.004594228479130698	0.009401077832779508	0.004552398957255126	445.4023140232658	219.6644031837999
0.0478095523504701	0.004613689616897984	0.009441811874296989	0.004571506591904681	443.5663523579263	218.746266662028
0.0479095723344669	0.004633193016902157	0.00948264214246379	0.004590654242543031	441.7418800259649	217.8338744688473
0.04800959231846369	0.004652738688769995	0.009523568708704484	0.004609841909170176	439.9288013885237	216.9271787847517
0.04810961230246049	0.004672326642150255	0.009564591644623907	0.004629069591786115	438.1270217998785	216.026132286802
0.04820963228645729	0.004691956886713685	0.009605711022007404	0.00464833729039085	436.3364475950895	215.1306881424511
0.04830965227045409	0.004711629432153033	0.009646926912821015	0.00466764500498438	434.5569860778311	214.2408000034584
0.04840967225445089	0.004731344288183063	0.00968823938921168	0.004686992735566705	432.7885455083958	213.3564219998924
0.04850969223844769	0.004751101464540565	0.00972964852350746	0.004706380482137825	431.0310350918717	212.4775087342195
0.04860971222244449	0.004770900970984366	0.009771154388217728	0.004725808244697738	429.2843649664918	211.604015275478
0.04870973220644129	0.00479074281729535	0.009812757056033407	0.004745276023246447	427.5484461921472	210.7358971535353
0.04880975219043809	0.004810627013276459	0.009854456599827154	0.004764783817783952	425.8231907390688	209.8731103534282
0.04890977217443489	0.004830553568752712	0.009896253092653571	0.00478433162831025	424.1085114766675	209.0156113097837
0.04900979215843169	0.004850522493571214	0.009938146607749429	0.004803919454825344	422.404322162536	208.1633569013194
0.04910981214242849	0.004870533797601173	0.009980137218533879	0.004823547297329233	420.7105374316058	207.316304445422
0.04920983212642528	0.004890587490733907	0.01002222499860865	0.004843215155821916	419.027072785459	206.4744116928036
0.04930985211042208	0.004910683582882862	0.01006441002175827	0.004862923030303394	417.3538445817913	205.6376368222326
0.04940987209441888	0.004930822083983618	0.01010669236195029	0.004882670920773668	415.6907700240252	204.8059384353407
0.04950989207841568	0.004951003003993907	0.01014907209333549	0.004902458827232736	414.0377671510681	203.9792755515021
0.04960991206241248	0.004971226352893622	0.01019154929024806	0.004922286749680599	412.3947548272166	203.1576076027852
0.04970993204640928	0.004991492140684829	0.01023412402720589	0.004942154688117257	410.7616527322018	202.3408944289754
0.04980995203040608	0.005011800377391784	0.01027679637891071	0.004962062642542709	409.1383813513747	201.5290962726682
0.04990997201440288	0.005032151073060941	0.01031956642024835	0.004982010612956957	407.5248619660287	200.7221737744298
0.05000999199839968	0.00505254423776097	0.01036243422628894	0.00500199859936	405.9210166438585	199.9200879680272
0.05011001198239648	0.005072979881582758	0.01040539987228712	0.005022026601751837	404.3267682295517	199.1228002757232
0.05021003196639328	0.005093458014639438	0.01044846343368231	0.00504209462013247	402.7420403355103	198.330272503638
0.05031005195039008	0.005113978647066388	0.01049162498609883	0.005062202654501897	401.166757332703	197.5424668371749
0.05041007193438687	0.005134541789021251	0.01053488460534622	0.005082350704860118	399.6008443416434	196.7593458365095
0.05051009191838367	0.005155147450683945	0.01057824236741939	0.005102538771207136	398.0442272234932	195.9808724321412
0.05061011190238048	0.005175795642256677	0.0106216983484989	0.005122766853542948	396.4968325712891	195.2070099205065
0.05071013188637728	0.005196486373963955	0.0106652526249511	0.005143034951867555	394.958587701289	194.4377219596528
0.05081015187037408	0.005217219656052601	0.01070890527332843	0.005163343066180956	393.4294206444397	193.6729725649715
0.05091017185437088	0.005237995498791764	0.01075265637036961	0.005183691196483153	391.9092601379597	192.9127261049895
0.05101019183836767	0.005258813912472932	0.01079650599299984	0.005204079342774144	390.3980356170385	192.1569472972195
0.05111021182236447	0.005279674907409946	0.01084045421833108	0.00522450750505393	388.8956772066496	191.4056012040656
0.05121023180636127	0.005300578493939016	0.01088450112366221	0.005244975683322511	387.4021157134745	190.6586532287857
0.05131025179035807	0.005321524682418727	0.01092864678647929	0.005265483877579888	385.9172826179373	189.9160691115093
0.05141027177435487	0.005342513483230053	0.01097289128445579	0.005286032087826058	384.4411100663486	189.1778149253085
0.05151029175835167	0.005363544906776381	0.0110172346954528	0.005306620314061024	382.9735308631539	188.4438570723227
0.05161031174234847	0.005384618963483506	0.01106167709751924	0.005327248556284784	381.514478463289	187.7141622799366
0.05171033172634527	0.005405735663799665	0.01110621856889213	0.00534791681449734	380.0638869646378	186.9886975970085
0.05181035171034207	0.005426895018195527	0.01115085918799679	0.00536862508869869	378.6216911005926	186.2674303901507
0.05191037169433887	0.005448097037164227	0.01119559903344707	0.005389373378888835	377.1878262327139	185.5503283400596
0.05201039167833567	0.005469341731221368	0.01124043818404557	0.005410161685067776	375.7622283434895	184.8373594378949
0.05211041166233247	0.005490629110905035	0.0112853767187839	0.005430990007235512	374.3448340291904	184.128491981708
0.05221043164632926	0.005511959186775808	0.01133041471684285	0.00545185834539204	372.935580492823	183.4236945729173
0.05231045163032606	0.005533331969416785	0.01137555225759271	0.005472766699537365	371.5344055371745	182.7229361128319
0.05241047161432286	0.005554747469433579	0.01142078942059341	0.005493715069671485	370.1412475579522	182.0261857992206
0.05251049159831966	0.005576205697454343	0.01146612628559481	0.0055147034557944	368.7560455370136	181.3334131229272
0.05261051158231646	0.005597706664129782	0.01151156293253691	0.005535731857906109	367.3787390356868	180.6445878645303
0.05271053156631327	0.005619250380133163	0.01155709944155008	0.005556800276006614	366.009268188179	179.9596800910485
0.05281055155031006	0.005640836856160326	0.01160273589295529	0.005577908710095912	364.6475736950734	179.2786601526874
0.05291057153430686	0.005662466102929709	0.01164847236726438	0.005599057160174006	363.2935968169102	178.6014986796317
0.05301059151830366	0.00568413813118235	0.01169430894518025	0.005620245626240896	361.9472793678547	177.9281665788779
0.05311061150230046	0.005705852951681902	0.01174024570759711	0.00564147410829658	360.6085637094468	177.25863503111
0.05321063148629726	0.005727610575214654	0.01178628273560074	0.005662742606341059	359.2773927444338	176.5928754876152
0.05331065147029406	0.005749411012589537	0.01183242011046866	0.005684051120374333	357.9537099106832	175.9308596672409
0.05341067145429085	0.005771254274638139	0.01187865791367044	0.0057053996503964	356.6374591751765	175.2725595533911
0.05351069143828766	0.005793140372214723	0.01192499622686792	0.005726788196407264	355.32858502808	174.6179473910623
0.05361071142228446	0.005815069316196236	0.01197143513191541	0.005748216758406922	354.0270324768944	173.9669956839176
0.05371073140628126	0.005837041117482324	0.01201797471085997	0.005769685336395375	352.7327470406796	173.3196771913999
0.05381075139027806	0.005859055786995348	0.01206461504594164	0.005791193930372624	351.4456747443546	172.6759649258813
0.05391077137427486	0.005881113335680392	0.01211135621959366	0.005812742540338667	350.1657621130725	172.0358321498508
0.05401079135827165	0.005903213774505282	0.01215819831444272	0.005834331166293503	348.8929561666664	171.3992523731372
0.05411081134226845	0.005925357114460602	0.01220514141330923	0.005855959808237136	347.6272044141692	170.766199350169
0.05421083132626525	0.005947543366559702	0.01225218559920752	0.005877628466169564	346.3684548484026	170.1366470772688
0.05431085131026205	0.005969772541838713	0.01229933095534611	0.005899337140090786	345.1166559406361	169.5105697899834
0.05441087129425885	0.005992044651356563	0.01234657756512794	0.005921085830000804	343.8717566353153	168.8879419604469
0.05451089127825565	0.00601435970619499	0.01239392551215061	0.005942874535899616	342.6337063448575	168.2687382947792
0.05461091126225245	0.006036717717458557	0.01244137488020664	0.005964703257787224	341.4024549445132	167.652933730517
0.05471093124624925	0.006059118696274664	0.01248892575328371	0.005986571995663625	340.1779527672947	167.0405034340772
0.05481095123024605	0.006081562653793566	0.01253657821556489	0.006008480749528822	338.9601505989683	166.4314227982537
0.05491097121424285	0.00610404960118838	0.0125843323514289	0.006030429519382813	337.7489996731104	165.8256674397457
0.05501099119823965	0.006126579549655107	0.01263218824545037	0.0060524183052256	336.5444516662279	165.2232131967167
0.05511101118223645	0.006149152510412641	0.01268014598240004	0.006074447107057182	335.3464586929379	164.6240361263856
0.05521103116623325	0.006171768494702784	0.01272820564724508	0.006096515924877558	334.1549733012108	164.0281125026478
0.05531105115023004	0.006194427513790264	0.01277636732514927	0.006118624758686728	332.969948467673	163.4354188137262
0.05541107113422684	0.006217129578962742	0.0128246311014733	0.006140773608484694	331.7913375929679	162.8459317598522
0.05551109111822364	0.006239874701530837	0.01287299706177498	0.006162962474271456	330.6190944971759	162.2596282509757
0.05561111110222045	0.006262662892828125	0.01292146529180951	0.006185191356047012	329.4531734152936	161.6764854045041
0.05571113108621725	0.006285494164211172	0.01297003587752974	0.006207460253811363	328.2935289927665	161.0964805430696
0.05581115107021405	0.006308368527059529	0.01301870890508641	0.006229769167564509	327.1401162810811	160.5195911923241
0.05591117105421084	0.00633128599277576	0.01306748446082839	0.006252118097306448	325.9928907334096	159.9457950787626
0.05601119103820764	0.006354246572785458	0.01311636263130297	0.006274507043037184	324.85180820031	159.3750701275727
0.05611121102220444	0.006377250278537246	0.01316534350325607	0.006296936004756714	323.7168249254806	158.807394460512
0.05621123100620124	0.006400297121502803	0.01321442716363254	0.00631940498246504	322.5878975415657	158.2427463938108
0.05631125099019804	0.006423387113176873	0.01326361369957637	0.00634191397616216	321.4649830660147	157.6811044361019
0.05641127097419484	0.006446520265077283	0.01331290319843096	0.006364462985848075	320.3480388969916	157.1224472863752
0.05651129095819164	0.006469696588744954	0.01336229574773941	0.006387052011522783	319.2370228093361	156.566753831958
0.05661131094218844	0.006492916095743925	0.01341179143524473	0.006409681053186288	318.1318929505734	156.0140031465207
0.05671133092618524	0.00651617879766135	0.01346139034889012	0.006432350110838588	317.0326078369751	155.4641744881063
0.05681135091018204	0.006539484706107531	0.01351109257681923	0.006455059184479683	315.9391263496664	154.9172472971843
0.05691137089417884	0.006562833832715919	0.01356089820737642	0.006477808274109573	314.8514077307823	154.3732011947294
0.05701139087817564	0.00658622618914314	0.01361080732910699	0.006500597379728257	313.7694115796713	153.8320159803225
0.05711141086217243	0.006609661787068999	0.0136608200307575	0.006523426501335735	312.693097849145	153.293671630276
0.05721143084616923	0.006633140638196505	0.01371093640127596	0.006546295638932009	311.6224268417731	152.758148295781
0.05731145083016603	0.00665666275425188	0.01376115652981215	0.006569204792517077	310.557359206225	152.2254263010785
0.05741147081416283	0.006680228146984573	0.01381148050571786	0.006592153962090942	309.497855933655	151.6954861416516
0.05751149079815963	0.006703836828167278	0.01386190841854712	0.006615143147653601	308.4438783541311	151.1683084824402
0.05761151078215643	0.006727488809595947	0.01391244035805654	0.006638172349205054	307.3953881331087	150.6438741560776
0.05771153076615323	0.006751184103089804	0.0139630764142055	0.006661241566745301	306.3523472679452	150.1221641611479
0.05781155075015003	0.006774922720491371	0.01401381667715646	0.006684350800274345	305.3147180844579	149.603159660465
0.05791157073414683	0.006798704673666464	0.01406466123727519	0.006707500049792183	304.2824632335236	149.0868419793725
0.05801159071814363	0.006822529974504219	0.01411561018513107	0.006730689315298816	303.255545687718	148.573192604063
0.05811161070214043	0.006846398634917111	0.01416666361149736	0.006753918596794244	302.2339287379976	148.0621931799195
0.05821163068613723	0.006870310666840961	0.0142178216073514	0.006777187894278468	301.2175759904188	147.5538255098747
0.05831165067013402	0.006894266082234953	0.01426908426387499	0.006800497207751484	300.2064513628991	147.0480715527916
0.05841167065413082	0.006918264893081655	0.01432045167245454	0.006823846537213296	299.2005190820147	146.5449134218627
0.05851169063812763	0.006942307111387028	0.01437192392468144	0.006847235882663904	298.1997436798384	146.0443333830281
0.05861171062212443	0.006966392749180441	0.01442350111235226	0.006870665244103307	297.2040899908139	145.5463138534135
0.05871173060612123	0.00699052181851469	0.01447518332746907	0.006894134621531504	296.2135231486678	145.0508373997858
0.05881175059011803	0.007014694331466014	0.01452697066223967	0.006917644014948496	295.2280085833582	144.5578867370274
0.05891177057411482	0.007038910300134103	0.01457886320907788	0.006941193424354282	294.2475120180598	144.0674447266288
0.05901179055811162	0.007063169736642124	0.01463086106060383	0.006964782849748863	293.2719994661844	143.5794943751991
0.05911181054210842	0.00708747265313673	0.0146829643096442	0.006988412291132241	292.3014372284371	143.0940188329935
0.05921183052610522	0.007111819061788072	0.01473517304923254	0.007012081748504412	291.3357918899068	142.6110013924591
0.05931185051010202	0.007136208974789825	0.01478748737260947	0.007035791221865379	290.3750303171913	142.1304254867973
0.05941187049409882	0.007160642404359195	0.01483990737322305	0.007059540711215141	289.4191196555559	141.6522746885431
0.05951189047809562	0.007185119362736935	0.01489243314472898	0.007083330216553696	288.4680273261263	141.1765327081613
0.05961191046209242	0.007209639862187368	0.01494506478099091	0.007107159737881047	287.5217210231132	140.7031833926591
0.05971193044608922	0.007234203914998393	0.01499780237608072	0.007131029275197193	286.5801687110702	140.2322107242152
0.05981195043008602	0.007258811533481506	0.01505064602427878	0.007154938828502134	285.643338622184	139.7635988188242
0.05991197041408282	0.007283462729971816	0.01510359582007425	0.00717888839779587	284.7111992535952	139.2973319249578
0.06001199039807962	0.00730815751682806	0.01515665185816535	0.007202877983078401	283.7837193647514	138.8333944222411
0.06011201038207641	0.007332895906432615	0.01520981423345963	0.007226907584349725	282.8608679747907	138.3717708201439
0.06021203036607321	0.007357677911191522	0.01526308304107427	0.007250977201609846	281.9426143599553	137.9124457566881
0.06031205035007001	0.007382503543534493	0.01531645837633634	0.007275086834858761	281.0289280510355	137.4554039971695
0.06041207033406681	0.007407372815914933	0.01536994033478312	0.007299236484096471	280.1197788308434	137.0006304328944
0.06051209031806361	0.007432285740809953	0.01542352901216233	0.007323426149322977	279.2151367317152	136.5481100799311
0.06061211030206042	0.007457242330720385	0.01547722450443245	0.007347655830538277	278.3149720330431	136.0978280778758
0.06071213028605721	0.007482242598170804	0.01553102690776301	0.00737192552774237	277.4192552588349	135.6497696886321
0.06081215027005401	0.007507286555709536	0.01558493631853485	0.00739623524093526	276.5279571753022	135.2039202952054
0.06091217025405081	0.007532374215908681	0.01563895283334042	0.007420584970116944	275.6410487884759	134.7602654005107
0.06101219023804761	0.007557505591364123	0.01569307654898406	0.007444974715287424	274.7585013418499	134.318790626194
0.06111221022204441	0.007582680694695548	0.01574730756248229	0.007469404476446699	273.8802863140504	133.8794817114676
0.06121223020604121	0.007607899538546466	0.01580164597106411	0.007493874253594768	273.0063754165327	133.442324511958
0.061312250190038	0.007633162135584215	0.01585609187217127	0.007518384046731631	272.1367405913048	133.0073049985677
0.06141227017403481	0.007658468498499994	0.01591064536345856	0.007542933855857289	271.2713540086754	132.5744092563497
0.06151229015803161	0.007683818640008862	0.01596530654279412	0.007567523680971744	270.4101880650287	132.1436234833943
0.06161231014202841	0.007709212572849765	0.01602007550825972	0.007592153522074993	269.5532153806245	131.7149339897295
0.06171233012602521	0.007734650309785549	0.01607495235815103	0.007616823379167036	268.7004087974228	131.2883271962331
0.06181235011002201	0.007760131863602976	0.01612993719097796	0.007641533252247875	267.8517413769326	130.8637896335574
0.0619123700940188	0.007785657247112741	0.01618503010546488	0.007666283141317507	267.0071863980858	130.441307941066
0.0620123900780156	0.007811226473149493	0.01624023120055102	0.007691073046375936	266.1667173551354	130.0208688657825
0.0621124100620124	0.007836839554571838	0.01629554057539065	0.007715902967423159	265.3303079555759	129.6024592613514
0.0622124300460092	0.007862496504262375	0.01635095832935346	0.007740772904459177	264.4979321180883	129.1860660870101
0.062312450030006	0.007888197335127694	0.01640648456202479	0.00776568285748399	263.6695639705081	128.7716764065731
0.0624124700140028	0.007913942060098404	0.01646211937320601	0.007790632826497598	262.8451778478158	128.3592773874271
0.0625124899979996	0.007939730692129143	0.01651786286291469	0.0078156228115	262.0247482901488	127.9488562995374
0.0626125099819964	0.007965563244198602	0.01657371513138507	0.007840652812491198	261.2082500408387	127.5404005144658
0.06271252996599321	0.007991439729309538	0.01662967627906819	0.007865722829471192	260.3956580444665	127.1338975043988
0.06281254994999	0.008017360160488781	0.01668574640663229	0.007890832862439977	259.5869474449423	126.7293348411873
0.06291256993398679	0.008043324550787271	0.01674192561496308	0.007915982911397558	258.7820935836053	126.3267001953963
0.0630125899179836	0.008069332913280061	0.01679821400516406	0.007941172976343936	257.9810719973447	125.9259813353661
0.06311260990198039	0.008095385261066328	0.01685461167855676	0.007966403057279107	257.1838584167422	125.5271661262826
0.0632126298859772	0.008121481607269413	0.01691111873668116	0.007991673154203075	256.3904287642346	125.1302425292591
0.06331264986997399	0.008147621965036808	0.01696773528129585	0.008016983267115836	255.600759152296	124.7351986004278
0.06341266985397079	0.008173806347540195	0.01702446141437843	0.008042333396017391	254.8148258816421	124.3420224900407
0.0635126898379676	0.008200034767975459	0.0170812972381258	0.008067723540907745	254.0326054394511	123.9507024415817
0.06361270982196439	0.008226307239562695	0.01713824285495443	0.00809315370178689	253.2540744976079	123.5612267908874
0.0637127298059612	0.008252623775546241	0.01719529836750074	0.008118623878654833	252.4792099109643	123.1735839652777
0.06381274978995799	0.008278984389194671	0.01725246387862127	0.008144134071511567	251.7079887156205	122.7877624826967
0.0639127697739548	0.008305389093800849	0.01730973949139318	0.0081696842803571	250.9403881272241	122.4037509508617
0.06401278975795159	0.008331837902681898	0.01736712530911436	0.008195274505191424	250.1763855392886	122.0215380664228
0.06411280974194838	0.008358330829179262	0.01742462143530386	0.008220904746014543	249.4159585215291	121.6411126141311
0.06421282972594519	0.008384867886658704	0.01748222797370222	0.00824657500282646	248.6590848182175	121.2624634660155
0.06431284970994199	0.008411449088510312	0.01753994502827165	0.008272285275627169	247.9057423465548	120.8855795805693
0.06441286969393879	0.008438074448148541	0.01759777270319649	0.008298035564416677	247.155909195061	120.5104500019453
0.06451288967793559	0.008464743979012205	0.01765571110288339	0.008323825869194976	246.409563621983	120.1370638591594
0.06461290966193238	0.008491457694564513	0.01771376033196175	0.008349656189962069	245.6666840537191	119.7654103653031
0.06471292964592919	0.008518215608293085	0.01777192049528394	0.008375526526717962	244.9272490832608	119.3954788167641
0.06481294962992598	0.008545017733709951	0.01783019169792562	0.008401436879462645	244.1912374686522	119.0272585924564
0.06491296961392279	0.008571864084351597	0.01788857404518613	0.008427387248196127	243.4586281314638	118.6607391530571
0.06501298959791958	0.008598754673778951	0.0179470676425887	0.0084533776329184	242.729400155286	118.2959100402528
0.06511300958191639	0.008625689515577432	0.01800567259588087	0.008479408033629472	242.0035327842357	117.9327608759932
0.06521302956591318	0.008652668623356939	0.01806438901103472	0.008505478450329333	241.2810054214804	117.5712813617534
0.06531304954990998	0.008679692010751893	0.01812321699424725	0.008531588883017992	240.5617976277785	117.2114612778033
0.06541306953390678	0.008706759691421239	0.01818215665194067	0.008557739331695447	239.8458891200339	116.8532904824856
0.06551308951790358	0.008733871679048462	0.0182412080907627	0.008583929796361696	239.1332597698672	116.4967589115012
0.06561310950190039	0.008761027987341623	0.01830037141758695	0.008610160277016742	238.4238896022014	116.141856577202
0.06571312948589718	0.008788228630033349	0.01835964673951317	0.008636430773660579	237.7177587938635	115.7885735678915
0.06581314946989397	0.008815473620880877	0.01841903416386762	0.008662741286293211	237.0148476721997	115.4369000471328
0.06591316945389078	0.008842762973666065	0.0184785337982034	0.00868909181491464	236.3151367137062	115.0868262530638
0.06601318943788757	0.00887009670219539	0.01853814575030073	0.008715482359524863	235.618606542675	114.7383424977199
0.06611320942188438	0.008897474820299997	0.01859787012816729	0.008741912920123883	234.9252379298523	114.3914391663637
0.06621322940588117	0.008924897341835693	0.01865770704003855	0.008768383496711695	234.2350117911127	114.0461067168217
0.06631324938987798	0.008952364280682974	0.01871765659437812	0.008794894089288305	233.5479091861471	113.7023356788281
0.06641326937387478	0.008979875650747043	0.01877771889987802	0.008821444697853707	232.8639113171637	113.3601166533758
0.06651328935787157	0.009007431465957829	0.01883789406545907	0.008848035322407903	232.1829995276028	113.0194403120737
0.06661330934186838	0.009035031740270009	0.01889818220027117	0.008874665962950898	231.505155300866	112.6802973965109
0.06671332932586517	0.009062676487663002	0.01895858341369366	0.008901336619482683	230.8303602590586	112.342678717628
0.06681334930986198	0.009090365722141029	0.01901909781533561	0.008928047292003269	230.1585961617428	112.0065751550943
0.06691336929385877	0.009118099457733087	0.01907972551503619	0.008954797980512644	229.4898449047081	111.6719776566922
0.06701338927785556	0.009145877708493001	0.01914046662286499	0.008981588685010814	228.8240885187504	111.3388772377073
0.06711340926185237	0.009173700488499428	0.01920132124912235	0.009008419405497783	228.1613091684673	111.0072649803256
0.06721342924584917	0.009201567811855868	0.01926228950433967	0.009035290141973544	227.5014891510629	110.6771320330366
0.06731344922984597	0.009229479692690702	0.01932337149927979	0.009062200894438103	226.8446108951674	110.3484696100422
0.06741346921384277	0.009257436145157187	0.01938456734493728	0.009089151662891454	226.1906569596678	110.0212689906726
0.06751348919783957	0.009285437183433498	0.0194458771525388	0.009116142447333601	225.5396100325504	109.6955215188078
0.06761350918183637	0.009313482821722721	0.01950730103354343	0.009143173247764541	224.891452929757	109.3712186023047
0.06771352916583316	0.0093415730742529	0.01956883909964299	0.009170244064184277	224.2461685940501	109.048351712431
0.06781354914982997	0.009369707955277033	0.01963049146276242	0.00919735489659281	223.6037400938928	108.7269123833042
0.06791356913382676	0.009397887479073096	0.01969225823506006	0.009224505744990135	222.9641506223382	108.4068922113365
0.06801358911782357	0.009426111659944071	0.01975413952892806	0.009251696609376258	222.3273834959311	108.088282854686
0.06811360910182036	0.009454380512217945	0.01981613545699261	0.009278927489751171	221.6934221536205	107.7710760327125
0.06821362908581716	0.009482694050247755	0.01987824613211443	0.009306198386114881	221.0622501556842	107.4552635254401
0.06831364906981396	0.009511052288411587	0.01994047166738897	0.009333509298467388	220.4338511826626	107.140837173024
0.06841366905381076	0.009539455241112592	0.02000281217614684	0.009360860226808687	219.8082090343059	106.827788875224
0.06851368903780757	0.00956790292277903	0.02006526777195413	0.009388251171138786	219.1853076285292	106.5161105908824
0.06861370902180436	0.009596395347864252	0.02012783856861271	0.009415682131457674	218.5651310003816	106.2057943374079
0.06871372900580117	0.009624932530846756	0.02019052468016068	0.009443153107765362	217.9476633010219	105.8968321902642
0.06881374898979796	0.009653514486230174	0.02025332622087258	0.009470664100061839	217.3328887967083	105.5892162824643
0.06891376897379475	0.009682141228543314	0.02031624330525985	0.009498215108347113	216.7207918677963	105.2829388040698
0.06901378895779156	0.009710812772340172	0.0203792760480711	0.009525806132621184	216.1113570077466	104.9779920016946
0.06911380894178835	0.009739529132199939	0.02044242456429254	0.009553437172884047	215.5045688221453	104.6743681780151
0.06921382892578516	0.009768290322727044	0.02050568896914822	0.00958110822913571	214.9004120277307	104.3720596912835
0.06931384890978196	0.009797096358551138	0.02056906937810046	0.009608819301376163	214.2988714514328	104.071058954848
0.06941386889377875	0.009825947254327156	0.02063256590685019	0.009636570389605409	213.6999320294209	103.7713584366759
0.06951388887777556	0.009854843024735308	0.02069617867133728	0.009664361493823456	213.1035788061612	103.4729506588827
0.06961390886177235	0.009883783684481097	0.02075990778774089	0.009692192614030294	212.5097969334837	103.175828197266
0.06971392884576916	0.00991276924829535	0.02082375337247985	0.009720063750225929	211.9185716696593	102.8799836808433
0.06981394882976595	0.009941799730934231	0.02088771554221298	0.009747974902410358	211.3298883784849	102.585409791395
0.06991396881376276	0.009970875147179271	0.02095179441383948	0.009775926070583583	210.7437325283783	102.2920992630117
0.07001398879775955	0.009999995511837362	0.02101599010449923	0.0098039172547456	210.1600896914825	102.0000448816465
0.07011400878175635	0.01002916083974081	0.02108030273157323	0.009831948454896412	209.5789455427779	101.709239484671
0.07021402876575315	0.01005837114574732	0.02114473241268388	0.009860019671036023	209.0002858592044	101.4196759604362
0.07031404874974995	0.01008762644474005	0.02120927926569536	0.009888130903164424	208.424096518792	101.1313472478381
0.07041406873374675	0.0101169267516276	0.02127394340871402	0.009916282151281625	207.8503634997993	100.8442463358866
0.07051408871774355	0.01014627208134405	0.02133872496008869	0.009944473415387615	207.2790728798617	100.5583662632801
0.07061410870174034	0.01017566244884896	0.02140362403841108	0.009972704695482401	206.7102108351469	100.2737001179827
0.07071412868573715	0.01020509786912744	0.02146864076251614	0.01000097599156599	206.1437636395195	99.99024103680669
0.07081414866973394	0.01023457835719008	0.02153377525148234	0.01002928730363836	205.5797176637138	99.70798220499938
0.07091416865373075	0.01026410392807307	0.02159902762463218	0.01005763863169954	205.0180593745144	99.42691685583262
0.07101418863772754	0.01029367459683814	0.02166439800153242	0.0100860299757495	204.4587753339454	99.14703827019798
0.07111420862172435	0.01032329037857264	0.02172988650199453	0.01011446133578827	203.9018521984666	98.86833977620472
0.07121422860572114	0.01035295128838951	0.02179549324607501	0.01014293271181582	203.3472767181792	98.59081474878251
0.07131424858971794	0.01038265734142732	0.02186121835407575	0.01017144410383217	202.7950357360375	98.31445660928736
0.07141426857371475	0.0104124085528503	0.02192706194654445	0.01019999551183732	202.2451161870696	98.039258825112
0.07151428855771154	0.01044220493784836	0.02199302414427493	0.01022858693583126	201.6975050976052	97.76521490929983
0.07161430854170835	0.01047204651163709	0.02205910506830753	0.010257218375814	201.1521895845111	97.49231842016243
0.07171432852570514	0.01050193328945778	0.02212530483992945	0.01028588983178553	200.6091568544339	97.22056296090132
0.07181434850970193	0.01053186528657747	0.02219162358067519	0.01031460130374586	200.0683942030508	96.94994217923279
0.07191436849369874	0.01056184251828895	0.02225806141232684	0.01034335279169498	199.5298890143263	96.68044976701684
0.07201438847769553	0.01059186499991077	0.02232461845691447	0.01037214429563289	198.9936287597779	96.41207945988967
0.07211440846169234	0.01062193274678728	0.02239129483671657	0.01040097581555961	198.4596009977473	96.14482503689935
0.07221442844568914	0.01065204577428862	0.0224580906742603	0.01042984735147511	197.9277933726799	95.87868032014565
0.07231444842968594	0.01068220409781081	0.02252500609232201	0.01045875890337941	197.3981936144103	95.61363917442267
0.07241446841368274	0.01071240773277565	0.02259204121392747	0.01048771047127251	196.8707895374557	95.34969550686563
0.07251448839767953	0.01074265669463088	0.02265919616235238	0.0105167020551544	196.3455690403148	95.08684326660035
0.07261450838167634	0.0107729509988501	0.02272647106112266	0.01054573365502509	195.8225201047748	94.82507644439663
0.07271452836567313	0.01080329066093283	0.02279386603401485	0.01057480527088456	195.3016307952247	94.5643890723249
0.07281454834966994	0.0108336756964045	0.0228613812050565	0.01060391690273284	194.782889257974	94.30477522341577
0.07291456833366673	0.01086410612081653	0.02292901669852653	0.01063306855056991	194.2662837205802	94.04622901132355
0.07301458831766354	0.01089458194974629	0.02299677263895565	0.01066226021439578	193.7518024911801	93.78874458999209
0.07311460830166033	0.01092510319879714	0.02306464915112667	0.01069149189421044	193.2394339578303	93.53231615332481
0.07321462828565713	0.01095566988359848	0.02313264636007499	0.01072076359001389	192.7291665878516	93.27693793485697
0.07331464826965393	0.01098628201980572	0.02320076439108885	0.01075007530180614	192.2209889271804	93.02260420743175
0.07341466825365073	0.01101693962310034	0.02326900336970984	0.01077942702958718	191.7148895997278	92.76930928287908
0.07351468823764754	0.01104764270918989	0.02333736342173322	0.01080881877335703	191.2108573067421	92.51704751169751
0.07361470822164433	0.01107839129380802	0.02340584467320829	0.01083825053311566	190.7088808261797	92.26581328273939
0.07371472820564112	0.01110918539271448	0.02347444725043882	0.01086772230886309	190.2089490120806	92.01560102289859
0.07381474818963793	0.0111400250216952	0.02354317127998345	0.01089723410059931	189.7110507939503	91.76640519680157
0.07391476817363472	0.01117091019656223	0.023612016888656	0.01092678590832433	189.2151751761477	91.51822030650132
0.07401478815763153	0.01120184093315383	0.02368098420352593	0.01095637773203815	188.7213112372781	91.27104089117384
0.07411480814162832	0.01123281724733441	0.02375007335191872	0.01098600957174075	188.2294481295935	91.02486152681809
0.07421482812562513	0.01126383915499467	0.02381928446141626	0.01101568142743216	187.7395750783961	90.77967682595809
0.07431484810962193	0.01129490667205151	0.02388861765985718	0.01104539329911236	187.2516813814498	90.53548143734848
0.07441486809361872	0.0113260198144481	0.02395807307533737	0.01107514518678135	186.7657564083958	90.2922700456823
0.07451488807761553	0.0113571785981539	0.02402765083621025	0.01110493709043914	186.2817896001741	90.05003737130181
0.07461490806161232	0.01138838303916467	0.02409735107108725	0.01113476901008572	185.7997704684509	89.8087781699121
0.07471492804560913	0.01141963315350252	0.02416717390883816	0.0111646409457211	185.3196885950499	89.56848723229696
0.07481494802960592	0.01145092895721586	0.0242371194785915	0.01119455289734527	184.8415336313914	89.32915938403801
0.07491496801360271	0.01148227046637952	0.02430718790973504	0.01122450486495823	184.3652952979338	89.09078948523587
0.07501498799759952	0.0115136576970947	0.02437737933191605	0.01125449684856	183.8909633836221	88.8533724302343
0.07511500798159632	0.01154509066548901	0.02444769387504177	0.01128452884815056	183.4185277453415	88.6169031473469
0.07521502796559312	0.01157656938771648	0.02451813166927987	0.01131460086372991	182.9479783073755	88.38137659858602
0.07531504794958992	0.01160809387995763	0.02458869284505868	0.01134471289529806	182.4793050608687	88.14678777939469
0.07541506793358672	0.01163966415841942	0.02465937753306781	0.011374864942855	182.0124980632957	87.91313171838047
0.07551508791758352	0.01167128023933533	0.02473018586425837	0.01140505700640074	181.5475474379342	87.68040347705241
0.07561510790158031	0.01170294213896535	0.02480111796984347	0.01143528908593527	181.084443373343	87.44859814955979
0.07571512788557712	0.01173464987359602	0.02487217398129863	0.0114655611814586	180.623176122845	87.21771086243375
0.07581514786957391	0.01176640345954041	0.0249433540303621	0.01149587329297072	180.1637360040149	86.98773677433114
0.07591516785357072	0.01179820291313823	0.02501465824903542	0.01152622542047163	179.7061133981715	86.75867107578064
0.07601518783756751	0.01183004825075573	0.02508608676958361	0.01155661756396134	179.250298749875	86.53050898893143
0.07611520782156431	0.01186193948878584	0.02515763972453578	0.01158704972343985	178.7962825664284	86.30324576730391
0.07621522780556111	0.01189387664364812	0.02522931724668551	0.01161752189890715	178.3440554173841	86.07687669554286
0.07631524778955791	0.01192585973178878	0.02530111946909109	0.01164803409036325	177.8936079340548	85.85139708917308
0.07641526777355472	0.01195788876968076	0.02537304652507617	0.01167858629780814	177.4449308090282	85.62680229435664
0.07651528775755151	0.01198996377382367	0.02544509854822995	0.01170917852124182	176.9980147956875	85.40308768765313
0.07661530774154832	0.01202208476074391	0.02551727567240784	0.01173981076066431	176.5528507077346	85.18024867578139
0.07671532772554511	0.01205425174699458	0.02558957803173161	0.01177048301607558	176.1094294187201	84.95828069538406
0.0768153477095419	0.0120864647491556	0.02566200576058999	0.01180119528747565	175.6677418615738	84.73717921279365
0.07691536769353871	0.01211872378383369	0.02573455899363904	0.01183194757486452	175.2277790281437	84.51693972380119
0.0770153876775355	0.01215102886766235	0.02580723786580252	0.01186273987824218	174.7895319687364	84.29755775342689
0.07711540766153231	0.012183380017302	0.02588004251227236	0.01189357219760863	174.3529917916621	84.07902885569264
0.07721542764552911	0.01221577724943986	0.02595297306850908	0.01192444453296388	173.918149662785	83.861348613397
0.0773154476295259	0.01224822058079007	0.02602602967024217	0.01195535688430792	173.4849968050761	83.64451263789172
0.07741546761352271	0.01228071002809368	0.02609921245347055	0.01198630925164077	173.0535244981709	83.4285165688607
0.0775154875975195	0.01231324560811868	0.02617252155446298	0.0120173016349624	172.6237240779315	83.21335607410082
0.07761550758151631	0.01234582733766	0.02624595710975847	0.01204833403427283	172.1955869360116	82.99902684930451
0.0777155275655131	0.01237845523353957	0.02631951925616672	0.01207940644957205	171.7691045194261	82.78552461784476
0.07781554754950991	0.0124111293126063	0.02639320813076855	0.01211051888086007	171.3442683301247	82.5728451305615
0.0779155675335067	0.01244384959173615	0.02646702387091629	0.01214167132813689	170.9210699245687	82.36098416555045
0.0780155875175035	0.0124766160878321	0.02654096661423427	0.01217286379140249	170.499500913312	82.14993752795333
0.0781156075015003	0.01250942881782421	0.02661503649861919	0.0122040962706569	170.079552960586	81.93970104975038
0.0782156274854971	0.01254228779866964	0.02668923366224057	0.0122353687659001	169.6612177838879	81.73027058955462
0.0783156474694939	0.01257519304735266	0.02676355824354121	0.01226668127713209	169.244487153573	81.52164203240768
0.0784156674534907	0.01260814458088466	0.02683801038123753	0.01229803380435288	168.8293528924499	81.3138112895779
0.07851568743748749	0.0126411424163042	0.02691259021432013	0.01232942634756246	168.4158068753806	81.10677429835987
0.0786157074214843	0.01267418657067705	0.02698729788205413	0.01236085890676084	168.0038410288825	80.90052702187583
0.07871572740548109	0.01270727706109613	0.02706213352397961	0.01239233148194801	167.5934473307358	80.69506544887911
0.0788157473894779	0.01274041390468163	0.02713709727991211	0.01242384407312398	167.1846178095926	80.49038559355883
0.07891576737347469	0.01277359711858098	0.02721218928994297	0.01245539668028875	166.7773445445909	80.28648349534681
0.0790157873574715	0.01280682671996889	0.02728740969443991	0.01248698930344231	166.3716196649712	80.08335521872583
0.07911580734146829	0.01284010272604733	0.02736275863404724	0.01251862194258466	165.9674353496964	79.8809968530398
0.07921582732546509	0.01287342515404564	0.02743823624968654	0.0125502945977158	165.5647838270758	79.67940451230551
0.0793158473094619	0.01290679402122047	0.02751384268255699	0.01258200726883575	165.1636573743916	79.47857433502604
0.07941586729345869	0.01294020934485585	0.02758957807413576	0.01261375995594448	164.7640483175296	79.27850248400598
0.0795158872774555	0.01297367114226318	0.02766544256617857	0.01264555265904202	164.3659490306121	79.07918514616793
0.07961590726145229	0.0130071794307813	0.02774143630072002	0.01267738537812834	163.9693519356345	78.88061853237103
0.07971592724544908	0.01304073422777646	0.02781755942007412	0.01270925811320346	163.5742495021057	78.68279887723065
0.07981594722944589	0.01307433555064238	0.02789381206683471	0.01274117086426738	163.1806342466905	78.48572243894007
0.07991596721344268	0.01310798341680026	0.02797019438387583	0.01277312363132009	162.7884987328558	78.28938549909351
0.08001598719743949	0.0131416778436988	0.02804670651435235	0.0128051164143616	162.3978355705204	78.09378436251062
0.08011600718143629	0.01317541884881423	0.02812334860170016	0.0128371492133919	162.0086374157064	77.89891535706272
0.08021602716543309	0.01320920644965034	0.02820012078963691	0.012869222028411	161.6208969701952	77.70477483350039
0.08031604714942989	0.01324304066373847	0.02827702322216217	0.01290133485941889	161.2346069811854	77.51135916528274
0.08041606713342668	0.01327692150863759	0.0283540560435581	0.01293348770641557	160.8497602409539	77.31866474840784
0.08051608711742349	0.01331084900193428	0.02843121939838985	0.01296568056940106	160.4663495865209	77.126688001245
0.08061610710142028	0.01334482316124275	0.02850851343150592	0.01299791344837533	160.0843678993166	76.93542536436836
0.08071612708541709	0.01337884400420489	0.02858593828803873	0.0130301863433384	159.7038081048507	76.7448733003917
0.08081614706941388	0.0134129115484903	0.02866349411340497	0.01306249925429027	159.3246631723861	76.55502829380514
0.08091616705341068	0.01344702581179626	0.02874118105330618	0.01309485218123093	158.9469261146143	76.36588685081279
0.08101618703740748	0.01348118681184783	0.02881899925372913	0.01312724512416038	158.5705899873337	76.17744549917207
0.08111620702140428	0.0135153945663978	0.02889694886094624	0.01315967808307863	158.1956478891312	75.98970078803444
0.08121622700540108	0.01354964909322677	0.02897503002151613	0.01319215105798568	157.8220929610661	75.80264928778725
0.08131624698939788	0.01358395041014314	0.02905324288228401	0.01322466404888152	157.4499183863568	75.61628758989725
0.08141626697339469	0.01361829853498314	0.02913158759038221	0.01325721705576616	157.0791173900702	75.43061230675524
0.08151628695739148	0.01365269348561088	0.02921006429323058	0.01328981007863958	156.7096832388141	75.24562007152215
0.08161630694138827	0.01368713527991833	0.02928867313853694	0.01332244311750181	156.3416092404315	75.06130753797639
0.08171632692538508	0.0137216239358254	0.02936741427429768	0.01335511617235283	155.9748887436982	74.87767138036251
0.08181634690938187	0.01375615947127989	0.02944628784879801	0.01338782924319264	155.6095151380231	74.69470829324132
0.08191636689337868	0.01379074190425758	0.02952529401061262	0.01342058233002125	155.2454818531499	74.51241499134086
0.08201638687737547	0.01382537125276223	0.02960443290860604	0.01345337543283866	154.8827823588628	74.33078820940928
0.08211640686137227	0.01386004753482559	0.02968370469193314	0.01348620855164485	154.5214101646938	74.14982470206829
0.08221642684536908	0.01389477076850747	0.02976310951003963	0.01351908168643985	154.1613588196327	73.96952124366834
0.08231644682936587	0.01392954097189569	0.02984264751266246	0.01355199483722364	153.8026219118403	73.78987462814496
0.08241646681336268	0.01396435816310618	0.02992231884983037	0.01358494800399622	153.4451930683618	73.61088166887606
0.08251648679735947	0.01399922236028295	0.03000212367186426	0.0136179411867576	153.089065954846	73.43253919854075
0.08261650678135628	0.01403413358159816	0.03008206212937784	0.01365097438550777	152.7342342752638	73.25484406897911
0.08271652676535307	0.01406909184525209	0.03016213437327788	0.01368404760024674	152.3806917716308	73.0777931510534
0.08281654674934986	0.01410409716947322	0.03024234055476489	0.0137171608309745	152.0284322237319	72.90138333451014
0.08291656673334667	0.01413914957251822	0.03032268082533345	0.01375031407769106	151.6774494488476	72.72561152784365
0.08301658671734347	0.01417424907267198	0.03040315533677277	0.01378350734039641	151.3277373014838	72.55047465816055
0.08311660670134027	0.01420939568824765	0.03048376424116717	0.01381674061909057	150.9792896731028	72.37596967104541
0.08321662668533707	0.01424458943758664	0.03056450769089649	0.01385001391377351	150.6321004918568	72.20209353042772
0.08331664666933386	0.01427983033905867	0.03064538583863666	0.01388332722444524	150.2861637223242	72.02884321844964
0.08341666665333067	0.01431511841106178	0.03072639883736013	0.01391668055110578	149.9414733652473	71.85621573533517
0.08351668663732746	0.01435045367202234	0.03080754684033635	0.0139500738937551	149.5980234572731	71.68420809926036
0.08361670662132427	0.01438583614039514	0.03088883000113231	0.01398350725239323	149.255808070695	71.51281734622432
0.08371672660532106	0.01442126583466331	0.03097024847361293	0.01401698062702014	148.9148213131982	71.34204052992182
0.08381674658931787	0.01445674277333844	0.03105180241194168	0.01405049401763586	148.5750573276062	71.1718747216164
0.08391676657331466	0.01449226697496056	0.03113349197058091	0.01408404742424036	148.2365102916295	71.00231701001505
0.08401678655731146	0.01452783845809816	0.03121531730429249	0.01411764084683366	147.8991744176164	70.83336450114342
0.08411680654130826	0.01456345724134825	0.03129727856813821	0.01415127428541576	147.5630439523067	70.66501431822259
0.08421682652530506	0.01459912334333634	0.03137937591748028	0.01418494773998665	147.2281131765863	70.49726360154648
0.08431684650930187	0.01463483678271651	0.03146160950798187	0.01421866121054634	146.8943764052442	70.33010950836038
0.08441686649329866	0.01467059757817141	0.03154397949560753	0.01425241469709482	146.561827986732	70.16354921274062
0.08451688647729545	0.01470640574841226	0.03162648603662375	0.01428620819963209	146.2304623029246	69.99757990547502
0.08461690646129226	0.01474226131217895	0.03170912928759945	0.01432004171815817	145.9002737688839	69.83219879394453
0.08471692644528905	0.01477816428823998	0.03179190940540644	0.01435391525267303	145.5712568326232	69.66740310200569
0.08481694642928586	0.01481411469539256	0.03187482654721992	0.0143878288031767	145.2434059748746	69.50319006987417
0.08491696641328265	0.01485011255246256	0.03195788087051903	0.01442178236966915	144.9167157088578	69.33955695400923
0.08501698639727946	0.01488615787830462	0.03204107253308733	0.0144557759521504	144.5911805800509	69.17650102699902
0.08511700638127626	0.0149222506918021	0.03212440169301324	0.01448980955062045	144.2667951659631	69.01401957744714
0.08521702636527305	0.01495839101186714	0.03220786850869061	0.01452388316507928	143.9435540759093	68.85210990985972
0.08531704634926986	0.01499457885744072	0.03229147313881926	0.01455799679552692	143.6214519507864	68.69076934453366
0.08541706633326665	0.01503081424749259	0.03237521574240534	0.01459215044196335	143.3004834628517	68.52999521744594
0.08551708631726346	0.01506709720102139	0.03245909647876202	0.01462634410438858	142.980643315503	68.36978488014336
0.08561710630126025	0.01510342773705465	0.03254311550750986	0.0146605777828026	142.6619262430603	68.2101356996337
0.08571712628525704	0.01513980587464878	0.03262727298857734	0.01469485147720541	142.3443270105492	68.05104505827744
0.08581714626925385	0.01517623163288914	0.03271156908220147	0.01472916518759702	142.0278404134871	67.89251035368042
0.08591716625325065	0.01521270503089003	0.03279600394892815	0.01476351891397742	141.7124612776694	67.73452899858758
0.08601718623724745	0.01524922608779476	0.0328805777496128	0.01479791265634663	141.3981844589591	67.57709842077716
0.08611720622124425	0.01528579482277563	0.03296529064542081	0.01483234641470462	141.0850048430769	67.42021606295626
0.08621722620524105	0.01532241125503398	0.03305014279782809	0.01486682018905141	140.772917345394	67.26387938265674
0.08631724618923785	0.01535907540380022	0.03313513436862157	0.01490133397938699	140.4619169107256	67.1080858521324
0.08641726617323464	0.01539578728833384	0.0332202655198997	0.01493588778571137	140.1519985131268	66.95283295825672
0.08651728615723145	0.01543254692792345	0.03330553641407302	0.01497048160802454	139.8431571556897	66.79811820242146
0.08661730614122824	0.0154693543418868	0.03339094721386458	0.01500511544632651	139.5353878703428	66.6439391004363
0.08671732612522505	0.01550620954957081	0.03347649808231063	0.01503978930061728	139.2286857176509	66.4902931824289
0.08681734610922184	0.01554311257035158	0.0335621891827609	0.01507450317089683	138.9230457866179	66.33717799274618
0.08691736609321864	0.01558006342363445	0.0336480206788794	0.01510925705716518	138.6184631944903	66.18459108985608
0.08701738607721544	0.01561706212885399	0.0337339927346447	0.01514405095942234	138.3149330865621	66.03253004625023
0.08711740606121224	0.01565410870547407	0.03382010551435059	0.01517888487766828	138.0124506359826	65.8809924483475
0.08721742604520905	0.01569120317298783	0.03390635918260657	0.01521375881190302	137.7110110435641	65.72997589639813
0.08731744602920584	0.01572834555091774	0.03399275390433838	0.01524867276212655	137.4106095375922	65.57947800438876
0.08741746601320265	0.01576553585881564	0.03407928984478857	0.01528362672833888	137.1112413736373	65.42949639994815
0.08751748599719944	0.01580277411626274	0.03416596716951691	0.01531862071054	136.8129018343677	65.28002872425378
0.08761750598119623	0.01584006034286965	0.03425278604440105	0.01535365470872992	136.5155862293639	65.13107263193898
0.08771752596519304	0.01587739455827644	0.03433974663563703	0.01538872872290863	136.2192898949344	64.98262579100098
0.08781754594918983	0.01591477678215259	0.03442684910973968	0.01542384275307614	135.9240081939338	64.83468588270972
0.08791756593318664	0.01595220703419713	0.0345140936335434	0.01545899679923244	135.6297365155814	64.68725060151712
0.08801758591718344	0.01598968533413856	0.03460148037420242	0.01549419086137753	135.3364702752811	64.54031765496747
0.08811760590118023	0.01602721170173493	0.03468900949919158	0.01552942493951143	135.0442049144439	64.39388476360807
0.08821762588517704	0.01606478615677387	0.0347766811763067	0.01556469903363412	134.7529359003105	64.24794966090106
0.08831764586917383	0.01610240871907259	0.03486449557366517	0.01560001314374559	134.4626587257764	64.10251009313561
0.08841766585317064	0.01614007940847793	0.03495245285970658	0.01563536726984588	134.1733689092173	63.95756381934081
0.08851768583716743	0.01617779824486638	0.03504055320319305	0.01567076141193494	133.8850619943171	63.8131086111996
0.08861770582116424	0.01621556524814412	0.03512879677321003	0.01570619557001281	133.5977335498959	63.6691422529628
0.08871772580516103	0.016253380438247	0.03521718373916665	0.01574166974407947	133.3113791697409	63.52566254136449
0.08881774578915783	0.01629124383514064	0.03530571427079636	0.01577718393413493	133.025994472437	63.3826672855374
0.08891776577315463	0.01632915545882039	0.03539438853815745	0.01581273814017918	132.7415751012	63.24015430692945
0.08901778575715143	0.01636711532931139	0.03548320671163355	0.01584833236221222	132.4581167237106	63.09812143922081
0.08911780574114823	0.01640512346666863	0.03557216896193433	0.01588396660023407	132.1756150319495	62.95656652824137
0.08921782572514503	0.01644317989097688	0.03566127546009584	0.0159196408542447	131.8940657420344	62.81548743188933
0.08931784570914182	0.01648128462235083	0.03575052637748121	0.01595535512424413	131.6134645940575	62.67488202004994
0.08941786569313863	0.01651943768093505	0.0358399218857812	0.01599110941023235	131.3338073519253	62.53474817451517
0.08951788567713542	0.01655763908690402	0.03592946215701466	0.01602690371220937	131.0550898031984	62.39508378890397
0.08961790566113223	0.01659588886046221	0.03601914736352921	0.01606273803017519	130.7773077589336	62.25588676858308
0.08971792564512902	0.01663418702184401	0.03610897767800161	0.0160986123641298	130.5004570535266	62.11715503058852
0.08981794562912583	0.01667253359131388	0.03619895327343857	0.01613452671407321	130.2245335445562	61.9788865035476
0.08991796561312262	0.01671092858916627	0.03628907432317709	0.01617048108000541	129.94953311263	61.84107912760167
0.09001798559711942	0.01674937203572573	0.03637934100088513	0.0162064754619264	129.6754516612304	61.70373085432939
0.09011800558111623	0.01678786395134687	0.03646975348056217	0.01624250985983619	129.4022851165626	61.56683964667054
0.09021802556511302	0.01682640435641444	0.0365603119365397	0.01627858427373477	129.1300294274039	61.43040347885064
0.09031804554910983	0.01686499327134332	0.03665101654348189	0.01631469870362216	128.8586805649532	61.29442033630581
0.09041806553310662	0.01690363071657858	0.036741867476386	0.01635085314949833	128.5882345226824	61.15888821560861
0.09051808551710341	0.01694231671259549	0.03683286491058319	0.0163870476113633	128.3186873161895	61.02380512439401
0.09061810550110022	0.01698105127989956	0.03692400902173888	0.01642328208921706	128.0500349830512	60.88916908128639
0.09071812548509701	0.01701983443902655	0.03701529998585332	0.01645955658305962	127.782273582678	60.75497811582679
0.09081814546909382	0.0170586662105425	0.0371067379792623	0.01649587109289097	127.5153991961703	60.62123026840079
0.09091816545309062	0.01709754661504379	0.03719832317863762	0.01653222561871112	127.2494079261747	60.48792359016702
0.09101818543708742	0.01713647567315713	0.03729005576098768	0.01656862016052007	126.9842958967427	60.35505614298611
0.09111820542108422	0.01717545340553961	0.03738193590365809	0.0166050547183178	126.7200592531892	60.2226259993503
0.09121822540508101	0.01721447983287871	0.03747396378433219	0.01664152929210433	126.4566941619531	60.09063124231351
0.09131824538907782	0.01725355497589237	0.03756613958103169	0.01667804388187966	126.1941968104582	59.95906996542194
0.09141826537307461	0.01729267885532897	0.03765846347211715	0.01671459848764378	125.9325634069759	59.82794027264531
0.09151828535707142	0.01733185149196736	0.03775093563628871	0.0167511931093967	125.6717901804884	59.69724027830846
0.09161830534106821	0.01737107290661695	0.03784355625258651	0.01678782774713842	125.4118733805531	59.56696810702361
0.09171832532506502	0.01741034312011767	0.03793632550039138	0.01682450240086893	125.152809277168	59.43712189362305
0.09181834530906181	0.01744966215334002	0.03802924355942539	0.01686121707058823	124.8945941606383	59.30769978309245
0.09191836529305861	0.01748903002718511	0.03812231060975239	0.01689797175629632	124.6372243414439	59.17869993050449
0.09201838527705541	0.01752844676258469	0.03821552683177873	0.01693476645799322	124.3806961501078	59.05012050095321
0.09211840526105221	0.01756791238050118	0.03830889240625367	0.0169716011756789	124.1250059370655	58.92195966948874
0.09221842524504902	0.01760742690192766	0.03840240751427013	0.01700847590935339	123.8701500725359	58.7942156210525
0.09231844522904581	0.01764699034788796	0.03849607233726512	0.01704539065901666	123.6161249463922	58.666886550413
0.0924184652130426	0.01768660273943663	0.0385898870570205	0.01708234542466873	123.362926968035	58.539970662102
0.09251848519703941	0.01772626409765904	0.03868385185566345	0.0171193402063096	123.1105525662651	58.41346617035126
0.0926185051810362	0.01776597444367131	0.03877796691566709	0.01715637500393926	122.8589981891582	58.28737129902972
0.09271852516503301	0.01780573379862046	0.03887223241985117	0.01719344981755772	122.6082603039401	58.16168428158109
0.0928185451490298	0.01784554218368433	0.03896664855138247	0.01723056464716497	122.3583353968632	58.03640336096212
0.09291856513302661	0.01788539962007168	0.0390612154937756	0.01726771949276102	122.1092199730832	57.91152678958102
0.09301858511702341	0.01792530612902217	0.03915593343089346	0.01730491435434586	121.8609105565377	57.78705282923667
0.0931186051010202	0.01796526173180645	0.03925080254694798	0.01734214923191949	121.613403689825	57.66297975105802
0.09321862508501701	0.01800526644972613	0.03934582302650053	0.01737942412548192	121.3666959340838	57.5393058354441
0.0933186450690138	0.01804532030411382	0.03944099505446268	0.01741673903503315	121.1207838688748	57.41602937200447
0.09341866505301061	0.01808542331633321	0.0395363188160968	0.01745409396057317	120.8756640920613	57.29314865950001
0.0935186850370074	0.01812557550777904	0.03963179449701652	0.01749148890210198	120.6313332196931	57.17066200578432
0.09361870502100419	0.01816577689987716	0.03972742228318753	0.01752892385961959	120.3877878858888	57.04856772774536
0.093718725005001	0.01820602751408455	0.03982320236092807	0.017566398833126	120.1450247427208	56.92686415124771
0.0938187449889978	0.01824632737188935	0.03991913491690955	0.0176039138226212	119.9030404601005	56.80554961107514
0.0939187649729946	0.0182866764948109	0.04001522013815719	0.0176414688281052	119.6618317256644	56.68462245087368
0.0940187849569914	0.01832707490439974	0.04011145821205061	0.01767906384957798	119.4213952446606	56.56408102309507
0.0941188049409882	0.01836752262223772	0.04020784932632449	0.01771669888703957	119.1817277398369	56.44392368894058
0.094218824924985	0.01840801966993789	0.04030439366906916	0.01775437394048995	118.9428259513299	56.32414881830545
0.09431884490898179	0.01844856606914468	0.04040109142873111	0.01779208900992912	118.7046866365532	56.20475478972347
0.0944188648929786	0.01848916184153384	0.04049794279411387	0.01782984409535709	118.4673065700888	56.08573999031213
0.09451888487697539	0.01852980700881248	0.04059494795437831	0.01786763919677386	118.2306825435775	55.96710281571826
0.0946189048609722	0.01857050159271914	0.04069210709904355	0.01790547431417942	117.9948113656111	55.84884167006378
0.09471892484496899	0.01861124561502376	0.04078942041798736	0.01794334944757377	117.7596898616247	55.73095496589217
0.09481894482896579	0.01865203909752778	0.0408868881014469	0.01798126459695691	117.5253148737908	55.61344112411518
0.09491896481296259	0.01869288206206412	0.04098451034001938	0.01801921976232886	117.2916832609126	55.49629857395983
0.09501898479695939	0.01873377453049721	0.04108228732466255	0.0180572149436896	117.0587918983202	55.37952575291613
0.0951190047809562	0.01877471652472306	0.04118021924669546	0.01809525014103914	116.8266376777651	55.26312110668475
0.09521902476495299	0.01881570806666926	0.04127830629779897	0.01813332535437746	116.5952175073177	55.14708308912551
0.0953190447489498	0.018856749178295	0.04137654867001656	0.01817144058370459	116.3645283112644	55.03141016220582
0.09541906473294659	0.01889783988159114	0.04147494655575473	0.0182095958290205	116.1345670300054	54.91610079594997
0.09551908471694338	0.01893898019858021	0.04157350014778385	0.01824779109032522	115.9053306199538	54.80115346838826
0.09561910470094019	0.01898017015131645	0.04167220963923867	0.01828602636761872	115.676816053435	54.68656666550699
0.09571912468493698	0.01902140976188584	0.04177107522361895	0.01832430166090103	115.4490203185872	54.57233888119854
0.09581914466893379	0.01906269905240612	0.04187009709479017	0.01836261697017212	115.2219404192622	54.45846861721183
0.09591916465293059	0.01910403804502685	0.04196927544698416	0.01840097229543202	114.995573374927	54.34495438310326
0.09601918463692738	0.01914542676192943	0.04206861047479965	0.0184393676366807	114.7699162205668	54.23179469618793
0.09611920462092419	0.01918686522532709	0.04216810237320305	0.01847780299391819	114.5449660065875	54.11898808149116
0.09621922460492098	0.019228353457465	0.04226775133752896	0.01851627836714446	114.3207197987204	54.00653307170051
0.09631924458891779	0.01926989148062021	0.04236755756348094	0.01855479375635954	114.0971746779258	53.89442820711798
0.09641926457291458	0.01931147931710177	0.04246752124713204	0.0185933491615634	113.8743277402992	53.78267203561277
0.09651928455691139	0.0193531169892507	0.04256764258492555	0.01863194458275607	113.6521760969761	53.67126311257407
0.09661930454090818	0.01939480451944002	0.04266792177367556	0.01867058001993752	113.4307168740402	53.5602000008646
0.09671932452490498	0.01943654193007485	0.04276835901056768	0.01870925547310777	113.2099472124292	53.44948127077402
0.09681934450890178	0.01947832924359237	0.04286895449315972	0.01874797094226682	112.9898642678437	53.3391054999731
0.09691936449289858	0.01952016648246186	0.04296970841938214	0.01878672642741466	112.7704652106554	53.22907127346802
0.09701938447689538	0.01956205366918477	0.04307062098753908	0.0188255219285513	112.5517472258167	53.11937718355488
0.09711940446089218	0.01960399082629471	0.04317169239630855	0.01886435744567673	112.3337075127705	53.01002182977491
0.09721942444488897	0.01964597797635751	0.04327292284474352	0.01890323297879095	112.1163432853607	52.9010038188695
0.09731944442888578	0.01968801514197126	0.04337431253227236	0.01894214852789397	111.8996517717437	52.79232176473605
0.09741946441288257	0.01973010234576629	0.04347586165869944	0.01898110409298579	111.6836302142999	52.68397428838382
0.09751948439687938	0.01977223961040527	0.04357757042420599	0.0190200996740664	111.4682758695467	52.57596001789012
0.09761950438087617	0.01981442695858316	0.04367943902935062	0.01905913527113581	111.2535860080514	52.46827758835704
0.09771952436487298	0.01985666441302734	0.04378146767507005	0.01909821088419401	111.0395579143448	52.36092564186819
0.09781954434886977	0.01989895199649757	0.04388365656267976	0.019137326513241	110.8261888868358	52.25390282744593
0.09791956433286657	0.01994128973178604	0.04398600589387459	0.01917648215827679	110.6134762377264	52.14720780100893
0.09801958431686338	0.01998367764171741	0.04408851587072959	0.01921567781930138	110.4014172929272	52.04083922532985
0.09811960430086017	0.02002611574914885	0.04419118669570048	0.01925491349631476	110.1900093919735	51.93479576999359
0.09821962428485698	0.02006860407697005	0.0442940185716245	0.01929418918931693	109.9792498879425	51.82907611135551
0.09831964426885377	0.02011114264810325	0.04439701170172091	0.0193335048983079	109.7691361473703	51.72367893250031
0.09841966425285056	0.02015373148550331	0.04450016628959189	0.01937286062328766	109.5596655501698	51.61860292320089
0.09851968423684737	0.0201963706121577	0.04460348253922299	0.01941225636425623	109.3508354895498	51.51384677987765
0.09861970422084416	0.02023906005108655	0.04470696065498394	0.01945169212121358	109.1426433719336	51.40940920555814
0.09871972420484097	0.02028179982534272	0.04481060084162937	0.01949116789415973	108.9350866168791	51.30528890983679
0.09881974418883777	0.02032458995801173	0.04491440330429933	0.01953068368309467	108.7281626569986	51.20148460883517
0.09891976417283457	0.02036743047221191	0.0450183682485201	0.01957023948801841	108.52186893788	51.09799502516231
0.09901978415683137	0.02041032139109437	0.0451224958802049	0.01960983530893095	108.3162029180086	50.99481888787552
0.09911980414082816	0.02045326273784302	0.04522678640565445	0.01964947114583227	108.111162068688	50.89195493244122
0.09921982412482497	0.02049625453567466	0.04533124003155777	0.0196891469987224	107.9067438739633	50.78940190069629
0.09931984410882176	0.02053929680783895	0.04543585696499287	0.01972886286760131	107.7029458305447	50.68715854080963
0.09941986409281857	0.02058238957761849	0.04554063741342733	0.01976861875246903	107.4997654477296	50.58522360724386
0.09951988407681536	0.02062553286832884	0.04564558158471912	0.01980841465332554	107.2972002473282	50.48359586071746
0.09961990406081216	0.02066872670331853	0.04575068968711721	0.01984825057017084	107.0952477635872	50.38227406816705
0.09971992404480896	0.02071197110596913	0.04585596192926236	0.01988812650300494	106.8939055431156	50.28125700271003
0.09981994402880576	0.02075526609969525	0.0459613985201877	0.01992804245182783	106.69317114481	50.18054344360745
0.09991996401280256	0.0207986117079446	0.04606699966931953	0.01996799841663952	106.4930421397813	50.08013217622707
0.1000199839967994	0.02084200795419798	0.04617276558647793	0.02000799439744	106.2935161112808	49.9800219920068
0.1001200039807962	0.02088545486196941	0.04627869648187757	0.02004803039422928	106.094590654628	49.88021168841827
0.100220023964793	0.02092895245480603	0.04638479256612833	0.02008810640700735	105.8962633771385	49.7807000689308
0.1003200439487898	0.02097250075628824	0.04649105405023604	0.02012822243577422	105.6985318980515	49.68148594297546
0.1004200639327866	0.02101609979002969	0.04659748114560322	0.02016837848052988	105.5013938484595	49.5825681259095
0.1005200839167834	0.02105974957967729	0.04670407406402964	0.02020857454127433	105.3048468712368	49.48394543898102
0.1006201039007802	0.02110345014891133	0.04681083301771331	0.02024881061800759	105.1088886209701	49.38561670929374
0.100720123884777	0.02114720152144539	0.04691775821925087	0.02028908671072963	104.9135167638877	49.28758076977227
0.1008201438687737	0.02119100372102649	0.04702484988163852	0.02032940281944047	104.7187289777912	49.18983645912738
0.1009201638527706	0.02123485677143506	0.04713210821827275	0.02036975894414012	104.5245229519862	49.09238262182163
0.1010201838367673	0.02127876069648497	0.04723953344295083	0.02041015508482854	104.3308963872143	48.99521810803529
0.1011202038207642	0.0213227155200236	0.04734712576987184	0.02045059124150577	104.1378469955849	48.89834177363227
0.101220223804761	0.02136672126593185	0.0474548854136371	0.02049106741417179	103.9453725005081	48.80175248012662
0.1013202437887578	0.02141077795812418	0.04756281258925112	0.02053158360282661	103.7534706366279	48.70544909464892
0.1014202637727546	0.02145488562054864	0.04767090751212217	0.02057213980747022	103.5621391497552	48.6094304899132
0.1015202837567513	0.02149904427718691	0.04777917039806309	0.02061273602810262	103.3713757968027	48.51369554418385
0.1016203037407482	0.02154325395205435	0.04788760146329201	0.02065337226472383	103.1811783457186	48.41824314124287
0.1017203237247449	0.02158751466919998	0.04799620092443304	0.02069404851733382	102.9915445754221	48.32307217035742
0.1018203437087418	0.02163182645270659	0.04810496899851699	0.02073476478593261	102.8024722757381	48.22818152624738
0.1019203636927385	0.02167618932669069	0.04821390590298218	0.0207755210705202	102.6139592473339	48.1335701090534
0.1020203836767353	0.02172060331530264	0.0483230118556751	0.02081631737109657	102.4260033016546	48.03923682430489
0.1021204036607321	0.0217650684427266	0.04843228707485119	0.02085715368766175	102.2386022608605	47.94518058288843
0.1022204236447289	0.02180958473318061	0.04854173177917556	0.02089803002021572	102.0517539577637	47.85140030101639
0.1023204436287257	0.02185415221091663	0.04865134618772371	0.02093894636875849	101.8654562357658	47.75789490019559
0.1024204636127225	0.0218987709002205	0.04876113051998227	0.02097990273329004	101.6797069487964	47.66466330719643
0.1025204835967194	0.02194344082541212	0.04887108499584984	0.0210208991138104	101.4945039612504	47.57170445402193
0.1026205035807161	0.02198816201084532	0.04898120983563758	0.02106193551031955	101.3098451479282	47.47901727787733
0.1027205235647129	0.02203293448090801	0.04909150526007001	0.02110301192281749	101.1257283939736	47.38660072113956
0.1028205435487097	0.02207775826002219	0.04920197149028589	0.02114412835130423	100.9421515948146	47.29445373132712
0.1029205635327065	0.02212263337264393	0.0493126087478387	0.02118528479577977	100.7591126561027	47.20257526107017
0.1030205835167033	0.0221675598432635	0.0494234172546977	0.0212264812562441	100.5766094936536	47.11096426808068
0.1031206035007001	0.02221253769640531	0.04953439723324839	0.02126771773269722	100.3946400333884	47.01961971512294
0.1032206234846969	0.022257566956628	0.04964554890629352	0.02130899422513913	100.2132022112744	46.92854056998416
0.1033206434686937	0.02230264764852449	0.04975687249705363	0.02135031073356985	100.0322939732669	46.83772580544528
0.1034206634526905	0.02234777979672194	0.04986836822916799	0.02139166725798936	99.8519132752518	46.74717439925212
0.1035206834366873	0.02239296342588189	0.04998003632669521	0.02143306379839767	99.67205808298706	46.65688533408648
0.1036207034206841	0.02243819856070018	0.05009187701411406	0.02147450035479476	99.49272637204655	46.56685759753768
0.1037207234046809	0.02248348522590711	0.0502038905163243	0.02151597692718066	99.31391612776262	46.47709018207405
0.1038207433886777	0.02252882344626734	0.05031607705864732	0.02155749351555534	99.13562534517008	46.38758208501491
0.1039207633726745	0.02257421324658006	0.05042843686682696	0.02159905011991882	98.95785202895006	46.29833230850239
0.1040207833566713	0.02261965465167893	0.05054097016703037	0.0216406467402711	98.78059419337434	46.20933985947374
0.1041208033406681	0.02266514768643215	0.05065367718584857	0.02168228337661218	98.60384986225031	46.1206037496337
0.1042208233246649	0.0227106923757425	0.05076655815029747	0.02172396002894205	98.42761706886589	46.03212299542699
0.1043208433086617	0.02275628874454737	0.05087961328781839	0.02176567669726071	98.25189385593502	45.94389661801114
0.1044208632926585	0.02280193681781878	0.05099284282627904	0.02180743338156816	98.07667827554376	45.85592364322933
0.1045208832766553	0.02284763662056346	0.05110624699397424	0.02184923008186442	97.90196838909617	45.76820310158357
0.1046209032606521	0.02289338817782283	0.0512198260196266	0.02189106679814946	97.72776226726113	45.68073402820798
0.1047209232446489	0.02293919151467309	0.05133358013238742	0.02193294353042331	97.5540579899192	45.59351546284221
0.1048209432286457	0.02298504665622519	0.0514475095618374	0.02197486027868594	97.3808536461099	45.50654644980516
0.1049209632126425	0.02303095362762497	0.0515616145379875	0.02201681704293738	97.2081473339794	45.4198260379687
0.1050209831966393	0.02307691245405305	0.05167589529127958	0.0220588138231776	97.03593716072841	45.33335328073179
0.1051210031806361	0.02312292316072502	0.05179035205258743	0.02210085061940662	96.8642212425607	45.24712723599454
0.1052210231646329	0.02316898577289138	0.05190498505321725	0.02214292743162444	96.69299770463145	45.16114696613258
0.1053210431486297	0.02321510031583759	0.05201979452490869	0.02218504425983105	96.5222646809967	45.07541153797165
0.1054210631326265	0.02326126681488415	0.05213478069983558	0.02222720110402646	96.3520203145624	44.98992002276211
0.1055210831166233	0.02330748529538656	0.0522499438106066	0.02226939796421066	96.1822627570342	44.90467149615399
0.1056211031006201	0.02335375578273543	0.05236528409026622	0.02231163484038365	96.01299016886747	44.81966503817185
0.1057211230846169	0.0234000783023565	0.05248080177229548	0.02235391173254544	95.84420071921772	44.73489973319001
0.1058211430686137	0.02344645287971063	0.0525964970906127	0.02239622864069602	95.67589258589119	44.65037466990792
0.1059211630526105	0.02349287954029393	0.05271237027957446	0.02243858556483541	95.50806395529592	44.56608894132562
0.1060211830366073	0.02353935830963765	0.0528284215739761	0.02248098250496358	95.34071302239316	44.48204164471947
0.1061212030206041	0.0235858892133084	0.05294465120905282	0.02252341946108056	95.17383799064875	44.3982318816179
0.1062212230046009	0.02363247227690803	0.05306105942048036	0.02256589643318632	95.00743707198549	44.31465875777749
0.1063212429885977	0.02367910752607376	0.05317764644437585	0.02260841342128088	94.84150848673519	44.23132138315901
0.1064212629725945	0.02372579498647818	0.05329441251729854	0.02265097042536424	94.67605046359122	44.14821887190379
0.1065212829565913	0.02377253468382929	0.05341135787625069	0.02269356744543638	94.51106123956171	44.06535034231021
0.1066213029405881	0.02381932664387057	0.05352848275867835	0.02273620448149733	94.34653905992236	43.98271491681022
0.1067213229245849	0.02386617089238094	0.05364578740247217	0.02277888153354707	94.18248217817045	43.90031172194619
0.1068213429085817	0.02391306745517488	0.05376327204596831	0.0228215986015856	94.01888885597836	43.81813988834779
0.1069213628925785	0.02396001635810245	0.0538809369279491	0.02286435568561293	93.8557573631477	43.73619855070902
0.1070213828765753	0.02400701762704927	0.05399878228764392	0.02290715278562905	93.69308597756392	43.65448684776557
0.1071214028605721	0.02405407128793664	0.05411680836473014	0.02294998990163398	93.53087298515098	43.573003922272
0.1072214228445689	0.02410117736672149	0.05423501539933379	0.02299286703362769	93.36911667982638	43.49174892097941
0.1073214428285657	0.02414833588939654	0.05435340363203047	0.0230357841816102	93.20781536345635	43.410720994613
0.1074214628125625	0.02419554688199019	0.05447197330384614	0.0230787413455815	93.04696734581179	43.32991929784998
0.1075214827965593	0.02424281037056666	0.05459072465625796	0.0231217385255416	92.88657094452385	43.2493429892974
0.1076215027805561	0.02429012638122601	0.05470965793119518	0.02316477572149049	92.7266244850403	43.16899123147033
0.1077215227645529	0.02433749494010416	0.05482877337103981	0.02320785293342818	92.56712630058192	43.08886319077013
0.1078215427485497	0.02438491607337293	0.05494807121862775	0.02325097016135467	92.40807473209935	43.00895803746269
0.1079215627325465	0.02443238980724008	0.05506755171724925	0.02329412740526994	92.24946812823008	42.92927494565713
0.1080215827165433	0.02447991616794937	0.05518721511065008	0.02333732466517401	92.09130484525578	42.8498130932843
0.1081216027005401	0.02452749518178056	0.05530706164303224	0.02338056194106689	91.93358324705983	42.77057166207566
0.1082216226845369	0.02457512687504949	0.0554270915590547	0.02342383923294854	91.77630170508526	42.69154983754224
0.1083216426685337	0.02462281127410808	0.05554730510383448	0.02346715654081901	91.61945859829297	42.61274680895361
0.1084216626525305	0.02467054840534439	0.05566770252294725	0.02351051386467826	91.46305231311993	42.53416176931721
0.1085216826365273	0.02471833829518266	0.05578828406242835	0.02355391120452631	91.30708124343801	42.45579391535755
0.1086217026205241	0.02476618097008332	0.05590904996877363	0.02359734856036315	91.151543790513	42.37764244749584
0.1087217226045209	0.0248140764565431	0.0560300004889402	0.02364082593218878	90.99643836296357	42.29970656982944
0.1088217425885177	0.02486202478109498	0.05615113587034736	0.02368434332000321	90.84176337672095	42.22198549011171
0.1089217625725145	0.02491002597030827	0.05627245636087742	0.02372790072380644	90.68751725498861	42.14447841973184
0.1090217825565113	0.02495808005078868	0.05639396220887669	0.02377149814359846	90.53369842820221	42.0671845736948
0.1091218025405081	0.02500618704917828	0.05651565366315612	0.02381513557937928	90.38030533398997	41.99010317060156
0.1092218225245049	0.02505434699215563	0.05663753097299228	0.0238588130311489	90.22733641713296	41.91323343262924
0.1093218425085017	0.02510255990643576	0.05675959438812831	0.0239025304989073	90.07479012952608	41.83657458551156
0.1094218624924985	0.02515082581877021	0.05688184415877463	0.0239462879826545	89.92266493013889	41.7601258585193
0.1095218824764953	0.0251991447559471	0.05700428053560991	0.0239900854823905	89.77095928497701	41.68388648444094
0.1096219024604921	0.02524751674479116	0.05712690376978189	0.02403392299811529	89.61967166704352	41.60785569956344
0.1097219224444889	0.02529594181216375	0.05724971411290828	0.02407780052982888	89.46880055630075	41.53203274365307
0.1098219424284857	0.0253444199849629	0.05737271181707763	0.02412171807753125	89.31834443963224	41.45641685993643
0.1099219624124825	0.02539295129012339	0.0574958971348502	0.02416567564122243	89.16830181080509	41.38100729508156
0.1100219823964793	0.02544153575461675	0.05761927031925889	0.0242096732209024	89.01867117043221	41.30580329917917
0.1101220023804761	0.0254901734054513	0.05774283162380998	0.02425371081657116	88.86945102593531	41.23080412572403
0.1102220223644729	0.02553886426967222	0.05786658130248418	0.02429778842822873	88.72063989150755	41.1560090315964
0.1103220423484697	0.02558760837436154	0.0579905196097374	0.02434190605587508	88.57223628807709	41.08141727704366
0.1104220623324665	0.02563640574663826	0.05811464680050177	0.02438606369951023	88.42423874327011	41.00702812566195
0.1105220823164633	0.02568525641365827	0.05823896313018629	0.02443026135913418	88.27664579137476	40.93284084437813
0.1106221023004601	0.02573416040261454	0.05836346885467801	0.02447449903474691	88.12945597330496	40.85885470343155
0.1107221222844569	0.02578311774073702	0.05848816423034269	0.02451877672634845	87.98266783656432	40.78506897635625
0.1108221422684537	0.02583212845529276	0.05861304951402579	0.02456309443393878	87.83627993521078	40.71148293996306
0.1109221622524505	0.02588119257358596	0.05873812496305349	0.02460745215751791	87.69029082982102	40.63809587432182
0.1110221822364473	0.02593031012295791	0.05886339083523325	0.02465184989708583	87.54469908745516	40.56490706274393
0.1111222022204441	0.02597948113078717	0.05898884738885513	0.02469628765264253	87.39950328162203	40.4919157917647
0.1112222222044409	0.02602870562448953	0.05911449488269235	0.02474076542418805	87.25470199224391	40.41912135112604
0.1113222421884377	0.02607798363151802	0.05924033357600239	0.02478528321172235	87.11029380562262	40.34652303375916
0.1114222621724345	0.02612731517936304	0.05936636372852784	0.02482984101524545	86.96627731440458	40.2741201357674
0.1115222821564313	0.02617670029555232	0.05949258560049728	0.02487443883475734	86.82265111754718	40.20191195640918
0.1116223021404281	0.02622613900765104	0.05961899945262631	0.02491907667025803	86.67941382028448	40.12989779808102
0.1117223221244249	0.02627563134326176	0.0597456055461182	0.02496375452174752	86.53656403409366	40.05807696630073
0.1118223421084217	0.02632517733002458	0.0598724041426651	0.02500847238922579	86.39410037666167	39.98644876969064
0.1119223620924185	0.02637477699561711	0.0599993955044489	0.02505323027269287	86.25202147185173	39.91501251996092
0.1120223820764153	0.0264244303677545	0.06012657989414193	0.02509802817214873	86.11032594967041	39.84376753189318
0.1121224020604121	0.02647413747418957	0.0602539575749082	0.0251428660875934	85.96901244623473	39.77271312332384
0.1122224220444089	0.02652389834271274	0.06038152881040396	0.02518774401902686	85.82807960373938	39.701848615128
0.1123224420284057	0.02657371300115212	0.06050929386477905	0.02523266196644911	85.6875260704246	39.63117333120307
0.1124224620124025	0.02662358147737359	0.06063725300267744	0.02527761992986016	85.54735050054337	39.56068659845271
0.1125224819963993	0.02667350379928076	0.06076540648923843	0.02532261790926	85.40755155433011	39.49038774677081
0.1126225019803961	0.0267234799948151	0.06089375459009742	0.02536765590464864	85.26812789796801	39.42027610902548
0.1127225219643929	0.0267735100919559	0.06102229757138693	0.02541273391602607	85.12907820355805	39.35035102104337
0.1128225419483897	0.02682359411872036	0.06115103569973748	0.0254578519433923	84.99040114908712	39.28061182159379
0.1129225619323865	0.02687373210316363	0.0612799692422786	0.02550300998674732	84.85209541839696	39.21105785237317
0.1130225819163833	0.02692392407337882	0.06140909846663972	0.02554820804609113	84.71415970115308	39.14168845798951
0.1131226019003801	0.02697417005749709	0.06153842364095109	0.02559344612142375	84.57659269281375	39.07250298594688
0.1132226218843769	0.02702447008368765	0.06166794503384479	0.02563872421274515	84.43939309459938	39.00350078663018
0.1133226418683737	0.02707482418015782	0.06179766291445563	0.02568404232005536	84.30255961346215	38.93468121328982
0.1134226618523705	0.02712523237515306	0.06192757755242214	0.02572940044335435	84.16609096205559	38.86604362202657
0.1135226818363673	0.02717569469695703	0.06205768921788743	0.02577479858264214	84.02998585870436	38.79758737177652
0.1136227018203641	0.02722621117389163	0.06218799818150029	0.02582023673791873	83.89424302737442	38.72931182429608
0.1137227218043609	0.02727678183431702	0.06231850471441602	0.02586571490918411	83.75886119764344	38.66121634414717
0.1138227417883577	0.0273274067066317	0.06244920908829744	0.02591123309643829	83.62383910467084	38.59330029868236
0.1139227617723545	0.0273780858192725	0.06258011157531584	0.02595679129968126	83.48917548916877	38.5255630580302
0.1140227817563513	0.02742881920071467	0.06271121244815196	0.02600238951891303	83.3548690973727	38.45800399508063
0.1141228017403481	0.02747960687947192	0.06284251197999692	0.02604802775413359	83.22091868101251	38.39062248547048
0.1142228217243449	0.02753044888409641	0.06297401044455324	0.02609370600534294	83.08732299728351	38.32341790756899
0.1143228417083417	0.02758134524317886	0.06310570811603575	0.02613942427254109	82.95408080881785	38.2563896424635
0.1144228616923385	0.02763229598534856	0.06323760526917259	0.02618518255572803	82.82119088365606	38.18953707394524
0.1145228816763353	0.02768330113927341	0.06336970217920616	0.02623098085490378	82.68865199521858	38.1228595884951
0.1146229016603321	0.02773436073365996	0.06350199912189421	0.02627681917006831	82.5564629222778	38.05635657526962
0.1147229216443289	0.02778547479725348	0.0636344963735106	0.02632269750122164	82.42462244892992	37.99002742608693
0.1148229416283257	0.02783664335883797	0.06376719421084646	0.02636861584836377	82.29312936456719	37.92387153541289
0.1149229616123225	0.02788786644723623	0.06390009291121117	0.02641457421149468	82.16198246385036	37.8578883003473
0.1150229815963193	0.02793914409130989	0.06403319275243323	0.0264605725906144	82.03118054668106	37.79207712061005
0.1151230015803161	0.02799047631995942	0.06416649401286127	0.02650661098572291	81.90072241817462	37.72643739852763
0.1152230215643129	0.02804186316212426	0.06429999697136517	0.02655268939682022	81.7706068886328	37.66096853901939
0.1153230415483097	0.02809330464678277	0.06443370190733691	0.02659880782390631	81.64083277351696	37.59566994958421
0.1154230615323065	0.02814480080295234	0.06456760910069159	0.0266449662669812	81.51139889342117	37.53054104028697
0.1155230815163033	0.02819635165968942	0.06470171883186857	0.0266911647260449	81.38230407404559	37.46558122374527
0.1156231015003001	0.02824795724608949	0.06483603138183215	0.02673740320109738	81.25354714616995	37.40078991511626
0.1157231214842969	0.02829961759128723	0.06497054703207299	0.02678368169213866	81.12512694562722	37.33616653208331
0.1158231414682937	0.02835133272445647	0.06510526606460867	0.02683000019916873	80.99704231327755	37.27171049484311
0.1159231614522905	0.02840310267481025	0.06524018876198504	0.0268763587221876	80.86929209498204	37.20742122609253
0.1160231814362873	0.02845492747160092	0.06537531540727713	0.02692275726119527	80.7418751415771	37.14329815101575
0.1161232014202841	0.0285068071441201	0.06551064628409006	0.02696919581619172	80.61479030884878	37.07934069727143
0.1162232214042809	0.02855874172169878	0.06564618167656019	0.02701567438717698	80.48803645750694	37.01554829497987
0.1163232413882777	0.02861073123370734	0.06578192186935593	0.02706219297415102	80.36161245316011	36.95192037671039
0.1164232613722745	0.02866277570955563	0.0659178671476791	0.02710875157711387	80.23551716629022	36.88845637746867
0.1165232813562713	0.02871487517869294	0.06605401779726555	0.02715535019606551	80.10974947222752	36.82515573468422
0.116623301340268	0.02876702967060813	0.06619037410438651	0.02720198883100593	79.98430825112557	36.76201788819791
0.1167233213242649	0.02881923921482964	0.06632693635584945	0.02724866748193517	79.8591923879364	36.69904228024956
0.1168233413082616	0.0288715038409255	0.06646370483899906	0.02729538614885318	79.73440077238617	36.63622835546568
0.1169233612922585	0.02892382357850344	0.06660067984171845	0.02734214483176001	79.60993229895027	36.57357556084711
0.1170233812762553	0.02897619845721085	0.06673786165243004	0.02738894353065562	79.48578586682942	36.51108334575703
0.117123401260252	0.02902862850673493	0.06687525056009662	0.02743578224554002	79.36196037992509	36.44875116190867
0.1172234212442489	0.02908111375680265	0.06701284685422244	0.02748266097641323	79.23845474681561	36.38657846335338
0.1173234412282456	0.02913365423718083	0.06715065082485416	0.02752957972327522	79.11526788073233	36.32456470646872
0.1174234612122425	0.02918624997767618	0.067288662762582	0.02757653848612602	78.99239869953568	36.26270934994645
0.1175234811962392	0.02923890100813533	0.06742688295854067	0.0276235372649656	78.86984612569185	36.20101185478084
0.1176235011802361	0.02929160735844493	0.06756531170441051	0.02767057605979398	78.7476090862488	36.13947168425684
0.1177235211642328	0.0293443690585316	0.06770394929241844	0.02771765487061116	78.62568651281347	36.07808830393849
0.1178235411482296	0.02939718613836207	0.06784279601533912	0.02776477369741713	78.50407734152822	36.01686118165721
0.1179235611322264	0.02945005862794318	0.0679818521664959	0.0278119325402119	78.38278051304782	35.95578978750036
0.1180235811162232	0.02950298655732191	0.06812111803976191	0.02785913139899545	78.26179497251671	35.89487359379977
0.11812360110022	0.02955596995658548	0.06826059392956124	0.02790637027376781	78.14111966954587	35.83411207512025
0.1182236210842168	0.02960900885586132	0.06840028013086975	0.02795364916452896	78.02075355819052	35.77350470824837
0.1183236410682136	0.02966210328531719	0.0685401769392163	0.0280009680712789	77.90069559692736	35.71305097218114
0.1184236610522104	0.0297152532751612	0.06868028465068388	0.02804832699401765	77.78094474863217	35.65275034811479
0.1185236810362072	0.02976845885564181	0.06882060356191039	0.02809572593274518	77.66149998055769	35.59260231943371
0.118623701020204	0.02982172005704795	0.06896113397009009	0.02814316488746152	77.54236026431143	35.53260637169933
0.1187237210042008	0.02987503690970902	0.06910187617297441	0.02819064385816664	77.42352457583368	35.47276199263916
0.1188237409881976	0.02992840944399495	0.06924283046887297	0.02823816284486056	77.30499189537547	35.41306867213577
0.1189237609721944	0.02998183769031623	0.06938399715665498	0.02828572184754327	77.18676120747718	35.35352590221606
0.1190237809561912	0.03003532167912398	0.06952537653575001	0.02833332086621478	77.06883150094664	35.29413317704032
0.119123800940188	0.03008886144091	0.06966696890614921	0.02838095990087509	76.95120176883766	35.23488999289155
0.1192238209241848	0.03014245700620678	0.0698087745684063	0.02842863895152419	76.83387100842887	35.17579584816477
0.1193238409081816	0.03019610840558758	0.06995079382363878	0.02847635801816209	76.71683822120224	35.11685024335642
0.1194238608921784	0.03024981566966645	0.07009302697352898	0.02852411710078877	76.60010241282224	35.05805268105379
0.1195238808761752	0.03030357882909833	0.07023547432032506	0.02857191619940425	76.48366259311453	34.99940266592448
0.119623900860172	0.03035739791457902	0.07037813616684224	0.02861975531400853	76.36751777604536	34.94089970470604
0.1197239208441688	0.03041127295684529	0.07052101281646379	0.02866763444460161	76.25166697970072	34.88254330619559
0.1198239408281656	0.03046520398667488	0.07066410457314215	0.02871555359118348	76.1361092262657	34.82433298123946
0.1199239608121624	0.03051919103488658	0.07080741174140011	0.02876351275375414	76.02084354200414	34.76626824272298
0.1200239807961592	0.03057323413234028	0.07095093462633179	0.0288115119323136	75.905868957238	34.70834860556027
0.120124000780156	0.03062733330993699	0.07109467353360382	0.02885955112686186	75.79118450632728	34.65057358668415
0.1202240207641528	0.03068148859861889	0.07123862876945652	0.0289076303373989	75.67678922764988	34.59294270503598
0.1203240407481496	0.03073570002936942	0.07138280064070483	0.02895574956392475	75.56268216358139	34.53545548155574
0.1204240607321464	0.03078996763321326	0.07152718945473956	0.02900390880643938	75.44886236047547	34.47811143917203
0.1205240807161432	0.03084429144121644	0.07167179551952849	0.02905210806494282	75.3353288686438	34.42091010279216
0.12062410070014	0.03089867148448635	0.07181661914361745	0.02910034733943504	75.22208074233652	34.36385099929237
0.1207241206841368	0.03095310779417178	0.07196166063613144	0.02914862662991606	75.10911703972265	34.30693365750795
0.1208241406681336	0.03100760040146303	0.07210692030677583	0.02919694593638588	74.99643682287061	34.2501576082236
0.1209241606521304	0.03106214933759187	0.07225239846583741	0.02924530525884449	74.88403915772889	34.19352238416371
0.1210241806361272	0.03111675463383166	0.07239809542418552	0.02929370459729191	74.77192311410687	34.13702751998278
0.121124200620124	0.03117141632149735	0.07254401149327323	0.02934214395172811	74.66008776565565	34.08067255225585
0.1212242206041208	0.03122613443194556	0.07269014698513844	0.02939062332215311	74.54853218984901	34.02445701946895
0.1213242405881176	0.0312809089965746	0.07283650221240504	0.02943914270856689	74.43725546796466	33.96838046200973
0.1214242605721144	0.03133574004682456	0.07298307748828399	0.02948770211096948	74.32625668506523	33.91244242215802
0.1215242805561112	0.03139062761417731	0.07312987312657461	0.02953630152936087	74.21553492997978	33.85664244407648
0.121624300540108	0.03144557173015657	0.07327688944166549	0.02958494096374104	74.1050892952852	33.80098007380134
0.1217243205241048	0.03150057242632798	0.07342412674853589	0.02963362041411001	73.9949188772876	33.74545485923317
0.1218243405081016	0.0315556297342991	0.07357158536275671	0.02968233988046778	73.88502277600413	33.69006635012767
0.1219243604920984	0.0316107436857195	0.07371926560049172	0.02973109936281434	73.77540009514465	33.63481409808656
0.1220243804760952	0.0316659143122808	0.07386716777849872	0.0297798988611497	73.66604994209352	33.5796976565485
0.122124400460092	0.0317211416457167	0.07401529221413061	0.02982873837547384	73.55697142789168	33.52471658078012
0.1222244204440888	0.03177642571780307	0.07416363922533677	0.02987761790578679	73.44816366721862	33.4698704278669
0.1223244404280856	0.03183176656035791	0.07431220913066389	0.02992653745208853	73.33962577837464	33.41515875670446
0.1224244604120824	0.03188716420524153	0.0744610022492575	0.02997549701437907	73.23135688326289	33.3605811279895
0.1225244803960792	0.03194261868435649	0.07461001890086276	0.0300244965926584	73.12335610737193	33.30613710421111
0.122624500380076	0.03199813002964771	0.07475925940582603	0.03007353618692652	73.01562257975822	33.25182624964194
0.1227245203640728	0.03205369827310246	0.07490872408509576	0.03012261579718345	72.90815543302857	33.19764813032947
0.1228245403480696	0.03210932344675049	0.07505841326022374	0.03017173542342916	72.80095380332284	33.14360231408742
0.1229245603320664	0.03216500558266402	0.07520832725336631	0.03022089506566367	72.69401683029666	33.08968837048702
0.1230245803160632	0.0322207447129578	0.07535846638728554	0.03027009472388698	72.58734365710447	33.03590587084857
0.12312460030006	0.03227654086978918	0.0755088309853504	0.03031933439809907	72.48093343038217	32.98225438823277
0.1232246202840568	0.03233239408535812	0.07565942137153792	0.03036861408829997	72.37478530023049	32.92873349743238
0.1233246402680536	0.03238830439190729	0.07581023787043445	0.03041793379448966	72.26889842019791	32.87534277496371
0.1234246602520504	0.03244427182172209	0.07596128080723684	0.03046729351666815	72.16327194726414	32.82208179905828
0.1235246802360472	0.0325002964071307	0.07611255050775351	0.03051669325483542	72.05790504182309	32.76895014965451
0.123624700220044	0.03255637818050414	0.07626404729840588	0.0305661330089915	71.95279686766681	32.71594740838936
0.1237247202040408	0.0326125171742563	0.07641577150622933	0.03061561277913637	71.84794659196849	32.66307315859019
0.1238247401880376	0.03266871342084403	0.0765677234588746	0.03066513256527003	71.74335338526653	32.6103269852665
0.1239247601720344	0.03272496695276715	0.07671990348460886	0.03071469236739249	71.63901642144791	32.55770847510183
0.1240247801560312	0.03278127780256852	0.07687231191231705	0.03076429218550374	71.53493487773237	32.50521721644563
0.124124800140028	0.03283764600283409	0.0770249490715029	0.0308139320196038	71.43110793465577	32.45285279930523
0.1242248201240248	0.03289407158619292	0.07717781529229041	0.03086361186969264	71.32753477605478	32.40061481533784
0.1243248401080216	0.03295055458531731	0.07733091090542477	0.03091333173577027	71.22421458905022	32.34850285784257
0.1244248600920184	0.03300709503292277	0.07748423624227389	0.03096309161783671	71.12114656403179	32.29651652175252
0.1245248800760152	0.03306369296176808	0.07763779163482937	0.03101289151589193	71.01832989464211	32.24465540362691
0.124624900060012	0.0331203484046554	0.07779157741570786	0.03106273142993596	70.91576377776101	32.19291910164326
0.1247249200440088	0.03317706139443024	0.07794559391815219	0.03111261135996878	70.81344741349012	32.14130721558962
0.1248249400280056	0.03323383196398159	0.07809984147603281	0.03116253130599039	70.71138000513722	32.08981934685676
0.1249249600120024	0.03329066014624191	0.07825432042384878	0.0312124912680008	70.60956075920102	32.03845509843057
0.1250249799959992	0.03334754597418722	0.07840903109672914	0.031262491246	70.50798888535569	31.98721407488435
0.125124999979996	0.03340448948083712	0.07856397383043412	0.03131253123998799	70.40666359643581	31.9360958823712
0.1252250199639928	0.03346149069925488	0.07871914896135641	0.03136261124996479	70.30558410842096	31.88510012861645
0.1253250399479896	0.03351854966254744	0.07887455682652239	0.03141273127593038	70.20474964042111	31.83422642291018
0.1254250599319864	0.03357566640386552	0.07903019776359335	0.03146289131788477	70.10415941466123	31.78347437609969
0.1255250799159832	0.0336328409564036	0.07918607211086673	0.03151309137582793	70.00381265646664	31.73284360058209
0.12562509989998	0.03369007335340009	0.07934218020727761	0.03156333144975991	69.90370859424803	31.68233371029681
0.1257251198839768	0.03374736362813724	0.07949852239239953	0.03161361153968068	69.803846459487	31.6319443207184
0.1258251398679736	0.03380471181394126	0.07965509900644611	0.03166393164559023	69.70422548672124	31.58167504884909
0.1259251598519704	0.03386211794418242	0.07981191039027226	0.03171429176748859	69.60484491352992	31.5315255132115
0.1260251798359672	0.033919582052275	0.07996895688537532	0.03176469190537574	69.50570398051943	31.48149533384152
0.126125199819964	0.03397710417167742	0.08012623883389637	0.03181513205925168	69.40680193130888	31.43158413228101
0.1262252198039608	0.03403468433589228	0.08028375657862163	0.03186561222911643	69.30813801251557	31.38179153157065
0.1263252397879576	0.03409232257846637	0.08044151046298358	0.03191613241496997	69.20971147374124	31.33211715624288
0.1264252597719544	0.03415001893299077	0.08059950083106224	0.0319666926168123	69.1115215675574	31.28256063231478
0.1265252797559512	0.03420777343310087	0.08075772802758666	0.03201729283464342	69.0135675494917	31.23312158728104
0.126625299739948	0.03426558611247647	0.08091619239793596	0.03206793306846335	68.91584867801349	31.18379965010694
0.1267253197239448	0.03432345700484176	0.08107489428814074	0.03211861331827207	68.81836421452033	31.13459445122142
0.1268253397079416	0.03438138614396543	0.08123383404488434	0.03216933358406956	68.72111342332381	31.08550562251018
0.1269253596919384	0.03443937356366072	0.08139301201550415	0.03222009386585587	68.62409557163595	31.03653279730868
0.1270253796759352	0.03449741929778545	0.08155242854799291	0.03227089416363098	68.52730992955543	30.98767561039543
0.127125399659932	0.03455552338024207	0.08171208399099998	0.03232173447739488	68.43075577005411	30.93893369798512
0.1272254196439288	0.03461368584497772	0.08187197869383261	0.03237261480714756	68.33443236896335	30.89030669772186
0.1273254396279256	0.03467190672598433	0.0820321130064575	0.03242353515288905	68.23833900496049	30.84179424867238
0.1274254596119224	0.03473018605729861	0.08219248727950174	0.03247449551461933	68.14247495955566	30.79339599131944
0.1275254795959192	0.03478852387300208	0.08235310186425421	0.03252549589233839	68.0468395170783	30.74511156755513
0.127625499579916	0.03484692020722127	0.08251395711266725	0.03257653628604627	67.9514319646639	30.69694062067418
0.1277255195639128	0.03490537509412759	0.08267505337735748	0.03262761669574293	67.85625159224097	30.64888279536747
0.1278255395479096	0.03496388856793749	0.08283639101160742	0.0326787371214284	67.76129769251783	30.60093773771542
0.1279255595319064	0.03502246066291247	0.08299797036936674	0.03272989756310264	67.66656956096962	30.5531050951815
0.1280255795159032	0.03508109141335924	0.08315979180525364	0.0327810980207657	67.57206649582517	30.50538451660571
0.1281255994999	0.03513978085362958	0.08332185567455608	0.03283233849441754	67.47778779805445	30.45777565219819
0.1282256194838968	0.03519852901812055	0.08348416233323314	0.03288361898405817	67.38373277135551	30.41027815353278
0.1283256394678936	0.03525733594127455	0.08364671213791648	0.03293493948968761	67.28990072214162	30.36289167354061
0.1284256594518904	0.03531620165757921	0.08380950544591147	0.03298630001130584	67.19629095952899	30.31561586650387
0.1285256794358872	0.03537512620156766	0.08397254261519875	0.03303770054891287	67.10290279532377	30.26845038804935
0.128625699419884	0.0354341096078184	0.08413582400443538	0.03308914110250868	67.00973554400976	30.22139489514233
0.1287257194038808	0.03549315191095553	0.08429934997295642	0.0331406216720933	66.91678852273564	30.17444904608018
0.1288257393878776	0.0355522531456486	0.08446312088077598	0.03319214225766671	66.82406105130302	30.12761250048633
0.1289257593718744	0.03561141334661286	0.08462713708858884	0.0332437028592289	66.73155245215366	30.08088491930394
0.1290257793558712	0.0356706325486092	0.08479139895777175	0.03329530347677991	66.63926205035746	30.03426596478985
0.129125799339868	0.03572991078644423	0.08495590685038465	0.0333469441103197	66.54718917360007	29.98775530050849
0.1292258193238648	0.03578924809497033	0.08512066112917217	0.03339862475984828	66.45533315217106	29.94135259132576
0.1293258393078616	0.03584864450908578	0.08528566215756507	0.03345034542536567	66.36369331895138	29.895057503403
0.1294258592918584	0.03590810006373467	0.08545091029968142	0.03350210610687185	66.27226900940181	29.84886970419102
0.1295258792758552	0.03596761479390707	0.08561640592032801	0.03355390680436682	66.18105956155073	29.80278886242411
0.129625899259852	0.03602718873463904	0.08578214938500185	0.03360574751785058	66.0900643159824	29.75681464811409
0.1297259192438488	0.03608682192101274	0.08594814105989163	0.03365762824732314	65.99928261582502	29.71094673254441
0.1298259392278456	0.0361465143881564	0.08611438131187869	0.03370954899278451	65.90871380673904	29.66518478826427
0.1299259592118424	0.03620626617124442	0.08628087050853883	0.03376150975423465	65.81835723690551	29.6195284890828
0.1300259791958392	0.03626607730549745	0.08644760901814359	0.0338135105316736	65.72821225701435	29.57397751006319
0.130125999179836	0.03632594782618241	0.08661459720966148	0.03386555132510134	65.63827822025289	29.528531527517
0.1302260191638328	0.03638587776861255	0.08678183545275965	0.03391763213451789	65.54855448229438	29.4831902189983
0.1303260391478296	0.0364458671681475	0.08694932411780498	0.0339697529599232	65.45904040128649	29.43795326329806
0.1304260591318264	0.03650591606019338	0.08711706357586579	0.03402191380131733	65.36973533783978	29.39282034043834
0.1305260791158232	0.0365660244802028	0.08728505419871302	0.03407411465870026	65.28063865501677	29.34779113166676
0.13062609909982	0.0366261924636749	0.08745329635882172	0.03412635553207197	65.19174971832041	29.30286531945081
0.1307261190838168	0.03668642004615549	0.08762179042937261	0.03417863642143248	65.1030678956829	29.2580425874722
0.1308261390678136	0.03674670726323701	0.08779053678425315	0.03423095732678179	65.01459255745458	29.21332262062139
0.1309261590518104	0.03680705415055866	0.08795953579805935	0.03428331824811989	64.92632307639293	29.168705104992
0.1310261790358072	0.03686746074380642	0.08812878784609685	0.03433571918544678	64.83825882765149	29.1241897278753
0.131126199019804	0.03692792707871313	0.08829829330438269	0.03438816013876247	64.75039918876887	29.07977617775473
0.1312262190038008	0.03698845319105853	0.0884680525496465	0.03444064110806697	64.66274353965794	29.03546414430049
0.1313262389877976	0.03704903911666927	0.0886380659593318	0.03449316209336024	64.57529126259486	28.99125331836408
0.1314262589717944	0.03710968489141911	0.08880833391159798	0.03454572309464232	64.48804174220845	28.94714339197287
0.1315262789557912	0.03717039055122881	0.08897885678532115	0.03459832411191319	64.40099436546937	28.90313405832485
0.1316262989397879	0.03723115613206628	0.08914963496009583	0.03465096514517284	64.31414852167947	28.8592250117832
0.1317263189237848	0.03729198166994665	0.08932066881623654	0.0347036461944213	64.22750360246113	28.81541594787099
0.1318263389077816	0.03735286720093228	0.08949195873477905	0.03475636725965856	64.1410590017468	28.77170656326595
0.1319263588917784	0.03741381276113282	0.08966350509748192	0.03480912834088462	64.05481411576851	28.72809655579518
0.1320263788757751	0.03747481838670527	0.08983530828682766	0.03486192943809945	63.96876834304725	28.68458562442998
0.132126398859772	0.03753588411385414	0.09000736868602495	0.0349147705513031	63.88292108438276	28.64117346928055
0.1322264188437688	0.03759700997883131	0.09017968667900919	0.03496765168049553	63.79727174284314	28.59785979159093
0.1323264388277655	0.03765819601793624	0.09035226265044458	0.03502057282567675	63.71181972375459	28.55464429373381
0.1324264588117623	0.03771944226751604	0.09052509698572553	0.03507353398684678	63.62656443469112	28.51152667920542
0.1325264787957592	0.03778074876396539	0.09069819007097768	0.0351265351640056	63.54150528546435	28.46850665262046
0.132626498779756	0.03784211554372672	0.09087154229306003	0.03517957635715322	63.45664168811368	28.42558391970702
0.1327265187637527	0.03790354264329022	0.09104515403956583	0.03523265756628962	63.37197305689583	28.38275818730159
0.1328265387477496	0.03796503009919396	0.09121902569882462	0.03528577879141483	63.28749880827502	28.34002916334396
0.1329265587317464	0.03802657794802382	0.09139315765990323	0.03533894003252883	63.20321836091309	28.29739655687236
0.1330265787157431	0.03808818622641368	0.09156755031260758	0.03539214128963161	63.11913113565948	28.25486007801843
0.1331265986997399	0.03814985497104544	0.09174220404748401	0.03544538256272321	63.03523655554132	28.2124194380023
0.1332266186837368	0.038211584218649	0.09191711925582091	0.03549866385180359	62.95153404575385	28.17007434912772
0.1333266386677336	0.03827337400600245	0.09209229632965006	0.03555198515687277	62.86802303365039	28.12782452477717
0.1334266586517303	0.03833522436993202	0.09226773566174835	0.03560534647793073	62.78470294873293	28.085669679407
0.1335266786357271	0.03839713534731224	0.09244343764563916	0.03565874781497751	62.70157322264215	28.04360952854258
0.133626698619724	0.03845910697506588	0.09261940267559379	0.03571218916801307	62.61863328914818	28.00164378877357
0.1337267186037207	0.0385211392901641	0.0927956311466332	0.03576567053703742	62.53588258414086	27.95977217774911
0.1338267385877175	0.03858323232962649	0.09297212345452927	0.03581919192205058	62.45332054562011	27.91799441417304
0.1339267585717143	0.03864538613052112	0.09314887999580661	0.03587275332305252	62.37094661368678	27.87631021779922
0.1340267785557111	0.03870760072996458	0.09332590116774384	0.03592635474004326	62.28876023053309	27.83471930942683
0.1341267985397079	0.03876987616512212	0.09350318736837529	0.0359799961730228	62.2067608404332	27.79322141089563
0.1342268185237047	0.03883221247320758	0.09368073899649242	0.03603367762199113	62.12494788973414	27.75181624508141
0.1343268385077016	0.03889460969148358	0.09385855645164543	0.03608739908694827	62.04332082684632	27.71050353589129
0.1344268584916983	0.03895706785726145	0.0940366401341446	0.03614116056789417	61.96187910223448	27.66928300825915
0.1345268784756951	0.03901958700790147	0.09421499044506242	0.0361949620648289	61.88062216840845	27.62815438814101
0.1346268984596919	0.03908216718081273	0.09439360778623433	0.03624880357775241	61.7995494799141	27.58711740251054
0.1347269184436887	0.03914480841345334	0.09457249256026086	0.03630268510666471	61.71866049332424	27.54617177935449
0.1348269384276855	0.03920751074333043	0.09475164517050909	0.03635660665156581	61.63795466722961	27.50531724766816
0.1349269584116823	0.03927027420800017	0.09493106602111388	0.03641056821245571	61.55743146222994	27.46455353745096
0.1350269783956791	0.03933309884506794	0.09511075551697992	0.03646456978933441	61.47709034092498	27.42388037970194
0.1351269983796759	0.03939598469218827	0.09529071406378281	0.03651861138220188	61.39693076790571	27.38329750641535
0.1352270183636727	0.03945893178706503	0.09547094206797123	0.03657269299105816	61.3169522097454	27.34280465057618
0.1353270383476695	0.03952194016745136	0.09565143993676783	0.03662681461590325	61.2371541349909	27.30240154615584
0.1354270583316663	0.03958500987114981	0.09583220807817129	0.03668097625673711	61.15753601415389	27.26208792810776
0.1355270783156631	0.03964814093601239	0.09601324690095787	0.03673517791355978	61.07809731970225	27.22186353236301
0.1356270982996599	0.03971133339994062	0.09619455681468256	0.03678941958637124	60.99883752605115	27.18172809582604
0.1357271182836567	0.03977458730088562	0.0963761382296813	0.0368437012751715	60.91975610955483	27.14168135637033
0.1358271382676535	0.03983790267684808	0.09655799155707213	0.03689802297996054	60.84085254849784	27.10172305283413
0.1359271582516503	0.03990127956587849	0.09674011720875703	0.03695238470073839	60.76212632308639	27.06185292501617
0.1360271782356471	0.03996471800607704	0.09692251559742335	0.03700678643750503	60.68357691544021	27.02207071367149
0.1361271982196439	0.04002821803559373	0.09710518713654535	0.03706122819026045	60.60520380958385	26.98237616050717
0.1362272182036407	0.04009177969262851	0.09728813224038622	0.03711570995900468	60.52700649143834	26.94276900817814
0.1363272381876375	0.04015540301543125	0.09747135132399926	0.03717023174373772	60.44898444881294	26.90324900028302
0.1364272581716343	0.04021908804230177	0.09765484480322958	0.03722479354445953	60.37113717139688	26.86381588136003
0.1365272781556311	0.04028283481159009	0.09783861309471603	0.03727939536117014	60.29346415075089	26.82446939688272
0.1366272981396279	0.04034664336169627	0.09802265661589235	0.03733403719386955	60.21596488029914	26.785209293256
0.1367273181236247	0.04041051373107061	0.0982069757849892	0.03738871904255776	60.13863885532112	26.746035317812
0.1368273381076215	0.04047444595821362	0.09839157102103546	0.03744344090723475	60.06148557294341	26.706947218806
0.1369273580916183	0.04053844008167625	0.09857644274386032	0.03749820278790054	59.98450453213156	26.66794474541237
0.1370273780756151	0.04060249614005973	0.09876159137409436	0.03755300468455514	59.90769523368215	26.6290276477206
0.1371273980596119	0.04066661417201577	0.09894701733317153	0.03760784659719851	59.83105718021475	26.59019567673125
0.1372274180436087	0.04073079421624664	0.09913272104333094	0.0376627285258307	59.75458987616389	26.55144858435197
0.1373274380276055	0.04079503631150514	0.09931870292761805	0.03771765047045167	59.67829282777123	26.51278612339357
0.1374274580116023	0.04085934049659474	0.09950496340988671	0.03777261243106145	59.6021655430776	26.47420804756604
0.1375274779955991	0.04092370681036958	0.09969150291480068	0.03782761440766	59.52620753191525	26.43571411147467
0.1376274979795959	0.04098813529173462	0.09987832186783537	0.03788265640024736	59.45041830589994	26.39730407061608
0.1377275179635927	0.04105262597964565	0.1000654206952794	0.03793773840882352	59.37479737842318	26.35897768137442
0.1378275379475895	0.0411171789131093	0.1002527998242362	0.03799286043338845	59.29934426464465	26.32073470101744
0.1379275579315863	0.04118179413118324	0.100440459682626	0.0380480224739422	59.22405848148429	26.28257488769268
0.1380275779155831	0.04124647167297611	0.1006284006991873	0.03810322453048474	59.14893954761492	26.24449800042365
0.1381275978995799	0.04131121157764768	0.1008166233034784	0.03815846660301608	59.07398698345434	26.206503799106
0.1382276178835767	0.04137601388440881	0.1010051279258794	0.03821374869153619	58.99920031115806	26.16859204450376
0.1383276378675735	0.04144087863252169	0.1011939149975937	0.03826907079604511	58.92457905461145	26.13076249824556
0.1384276578515703	0.0415058058612997	0.1013829849506498	0.03832443291654284	58.85012273942254	26.09301492282088
0.1385276778355671	0.04157079561010759	0.1015723382179029	0.03837983505302934	58.77583089291443	26.05534908157636
0.1386276978195639	0.04163584791836157	0.1017619752330366	0.03843527720550465	58.70170304411779	26.017764738712
0.1387277178035607	0.04170096282552928	0.1019518964305647	0.03849075937396876	58.62773872376364	25.98026165927759
0.1388277377875575	0.0417661403711299	0.1021421022458329	0.03854628155842164	58.55393746427601	25.94283960916896
0.1389277577715543	0.0418313805947343	0.1023325931150204	0.03860184375886334	58.48029879976438	25.90549835512432
0.1390277777555511	0.04189668353596492	0.1025233694751418	0.03865744597529382	58.40682226601675	25.86823766472067
0.1391277977395479	0.041962049234496	0.1027144317640487	0.03871308820771311	58.33350740049224	25.83105730637016
0.1392278177235447	0.04202747773005355	0.1029057804204313	0.03876877045612118	58.26035374231387	25.7939570493165
0.1393278377075415	0.04209296906241553	0.1030974158838206	0.03882449272051805	58.18736083226135	25.75693666363135
0.1394278576915383	0.04215852327141176	0.1032893385945895	0.03888025500090372	58.11452821276423	25.71999592021082
0.1395278776755351	0.04222414039692408	0.103481548993955	0.03893605729727817	58.0418554278945	25.68313459077186
0.1396278976595319	0.04228982047888643	0.1036740475239798	0.03899189960964143	57.96934202335967	25.64635244784875
0.1397279176435287	0.04235556355728485	0.1038668346275742	0.03904778193799349	57.89698754649578	25.60964926478961
0.1398279376275255	0.04242136967215761	0.1040599107484975	0.03910370428233433	57.82479154626037	25.57302481575293
0.1399279576115223	0.04248723886359521	0.1042532763313599	0.03915966664266396	57.75275357322558	25.53647887570403
0.1400279775955191	0.04255317117174056	0.1044469318216247	0.0392156690189824	57.68087317957112	25.50001122041163
0.1401279975795159	0.04261916663678891	0.1046408776656094	0.03927171141128964	57.60914991907753	25.46362162644445
0.1402280175635127	0.04268522529898797	0.1048351143104876	0.03932779381958565	57.53758334711929	25.42730987116774
0.1403280375475095	0.04275134719863805	0.1050296422042915	0.03938391624387047	57.46617302065802	25.39107573273989
0.1404280575315063	0.042817532376092	0.1052244617959126	0.03944007868414409	57.39491849823557	25.35491899010905
0.1405280775155031	0.04288378087175537	0.1054195735351042	0.0394962811404065	57.32381933996756	25.31883942300973
0.1406280974994999	0.04295009272608644	0.1056149778724829	0.03955252361265769	57.25287510753643	25.28283681195952
0.1407281174834967	0.0430164679795963	0.1058106752595307	0.0396088061008977	57.18208536418478	25.24691093825562
0.1408281374674935	0.04308290667284893	0.1060066661485963	0.0396651286051265	57.11144967470891	25.21106158397166
0.1409281574514903	0.04314940884646117	0.1062029509928972	0.03972149112534407	57.04096760545203	25.17528853195432
0.1410281774354871	0.043215974541103	0.1063995302465217	0.03977789366155046	56.9706387242977	25.13959156582003
0.1411281974194839	0.04328260379749736	0.1065964043644302	0.03983433621374564	56.90046260066343	25.10397046995174
0.1412282174034807	0.04334929665642035	0.1067935738024576	0.03989081878192961	56.83043880549406	25.06842502949567
0.1413282373874775	0.04341605315870137	0.1069910390173145	0.03994734136610238	56.76056691125518	25.03295503035798
0.1414282573714743	0.04348287334522299	0.1071888004665895	0.04000390396626395	56.69084649192693	24.99756025920167
0.1415282773554711	0.04354975725692118	0.1073868586087509	0.04006050658241431	56.62127712299738	24.96224050344332
0.1416282973394679	0.04361670493478531	0.1075852139031483	0.04011714921455345	56.55185838145626	24.92699555124985
0.1417283173234647	0.04368371641985829	0.1077838668100148	0.04017383186268141	56.4825898457885	24.89182519153539
0.1418283373074615	0.04375079175323649	0.1079828177904687	0.04023055452679815	56.41347109596808	24.85672921395815
0.1419283572914583	0.04381793097606996	0.1081820673065151	0.04028731720690368	56.34450171345161	24.82170740891724
0.1420283772754551	0.04388513412956245	0.108381615821048	0.04034411990299801	56.27568128117198	24.7867595675495
0.1421283972594519	0.04395240125497143	0.1085814637978523	0.04040096261508114	56.20700938353244	24.75188548172645
0.1422284172434487	0.04401973239360825	0.1087816117016053	0.04045784534315307	56.13848560640008	24.71708494405118
0.1423284372274455	0.04408712758683807	0.1089820599978787	0.04051476808721378	56.07010953709992	24.68235774785526
0.1424284572114423	0.04415458687608015	0.1091828091531406	0.04057173084726329	56.00188076440854	24.64770368719563
0.1425284771954391	0.04422211030280768	0.1093838596347571	0.0406287336233016	55.93379887854812	24.61312255685161
0.1426284971794359	0.04428969790854796	0.1095852119109944	0.04068577641532869	55.86586347118045	24.57861415232184
0.1427285171634327	0.04435734973488256	0.1097868664510208	0.0407428592233446	55.79807413540057	24.54417826982123
0.1428285371474295	0.04442506582344721	0.1099888237249081	0.04079998204734929	55.73043046573115	24.509814706278
0.1429285571314263	0.04449284621593197	0.1101910842036338	0.04085714488734278	55.66293205811617	24.47552325933064
0.1430285771154231	0.04456069095408129	0.1103936483590832	0.04091434774332505	55.59557850991521	24.44130372732496
0.1431285970994199	0.04462860007969414	0.110596516664051	0.04097159061529614	55.5283694198973	24.40715590931109
0.1432286170834167	0.04469657363462391	0.1107996895922431	0.04102887350325601	55.4613043882352	24.37307960504061
0.1433286370674135	0.04476461166077866	0.1110031676182788	0.04108619640720466	55.3943830164995	24.33907461496351
0.1434286570514103	0.04483271420012111	0.1112069512176926	0.04114355932714213	55.32760490765259	24.30514074022533
0.1435286770354071	0.04490088129466871	0.1114110408669362	0.04120096226306839	55.2609696660432	24.27127778266425
0.1436286970194039	0.04496911298649368	0.1116154370433799	0.04125840521498342	55.19447689740029	24.2374855448082
0.1437287170034007	0.04503740931772324	0.1118201402253155	0.04131588818288728	55.12812620882741	24.20376382987192
0.1438287369873975	0.04510577033053943	0.1120251508919573	0.04137341116677992	55.06191720879705	24.17011244175421
0.1439287569713943	0.04517419606717937	0.1122304695234447	0.04143097416666136	54.9958495071448	24.13653118503496
0.1440287769553911	0.04524268656993527	0.1124360966008434	0.04148857718253158	54.9299227150638	24.10301986497242
0.1441287969393879	0.04531124188115454	0.1126420326061483	0.04154622021439061	54.86413644509895	24.06957828750025
0.1442288169233847	0.04537986204323978	0.1128482780222847	0.04160390326223843	54.79849031114151	24.03620625922484
0.1443288369073815	0.0454485470986489	0.1130548333331103	0.04166162632607504	54.73298392842329	24.00290358742245
0.1444288568913783	0.04551729708989525	0.1132616990234177	0.04171938940590045	54.66761691351115	23.96967008003641
0.1445288768753751	0.04558611205954757	0.1134688755789359	0.04177719250171466	54.60238888430158	23.9365055456744
0.1446288968593719	0.04565499205023014	0.1136763634863322	0.04183503561351766	54.53729946001503	23.90340979360567
0.1447289168433687	0.04572393710462287	0.1138841632332145	0.04189291874130945	54.47234826119054	23.87038263375829
0.1448289368273655	0.04579294726546131	0.1140922753081332	0.04195084188509004	54.40753490968018	23.83742387671641
0.1449289568113623	0.04586202257553676	0.114300700200583	0.04200880504485942	54.34285902864378	23.80453333371759
0.1450289767953591	0.04593116307769632	0.1145094384010047	0.04206680822061759	54.27832024254331	23.77171081665009
0.1451289967793559	0.04600036881484303	0.1147184904007882	0.04212485141236457	54.21391817713769	23.73895613805009
0.1452290167633527	0.04606963982993586	0.1149278566922732	0.04218293462010034	54.14965245947729	23.70626911109916
0.1453290367473495	0.04613897616598978	0.1151375377687517	0.04224105784382491	54.08552271789878	23.67364954962147
0.1454290567313463	0.04620837786607589	0.1153475341244705	0.04229922108353826	54.02152858201966	23.64109726808123
0.1455290767153431	0.04627784497332155	0.1155578462546326	0.04235742433924042	53.95766968273304	23.60861208157995
0.1456290966993399	0.04634737753091025	0.1157684746553993	0.04241566761093137	53.89394565220245	23.57619380585394
0.1457291166833367	0.04641697558208185	0.1159794198238925	0.0424739508986111	53.83035612385657	23.54384225727162
0.1458291366673335	0.04648663917013268	0.1161906822581964	0.04253227420227965	53.76690073238389	23.51155725283089
0.1459291566513303	0.04655636833841545	0.1164022624573597	0.04259063752193698	53.70357911372788	23.47933861015661
0.1460291766353271	0.04662616313033949	0.1166141609213978	0.04264904085758311	53.64039090508146	23.44718614749802
0.1461291966193239	0.04669602358937066	0.1168263781512942	0.04270748420921802	53.57733574488221	23.41509968372614
0.1462292166033207	0.04676594975903166	0.1170389146490037	0.04276596757684174	53.51441327280691	23.3830790383312
0.1463292365873175	0.04683594168290185	0.117251770917453	0.04282449096045426	53.45162312976679	23.35112403142018
0.1464292565713143	0.04690599940461745	0.117464947460544	0.04288305436005556	53.38896495790237	23.31923448371424
0.1465292765553111	0.04697612296787165	0.117678444783155	0.04294165777564567	53.32643840057828	23.28741021654617
0.1466292965393079	0.04704631241641459	0.1178922633911435	0.04300030120722456	53.26404310237852	23.25565105185794
0.1467293165233046	0.0471165677940535	0.1181064037913475	0.04305898465479224	53.20177870910125	23.2239568121982
0.1468293365073015	0.04718688914465277	0.1183208664915883	0.04311770811834874	53.13964486775398	23.19232732071977
0.1469293564912983	0.04725727651213397	0.118535652000672	0.04317647159789402	53.07764122654859	23.16076240117722
0.1470293764752951	0.04732772994047601	0.118750760828392	0.0432352750934281	53.01576743489638	23.12926187792438
0.1471293964592919	0.04739824947371512	0.1189661934855306	0.04329411860495096	52.95402314340325	23.09782557591191
0.1472294164432887	0.04746883515594504	0.1191819504838618	0.04335300213246263	52.89240800386482	23.06645332068485
0.1473294364272855	0.04753948703131699	0.1193980323361527	0.0434119256759631	52.83092166926152	23.03514493838022
0.1474294564112822	0.04761020514403978	0.1196144395561661	0.04347088923545234	52.76956379375393	23.00390025572465
0.1475294763952791	0.04768098953837994	0.1198311726586625	0.0435298928109304	52.70833403267778	22.97271910003185
0.1476294963792759	0.04775184025866173	0.1200482321594017	0.04358893640239725	52.64723204253938	22.94160129920039
0.1477295163632727	0.0478227573492672	0.1202656185751458	0.04364802000985289	52.58625748101071	22.91054668171122
0.1478295363472694	0.04789374085463633	0.1204833324236606	0.04370714363329731	52.52541000692484	22.87955507662533
0.1479295563312663	0.04796479081926713	0.1207013742237183	0.04376630727273055	52.46468928027106	22.84862631358139
0.1480295763152631	0.04803590728771558	0.120919744495099	0.04382551092815258	52.40409496219038	22.81776022279346
0.1481295962992598	0.04810709030459583	0.1211384437585933	0.04388475459956339	52.3436267149707	22.78695663504859
0.1482296162832566	0.04817833991458027	0.1213574725360045	0.04394403828696301	52.28328420204233	22.75621538170452
0.1483296362672535	0.04824965616239954	0.1215768313501504	0.04400336199035142	52.22306708797323	22.72553629468742
0.1484296562512503	0.04832103909284263	0.1217965207248655	0.04406272570972863	52.16297503846452	22.69491920648952
0.148529676235247	0.048392488750757	0.1220165411850037	0.04412212944509462	52.10300772034591	22.6643639501669
0.1486296962192439	0.04846400518104863	0.1222368932564397	0.04418157319644942	52.04316480157103	22.63387035933712
0.1487297162032407	0.04853558842868208	0.1224575774660715	0.04424105696379301	51.98344595121301	22.60343826817705
0.1488297361872374	0.0486072385386806	0.1226785943418231	0.04430058074712539	51.92385083946004	22.57306751142058
0.1489297561712342	0.04867895555612618	0.1228999444126456	0.04436014454644657	51.86437913761064	22.54275792435631
0.1490297761552311	0.04875073952615965	0.1231216282085204	0.04441974836175655	51.80503051806947	22.51250934282545
0.1491297961392278	0.04882259049398071	0.1233436462604605	0.04447939219305531	51.74580465434268	22.4823216032195
0.1492298161232246	0.04889450850484811	0.1235659991005137	0.04453907604034287	51.68670122103361	22.45219454247803
0.1493298361072214	0.04896649360407963	0.1237886872617641	0.04459879990361924	51.62771989383836	22.42212799808654
0.1494298560912183	0.04903854583705219	0.1240117112783342	0.04465856378288439	51.56886034954132	22.39212180807424
0.149529876075215	0.04911066524920189	0.1242350716853876	0.04471836767813833	51.51012226601097	22.36217581101187
0.1496298960592118	0.04918285188602424	0.1244587690191312	0.04477821158938108	51.45150532219539	22.3322898460095
0.1497299160432086	0.04925510579307405	0.124682803816817	0.04483809551661262	51.39300919811801	22.30246375271442
0.1498299360272054	0.04932742701596556	0.1249071766167446	0.04489801945983294	51.33463357487339	22.27269737130897
0.1499299560112022	0.04939981560037265	0.1251318879582634	0.04495798341904208	51.27637813462267	22.24299054250834
0.150029975995199	0.04947227159202874	0.1253569383817749	0.04501798739424	51.21824256058962	22.21334310755858
0.1501299959791959	0.04954479503672694	0.1255823284287349	0.04507803138542672	51.16022653705623	22.1837549082343
0.1502300159631926	0.04961738598032018	0.1258080586416556	0.04513811539260223	51.10232974935857	22.15422578683673
0.1503300359471894	0.04969004446872124	0.1260341295641084	0.04519823941576654	51.04455188388248	22.12475558619147
0.1504300559311862	0.0497627705479028	0.1262605417407252	0.04525840345491965	50.98689262805946	22.0953441496465
0.150530075915183	0.04983556426389758	0.1264872957172015	0.04531860751006153	50.92935167036256	22.0659913210701
0.1506300958991798	0.04990842566279841	0.1267143920402987	0.04537885158119222	50.87192870030212	22.03669694484867
0.1507301158831766	0.04998135479075829	0.1269418312578456	0.04543913566831172	50.81462340842173	22.00746086588479
0.1508301358671734	0.05005435169399046	0.1271696139187415	0.04549945977142	50.75743548629408	21.97828292959512
0.1509301558511702	0.05012741641876848	0.127397740572958	0.04555982389051707	50.70036462651694	21.94916298190833
0.151030175835167	0.0502005490114264	0.1276262117715416	0.04562022802560294	50.64341052270903	21.9201008692631
0.1511301958191638	0.05027374951835871	0.1278550280666157	0.04568067217667762	50.58657286950594	21.8910964386061
0.1512302158031606	0.05034701798602048	0.1280841900113832	0.04574115634374107	50.52985136255624	21.86214953738995
0.1513302357871574	0.05042035446092749	0.1283136981601286	0.04580168052679333	50.47324569851725	21.83326001357121
0.1514302557711542	0.05049375898965621	0.1285435530682205	0.04586224472583438	50.41675557505138	21.80442771560844
0.151530275755151	0.05056723161884395	0.1287737552921138	0.04592284894086422	50.36038069082176	21.77565249246013
0.1516302957391478	0.05064077239518896	0.129004305389352	0.04598349317188286	50.30412074548858	21.74693419358278
0.1517303157231446	0.05071438136545044	0.1292352039185697	0.0460441774188903	50.24797543970507	21.71827266892893
0.1518303357071414	0.05078805857644866	0.1294664514394947	0.04610490168188654	50.19194447511351	21.68966776894516
0.1519303556911382	0.05086180407506505	0.1296980485129506	0.04616566596087155	50.13602755434142	21.66111934457019
0.152030375675135	0.05093561790824232	0.1299299957008591	0.04622647025584538	50.0802243809976	21.63262724723286
0.1521303956591318	0.05100950012298442	0.1301622935662421	0.046287314566808	50.02453465966836	21.60419132885031
0.1522304156431286	0.05108345076635673	0.1303949426732244	0.04634819889375939	49.96895809591365	21.57581144182598
0.1523304356271254	0.05115746988548615	0.1306279435870359	0.0464091232366996	49.91349439626312	21.54748743904767
0.1524304556111222	0.05123155752756111	0.1308612968740141	0.04647008759562861	49.85814326821241	21.51921917388572
0.152530475595119	0.05130571373983168	0.1310950031016063	0.04653109197054641	49.80290442021938	21.49100650019104
0.1526304955791158	0.05137993856960964	0.131329062838372	0.04659213636145298	49.7477775617003	21.46284927229327
0.1527305155631126	0.05145423206426869	0.1315634766539857	0.04665322076834837	49.69276240302597	21.43474734499884
0.1528305355471094	0.05152859427124432	0.1317982451192386	0.04671434519123256	49.63785865551822	21.40670057358916
0.1529305555311062	0.051603025238034	0.1320333688060414	0.04677550963010552	49.58306603144601	21.37870881381873
0.153030575515103	0.05167752501219736	0.1322688482874272	0.04683671408496729	49.52838424402172	21.35077192191328
0.1531305954990998	0.05175209364135611	0.1325046841375529	0.04689795855581786	49.47381300739755	21.32288975456793
0.1532306154830966	0.0518267311731942	0.1327408769317023	0.04695924304265723	49.41935203666181	21.29506216894535
0.1533306354670934	0.05190143765545788	0.1329774272462882	0.04702056754548537	49.36500104783521	21.26728902267395
0.1534306554510902	0.05197621313595586	0.1332143356588555	0.04708193206430232	49.31075975786733	21.23957017384602
0.153530675435087	0.0520510576625593	0.1334516027480826	0.04714333659910807	49.25662788463283	21.21190548101594
0.1536306954190838	0.05212597128320191	0.1336892290937846	0.0472047811499026	49.20260514692806	21.18429480319841
0.1537307154030806	0.05220095404588009	0.1339272152769157	0.04726626571668593	49.14869126446723	21.15673799986657
0.1538307353870774	0.05227600599865299	0.1341655618795713	0.04732779029945807	49.09488595787902	21.1292349309503
0.1539307553710742	0.05235112718964252	0.1344042694849907	0.04738935489821898	49.04118894870302	21.10178545683437
0.154030775355071	0.0524263176670336	0.1346433386775597	0.0474509595129687	48.98759995938598	21.07438943835672
0.1541307953390678	0.05250157747907406	0.1348827700428127	0.04751260414370722	48.93411871327853	21.04704673680667
0.1542308153230646	0.05257690667407485	0.1351225641674356	0.04757428879043453	48.88074493463152	21.01975721392316
0.1543308353070614	0.05265230530041008	0.1353627216392679	0.04763601345315062	48.82747834859263	20.99252073189304
0.1544308552910582	0.05272777340651713	0.1356032430473057	0.04769777813185552	48.77431868120278	20.96533715334925
0.154530875275055	0.05280331104089672	0.1358441289817036	0.04775958282654922	48.72126565939273	20.93820634136919
0.1546308952590518	0.05287891825211292	0.1360853800337776	0.0478214275372317	48.66831901097967	20.91112815947293
0.1547309152430486	0.05295459508879346	0.1363269967960077	0.04788331226390298	48.61547846466369	20.88410247162149
0.1548309352270454	0.05303034159962954	0.1365689798620399	0.04794523700656306	48.56274375002443	20.85712914221518
0.1549309552110422	0.0531061578333761	0.1368113298266893	0.04800720176521194	48.51011459751768	20.83020803609184
0.155030975195039	0.05318204383885181	0.1370540472859424	0.0480692065398496	48.45759073847204	20.8033390185252
0.1551309951790358	0.05325799966493927	0.1372971328369597	0.04813125133047606	48.40517190508536	20.77652195522316
0.1552310151630326	0.05333402536058497	0.1375405870780778	0.04819333613709132	48.35285783042162	20.74975671232613
0.1553310351470294	0.05341012097479945	0.1377844106088129	0.04825546095969536	48.30064824840746	20.72304315640534
0.1554310551310262	0.05348628655665739	0.1380286040298626	0.04831762579828822	48.2485428938289	20.69638115446119
0.155531075115023	0.05356252215529764	0.1382731679431083	0.04837983065286986	48.19654150232797	20.66977057392161
0.1556310950990198	0.05363882781992338	0.1385181029516188	0.0484420755234403	48.14464381039954	20.64321128264038
0.1557311150830166	0.05371520359980213	0.1387634096596515	0.04850436040999952	48.09284955538787	20.61670314889551
0.1558311350670134	0.05379164954426596	0.1390090886726564	0.04856668531254755	48.04115847548348	20.59024604138761
0.1559311550510102	0.05386816570271143	0.1392551405972775	0.04862905023108437	47.98957030971987	20.56383982923824
0.156031175035007	0.05394475212459977	0.139501566041356	0.04869145516560998	47.93808479797026	20.53748438198833
0.1561311950190038	0.05402140885945696	0.1397483656139329	0.04875390011612439	47.88670168094435	20.51117956959652
0.1562312150030006	0.05409813595687379	0.1399955399252515	0.0488163850826276	47.83542070018517	20.4849252624376
0.1563312349869974	0.05417493346650595	0.1402430895867598	0.04887891006511959	47.78424159806588	20.45872133130089
0.1564312549709942	0.05425180143807421	0.1404910152111137	0.04894147506360039	47.7331641177865	20.43256764738866
0.156531274954991	0.05432873992136434	0.140739317412179	0.04900408007806999	47.68218800337088	20.40646408231452
0.1566312949389878	0.05440574896622733	0.1409879968050343	0.04906672510852837	47.63131299966348	20.38041050810192
0.1567313149229846	0.05448282862257944	0.1412370540059737	0.04912941015497554	47.58053885232621	20.35440679718248
0.1568313349069814	0.05455997894040231	0.1414864896325096	0.04919213521741152	47.52986530783539	20.32845282239447
0.1569313548909782	0.05463719996974302	0.1417363043033749	0.0492549002958363	47.47929211347854	20.30254845698132
0.157031374874975	0.05471449176071416	0.1419864986385259	0.04931770539024985	47.42881901735134	20.27669357458997
0.1571313948589718	0.054791854363494	0.1422370732591453	0.04938055050065221	47.37844576835462	20.25088804926936
0.1572314148429686	0.05486928782832652	0.1424880287876442	0.04944343562704337	47.32817211619113	20.22513175546896
0.1573314348269654	0.05494679220552149	0.1427393658476653	0.04950636076942332	47.27799781136264	20.19942456803715
0.1574314548109622	0.05502436754545458	0.1429910850640854	0.04956932592779206	47.22792260516682	20.17376636221978
0.157531474794959	0.0551020138985675	0.1432431870630183	0.0496323311021496	47.17794624969424	20.14815701365857
0.1576314947789558	0.05517973131536801	0.143495672471817	0.04969537629249594	47.1280684978253	20.12259639838971
0.1577315147629526	0.05525751984643002	0.1437485419190769	0.04975846149883106	47.0782891032274	20.09708439284226
0.1578315347469494	0.05533537954239378	0.1440017960346386	0.04982158672115498	47.02860782035172	20.0716208738367
0.1579315547309462	0.05541331045396584	0.1442554354495899	0.0498847519594677	46.97902440443041	20.04620571858348
0.158031574714943	0.05549131263191921	0.1445094607962694	0.04994795721376923	46.92953861147361	20.02083880468146
0.1581315946989398	0.05556938612709344	0.1447638727082687	0.05001120248405952	46.88015019826651	19.9955200101165
0.1582316146829366	0.05564753099039475	0.1450186718204352	0.05007448777033863	46.83085892236623	19.97024921325995
0.1583316346669334	0.05572574727279605	0.1452738587688751	0.05013781307260653	46.78166454209921	19.94502629286724
0.1584316546509302	0.05580403502533705	0.1455294341909557	0.05020117839086321	46.73256681655815	19.91985112807638
0.158531674634927	0.05588239429912446	0.145785398725309	0.0502645837251087	46.68356550559902	19.89472359840651
0.1586316946189238	0.05596082514533189	0.1460417530118334	0.05032802907534299	46.63466036983832	19.86964358375651
0.1587317146029206	0.05603932761520006	0.1462984976916971	0.05039151444156605	46.58585117065024	19.84461096440352
0.1588317345869174	0.05611790176003698	0.146555633407341	0.05045503982377793	46.53713767016357	19.8196256210015
0.1589317545709142	0.05619654763121782	0.1468131608024811	0.0505186052219786	46.48851963125919	19.79468743457985
0.159031774554911	0.0562752652801852	0.1470710805221116	0.05058221063616807	46.43999681756694	19.76979628654198
0.1591317945389078	0.05635405475844914	0.1473293932125073	0.05064585606634631	46.39156899346298	19.74495205866389
0.1592318145229046	0.05643291611758733	0.1475880995212271	0.05070954151251337	46.34323592406692	19.72015463309276
0.1593318345069014	0.05651184940924502	0.1478472000971162	0.05077326697466922	46.29499737523903	19.69540389234555
0.1594318544908982	0.05659085468513524	0.148106695590309	0.05083703245281385	46.24685311357749	19.67069971930766
0.159531874474895	0.0566699319970389	0.1483665866522323	0.0509008379469473	46.19880290641557	19.64604199723147
0.1596318944588918	0.05674908139680479	0.1486268739356078	0.05096468345706953	46.15084652181891	19.62143060973502
0.1597319144428886	0.05682830293634977	0.1488875580944551	0.05102856898318056	46.10298372858278	19.59686544080059
0.1598319344268854	0.05690759666765881	0.1491486397840943	0.05109249452528037	46.05521429622929	19.57234637477338
0.1599319544108822	0.05698696264278515	0.1494101196611496	0.05115646008336899	46.00753799500475	19.5478732963601
0.160031974394879	0.05706640091385028	0.1496719983835512	0.0512204656574464	45.95995459587692	19.52344609062765
0.1601319943788758	0.05714591153304412	0.1499342766105384	0.0512845112475126	45.91246387053227	19.49906464300178
0.1602320143628726	0.05722549455262516	0.1501969550026634	0.0513485968535676	45.86506559137337	19.47472883926568
0.1603320343468694	0.05730515002492043	0.150460034221793	0.05141272247561141	45.81775953151617	19.45043856555873
0.1604320543308662	0.05738487800232566	0.1507235149311121	0.051476888113644	45.7705454647874	19.4261937083751
0.160532074314863	0.05746467853730538	0.1509873977951263	0.05154109376766537	45.72342316572184	19.40199415456248
0.1606320942988598	0.05754455168239307	0.1512516834796655	0.05160533943767556	45.67639240955965	19.37783979132069
0.1607321142828566	0.05762449749019114	0.1515163726518859	0.05166962512367454	45.62945297224393	19.35373050620043
0.1608321342668534	0.05770451601337106	0.1517814659802733	0.0517339508256623	45.58260463041786	19.32966618710196
0.1609321542508502	0.05778460730467355	0.1520469641346465	0.05179831654363886	45.53584716142229	19.30564672227376
0.161032174234847	0.0578647714169086	0.1523128677861596	0.05186272227760423	45.48918034329303	19.28167200031125
0.1611321942188438	0.05794500840295547	0.1525791776073049	0.05192716802755837	45.4426039547584	19.25774191015555
0.1612322142028406	0.05802531831576305	0.1528458942719166	0.05199165379350133	45.39611777523638	19.23385634109209
0.1613322341868374	0.05810570120834969	0.153113018455173	0.05205617957543307	45.34972158483246	19.21001518274943
0.1614322541708342	0.05818615713380344	0.1533805508335999	0.05212074537335361	45.30341516433669	19.18621832509793
0.161532274154831	0.05826668614528208	0.1536484920850733	0.05218535118726294	45.25719829522148	19.16246565844849
0.1616322941388278	0.05834728829601334	0.1539168428888228	0.05224999701716107	45.21107075963878	19.13875707345128
0.1617323141228246	0.05842796363929482	0.1541856039254341	0.052314682863048	45.16503234041777	19.11509246109453
0.1618323341068214	0.05850871222849418	0.1544547758768521	0.05237940872492371	45.1190828210623	19.0914717127032
0.1619323540908182	0.05858953411704933	0.1547243594263844	0.05244417460278823	45.07322198574833	19.06789471993777
0.162032374074815	0.05867042935846833	0.1549943552587036	0.05250898049664154	45.02744961932153	19.04436137479302
0.1621323940588118	0.05875139800632966	0.1552647640598511	0.05257382640648365	44.98176550729479	19.02087156959676
0.1622324140428086	0.05883244011428218	0.155535586517239	0.05263871233231453	44.93616943584573	18.99742519700861
0.1623324340268054	0.0589135557360454	0.1558068233196547	0.05270363827413423	44.89066119181426	18.97402215001877
0.1624324540108022	0.05899474492540941	0.1560784751572624	0.05276860423194273	44.84524056270016	18.95066232194681
0.1625324739947989	0.05907600773623504	0.1563505427216073	0.05283361020573999	44.79990733666066	18.92734560644045
0.1626324939787958	0.05915734422245406	0.1566230267056178	0.05289865619552608	44.75466130250788	18.90407189747431
0.1627325139627926	0.05923875443806909	0.1568959278036094	0.05296374220130096	44.70950224970669	18.8808410893488
0.1628325339467894	0.05932023843715383	0.1571692467112871	0.05302886822306462	44.66442996837209	18.85765307668881
0.1629325539307862	0.05940179627385314	0.1574429841257486	0.05309403426081707	44.61944424926683	18.83450775444259
0.163032573914783	0.05948342800238316	0.157717140745488	0.05315924031455833	44.57454488379921	18.81140501788054
0.1631325938987798	0.05956513367703134	0.1579917172703979	0.05322448638428839	44.52973166402048	18.78834476259399
0.1632326138827765	0.05964691335215654	0.1582667144017734	0.05328977247000723	44.4850043826227	18.7653268844941
0.1633326338667734	0.05972876708218929	0.1585421328423147	0.05335509857171487	44.44036283293619	18.74235127981058
0.1634326538507702	0.05981069492163166	0.1588179732961306	0.05342046468941131	44.39580680892738	18.71941784509063
0.1635326738347669	0.05989269692505753	0.1590942364687409	0.05348587082309653	44.35133610519631	18.69652647719769
0.1636326938187637	0.05997477314711264	0.1593709230670807	0.05355131697277057	44.30695051697447	18.67367707331033
0.1637327138027606	0.06005692364251466	0.1596480337995025	0.05361680313843339	44.26264984012236	18.65086953092106
0.1638327337867574	0.06013914846605333	0.1599255693757798	0.05368232932008501	44.2184338711273	18.62810374783522
0.1639327537707541	0.06022144767259054	0.1602035305071103	0.05374789551772542	44.17430240710105	18.6053796221698
0.1640327737547509	0.06030382131706049	0.1604819179061189	0.05381350173135462	44.13025524577762	18.58269705235232
0.1641327937387478	0.0603862694544697	0.1607607322868611	0.05387914796097263	44.08629218551088	18.56005593711969
0.1642328137227445	0.06046879213989714	0.1610399743648259	0.05394483420657941	44.04241302527249	18.53745617551707
0.1643328337067413	0.06055138942849442	0.1613196448569394	0.054010560468175	43.99861756464944	18.51489766689676
0.1644328536907382	0.0606340613754858	0.1615997444815676	0.0540763267457594	43.95490560384194	18.49238031091708
0.164532873674735	0.06071680803616826	0.1618802739585196	0.05414213303933258	43.91127694366118	18.46990400754124
0.1646328936587317	0.06079962946591171	0.1621612340090514	0.05420797934889455	43.86773138552707	18.44746865703624
0.1647329136427285	0.06088252572015907	0.1624426253558683	0.05427386567444532	43.82426873146604	18.42507415997175
0.1648329336267254	0.0609654968544263	0.162724448723129	0.05433979201598489	43.78088878410886	18.40272041721902
0.1649329536107221	0.06104854292430256	0.1630067048364478	0.05440575837351324	43.73759134668842	18.38040732994979
0.1650329735947189	0.06113166398545031	0.1632893944228992	0.05447176474703039	43.69437622303759	18.35813479963519
0.1651329935787157	0.06121486009360545	0.1635725182110198	0.05453781113653635	43.65124321758697	18.33590272804464
0.1652330135627126	0.06129813130457731	0.1638560769308125	0.0546038975420311	43.60819213536279	18.31371101724478
0.1653330335467093	0.06138147767424888	0.1641400713137494	0.05467002396351463	43.56522278198479	18.2915595695984
0.1654330535307061	0.06146489925857686	0.1644245020927751	0.05473619040098697	43.52233496366392	18.26944828776335
0.1655330735147029	0.06154839611359176	0.1647093700023101	0.05480239685444811	43.4795284872004	18.24737707469146
0.1656330934986997	0.06163196829539798	0.164994675778254	0.05486864332389801	43.43680315998144	18.22534583362754
0.1657331134826965	0.06171561586017404	0.1652804201579889	0.05493492980933674	43.39415878997917	18.20335446810819
0.1658331334666933	0.06179933886417251	0.1655666038803827	0.05500125631076425	43.35159518574858	18.18140288196091
0.1659331534506902	0.06188313736372024	0.1658532276857925	0.05506762282818057	43.30911215642534	18.15949097930291
0.1660331734346869	0.06196701141521839	0.1661402923160675	0.05513402936158566	43.26670951172377	18.13761866454014
0.1661331934186837	0.06205096107514264	0.166427798514553	0.05520047591097956	43.22438706193469	18.1157858423662
0.1662332134026805	0.0621349864000432	0.1667157470260935	0.05526696247636226	43.1821446179234	18.09399241776135
0.1663332333866773	0.06221908744654487	0.1670041385970356	0.05533348905773373	43.13998199112763	18.07223829599146
0.1664332533706741	0.06230326427134738	0.1672929739752323	0.05540005565509402	43.09789899355541	18.05052338260693
0.1665332733546709	0.0623875169312252	0.1675822539100456	0.05546666226844311	43.0558954377831	18.02884758344175
0.1666332933386677	0.06247184548302782	0.1678719791523498	0.05553330889778097	43.01397113695327	18.00721080461241
0.1667333133226645	0.0625562499836799	0.1681621504545359	0.05559999554310764	42.97212590477273	17.98561295251692
0.1668333333066613	0.06264073049018122	0.168452768570514	0.05566672220442311	42.93035955551048	17.96405393383379
0.1669333532906581	0.06272528705960688	0.168743834255717	0.05573348888172737	42.88867190399576	17.94253365552102
0.1670333732746549	0.06280991974910742	0.1690353482671042	0.05580029557502041	42.8470627656159	17.92105202481509
0.1671333932586517	0.06289462861590893	0.1693273113631646	0.05586714228430226	42.80553195631445	17.89960894922995
0.1672334132426485	0.06297941371731307	0.1696197243039203	0.05593402900957291	42.76407929258918	17.87820433655608
0.1673334332266453	0.06306427511069727	0.16991258785093	0.05600095575083233	42.72270459149002	17.85683809485943
0.1674334532106421	0.06314921285351488	0.1702059027672926	0.05606792250808057	42.68140767061717	17.83551013248045
0.1675334731946389	0.0632342270032951	0.1704996698176504	0.0561349292813176	42.64018834811905	17.81422035803316
0.1676334931786357	0.06331931761764328	0.1707938897681927	0.05620197607054343	42.59904644269051	17.7929686804041
0.1677335131626325	0.06340448475424088	0.1710885633866591	0.05626906287575803	42.55798177357066	17.77175500875139
0.1678335331466293	0.06348972847084573	0.1713836914423437	0.05633618969696145	42.51699416054105	17.75057925250376
0.1679335531306261	0.06357504882529201	0.1716792747060977	0.05640335653415366	42.47608342392381	17.72944132135957
0.1680335731146229	0.06366044587549038	0.1719753139503331	0.05647056338733465	42.43524938457956	17.70834112528586
0.1681335930986197	0.06374591967942822	0.1722718099490269	0.05653781025650445	42.39449186390559	17.68727857451738
0.1682336130826165	0.06383147029516956	0.172568763477724	0.05660509714166305	42.35381068383399	17.66625357955565
0.1683336330666133	0.06391709778085525	0.1728661753135405	0.05667242404281043	42.31320566682968	17.645266051168
0.1684336530506101	0.06400280219470315	0.1731640462351681	0.05673979095994661	42.27267663588849	17.62431590038662
0.1685336730346069	0.06408858359500817	0.1734623770228769	0.05680719789307159	42.23222341453536	17.60340303850762
0.1686336930186037	0.06417444204014237	0.1737611684585193	0.05687464484218536	42.19184582682246	17.58252737709009
0.1687337130026005	0.0642603775885551	0.1740604213255336	0.05694213180728791	42.15154369732726	17.56168882795519
0.1688337329865973	0.06434639029877315	0.1743601364089475	0.05700965878837928	42.11131685115067	17.54088730318515
0.1689337529705941	0.06443248022940075	0.1746603144953816	0.05707722578545944	42.07116511391528	17.52012271512244
0.1690337729545909	0.06451864743911978	0.1749609563730531	0.05714483279852837	42.03108831176343	17.49939497636876
0.1691337929385877	0.06460489198668988	0.1752620628317796	0.05721247982758613	41.99108627135536	17.47870399978416
0.1692338129225845	0.06469121393094848	0.1755636346629822	0.05728016687263267	41.95115881986744	17.45804969848613
0.1693338329065813	0.06477761333081103	0.1758656726596897	0.05734789393366801	41.91130578499034	17.43743198584868
0.1694338528905781	0.06486409024527097	0.1761681776165419	0.05741566101069213	41.87152699492718	17.41685077550142
0.1695338728745749	0.06495064473340001	0.1764711503297935	0.05748346810370505	41.83182227839175	17.39630598132867
0.1696338928585717	0.06503727685434811	0.1767745915973173	0.05755131521270678	41.79219146460665	17.37579751746854
0.1697339128425685	0.06512398666734363	0.1770785022186085	0.05761920233769728	41.75263438330165	17.35532529831208
0.1698339328265653	0.0652107742316935	0.1773828829947878	0.0576871294786766	41.71315086471171	17.33488923850231
0.1699339528105621	0.06529763960678324	0.1776877347286055	0.0577550966356447	41.67374073957532	17.3144892529334
0.1700339727945589	0.06538458285207716	0.177993058224445	0.05782310380860161	41.63440383913274	17.29412525674975
0.1701339927785557	0.06547160402711835	0.1782988542883262	0.05789115099754729	41.59513999512418	17.27379716534514
0.1702340127625525	0.06555870319152905	0.1786051237279102	0.05795923820248178	41.55594903978804	17.25350489436179
0.1703340327465493	0.06564588040501045	0.1789118673525018	0.05802736542340507	41.51683080585922	17.23324835968952
0.1704340527305461	0.06573313572734296	0.1792190859730539	0.05809553266031713	41.47778512656733	17.21302747746493
0.1705340727145429	0.06582046921838641	0.1795267804021715	0.05816373991321801	41.43881183563502	17.19284216407042
0.1706340926985397	0.06590788093808	0.1798349514541147	0.05823198718210769	41.3999107672761	17.17269233613342
0.1707341126825365	0.06599537094644248	0.1801435999448029	0.05830027446698616	41.36108175619406	17.15257791052549
0.1708341326665333	0.06608293930357227	0.1804527266918187	0.0583686017678534	41.32232463758012	17.13249880436149
0.1709341526505301	0.06617058606964768	0.1807623325144116	0.05843696908470946	41.28363924711167	17.11245493499865
0.1710341726345269	0.06625831130492678	0.1810724182335015	0.05850537641755431	41.2450254209505	17.09244622003584
0.1711341926185237	0.06634611506974773	0.1813829846716825	0.05857382376638794	41.2064829957412	17.07247257731261
0.1712342126025205	0.06643399742452889	0.1816940326532275	0.05864231113121039	41.16801180860931	17.05253392490842
0.1713342325865173	0.06652195842976875	0.182005563004091	0.05871083851202162	41.12961169715985	17.03263018114177
0.1714342525705141	0.06660999814604625	0.1823175765519133	0.05877940590882164	41.09128249947546	17.01276126456936
0.1715342725545109	0.06669811663402082	0.1826300741260249	0.05884801332161046	41.05302405411486	16.99292709398526
0.1716342925385077	0.06678631395443251	0.1829430565574494	0.05891666075038808	41.01483620011113	16.97312758842011
0.1717343125225045	0.066874590168102	0.183256524678908	0.0589853481951545	40.97671877697012	16.95336266714024
0.1718343325065013	0.06696294533593092	0.183570479324823	0.05905407565590969	40.93867162466867	16.93363224964689
0.1719343524904981	0.06705137951890183	0.1838849213313223	0.0591228431326537	40.90069458365319	16.91393625567539
0.1720343724744949	0.06713989277807836	0.1841998515362424	0.0591916506253865	40.86278749483783	16.89427460519429
0.1721343924584917	0.06722848517460529	0.1845152707791329	0.05926049813410808	40.82495019960295	16.87464721840464
0.1722344124424885	0.06731715676970887	0.1848311799012605	0.05932938565881847	40.78718253979348	16.85505401573906
0.1723344324264853	0.06740590762469663	0.1851475797456125	0.05939831319951765	40.74948435771729	16.83549491786108
0.1724344524104821	0.06749473780095772	0.1854644711569009	0.05946728075620564	40.71185549614369	16.81596984566418
0.1725344723944789	0.06758364735996292	0.1857818549815662	0.05953628832888239	40.67429579830169	16.79647872027114
0.1726344923784757	0.06767263636326491	0.186099732067782	0.05960533591754796	40.63680510787844	16.7770214630331
0.1727345123624725	0.0677617048724982	0.1864181032654581	0.05967442352220233	40.59938326901776	16.75759799552889
0.1728345323464693	0.06785085294937933	0.1867369694262448	0.05974355114284547	40.56203012631843	16.73820823956418
0.1729345523304661	0.06794008065570707	0.1870563314035374	0.05981271877947743	40.52474552483265	16.71885211717067
0.1730345723144629	0.06802938805336239	0.1873761900524791	0.05988192643209818	40.48752931006452	16.69952955060537
0.1731345922984597	0.06811877520430869	0.187696546229966	0.05995117410070772	40.45038132796846	16.68024046234976
0.1732346122824565	0.06820824217059186	0.1880174007946505	0.06002046178530605	40.41330142494761	16.66098477510907
0.1733346322664533	0.06829778901434053	0.1883387546069461	0.06008978948589318	40.37628944785235	16.64176241181145
0.1734346522504501	0.06838741579776596	0.1886606085290302	0.06015915720246911	40.33934524397871	16.62257329560722
0.1735346722344469	0.06847712258316235	0.188982963424849	0.06022856493503382	40.30246866106686	16.60341734986813
0.1736346922184437	0.06856690943290696	0.1893058201601219	0.06029801268358734	40.26565954729961	16.58429449818654
0.1737347122024405	0.06865677640946009	0.1896291796023445	0.06036750044812965	40.22891775130079	16.56520466437471
0.1738347321864373	0.06874672357536532	0.1899530426207934	0.06043702822866074	40.1922431221339	16.54614777246402
0.1739347521704341	0.06883675099324967	0.1902774100865302	0.06050659602518065	40.15563550930037	16.52712374670418
0.1740347721544309	0.06892685872582355	0.1906022828724055	0.06057620383768934	40.11909476273829	16.50813251156256
0.1741347921384277	0.06901704683588107	0.190927661853063	0.06064585166618684	40.08262073282079	16.48917399172334
0.1742348121224245	0.06910731538630001	0.1912535479049434	0.06071553951067311	40.04621327035455	16.47024811208687
0.1743348321064213	0.06919766444004209	0.1915799419062893	0.06078526737114819	40.00987222657835	16.45135479776883
0.1744348520904181	0.06928809406015302	0.1919068447371483	0.06085503524761207	39.97359745316151	16.43249397409953
0.1745348720744149	0.06937860430976253	0.192234257279378	0.06092484314006473	39.9373888022026	16.4136655666232
0.1746348920584117	0.06946919525208471	0.1925621804166496	0.0609946910485062	39.90124612622774	16.39486950109719
0.1747349120424085	0.06955986695041796	0.1928906150344525	0.06106457897293646	39.8651692781893	16.37610570349131
0.1748349320264053	0.06965061946814516	0.193219562020098	0.06113450691335552	39.82915811146439	16.35737409998704
0.1749349520104021	0.06974145286873375	0.1935490222627239	0.06120447486976335	39.79321247985344	16.33867461697685
0.1750349719943989	0.06983236721573607	0.1938789966532989	0.06127448284216	39.75733223757867	16.32000718106345
0.1751349919783957	0.06992336257278919	0.194209486084626	0.06134453083054545	39.72151723928275	16.30137171905906
0.1752350119623925	0.07001443900361519	0.1945404914513474	0.06141461883491967	39.68576734002733	16.28276815798474
0.1753350319463893	0.0701055965720213	0.1948720136499486	0.06148474685528269	39.65008239529161	16.26419642506963
0.1754350519303861	0.07019683534189999	0.1952040535787627	0.06155491489163453	39.61446226097089	16.24565644775025
0.1755350719143829	0.07028815537722909	0.1955366121379743	0.06162512294397515	39.57890679337523	16.22714815366979
0.1756350918983797	0.07037955674207187	0.1958696902296242	0.06169537101230455	39.54341584922801	16.20867147067743
0.1757351118823765	0.07047103950057736	0.1962032887576135	0.06176565909662276	39.50798928566442	16.19022632682759
0.1758351318663733	0.0705626037169802	0.1965374086277081	0.06183598719692977	39.47262696023025	16.17181265037928
0.1759351518503701	0.07065424945560095	0.1968720507475423	0.06190635531322555	39.43732873088035	16.15343036979536
0.1760351718343669	0.07074597678084626	0.1972072160266241	0.06197676344551014	39.40209445597726	16.13507941374187
0.1761351918183637	0.07083778575720881	0.197542905376339	0.06204721159378353	39.36692399428998	16.11675971108731
0.1762352118023605	0.07092967644926755	0.1978791197099542	0.0621176997580457	39.33181720499233	16.09847119090202
0.1763352317863573	0.0710216489216879	0.1982158599426232	0.06218822793829668	39.29677394766178	16.08021378245739
0.1764352517703541	0.07111370323922173	0.1985531269913904	0.06225879613453646	39.26179408227807	16.06198741522526
0.1765352717543509	0.07120583946670754	0.1988909217751946	0.06232940434676503	39.22687746922177	16.04379201887722
0.1766352917383477	0.07129805766907064	0.1992292452148745	0.06240005257498238	39.19202396927293	16.0256275232839
0.1767353117223445	0.07139035791132331	0.1995680982331723	0.06247074081918854	39.15723344360979	16.00749385851431
0.1768353317063413	0.07148274025856477	0.1999074817547386	0.0625414690793835	39.12250575380744	15.9893909548352
0.1769353516903381	0.07157520477598138	0.200247396706136	0.06261223735556723	39.0878407618364	15.97131874271035
0.1770353716743349	0.07166775152884694	0.2005878440158448	0.06268304564773977	39.05323833006134	15.9532771527999
0.1771353916583317	0.07176038058252257	0.2009288246142667	0.06275389395590111	39.0186983212398	15.93526611595971
0.1772354116423285	0.07185309200245696	0.2012703394337286	0.06282478228005126	38.98422059852072	15.9172855632407
0.1773354316263253	0.07194588585418644	0.2016123894084884	0.06289571062019016	38.94980502544333	15.89933542588817
0.1774354516103221	0.07203876220333533	0.2019549754747389	0.06296667897631789	38.91545146593562	15.88141563534112
0.1775354715943189	0.07213172111561569	0.2022980985706118	0.0630376873484344	38.8811597843132	15.86352612323168
0.1776354915783157	0.0722247626568278	0.2026417596361829	0.0631087357365397	38.84692984527794	15.84566682138435
0.1777355115623125	0.0723178868928601	0.2029859596134765	0.06317982414063381	38.81276151391665	15.82783766181544
0.1778355315463093	0.07241109388968943	0.2033306994464694	0.06325095256071672	38.77865465569975	15.81003857673236
0.1779355515303061	0.07250438371338098	0.2036759800810961	0.06332212099678841	38.74460913648016	15.79226949853304
0.1780355715143029	0.07259775643008869	0.2040218024652529	0.06339332944884889	38.71062482249182	15.7745303598052
0.1781355914982997	0.0726912121060552	0.2043681675488028	0.06346457791689818	38.67670158034849	15.7568210933258
0.1782356114822965	0.07278475080761201	0.2047150762835797	0.06353586640093627	38.64283927704248	15.73914163206034
0.1783356314662932	0.07287837260117962	0.205062529623393	0.06360719490096313	38.60903777994342	15.72149190916228
0.1784356514502901	0.07297207755326772	0.205410528524033	0.06367856341697881	38.57529695679693	15.70387185797233
0.1785356714342869	0.07306586573047522	0.2057590739432741	0.06374997194898327	38.54161667572344	15.68628141201792
0.1786356914182836	0.07315973719949047	0.2061081668408808	0.06382142049697652	38.50799680521682	15.66872050501248
0.1787357114022805	0.07325369202709141	0.2064578081786113	0.06389290906095857	38.47443721414324	15.65118907085489
0.1788357313862773	0.07334773028014559	0.2068079989202229	0.06396443764092942	38.44093777173991	15.63368704362879
0.1789357513702741	0.07344185202561042	0.2071587400314762	0.06403600623688907	38.40749834761383	15.61621435760203
0.1790357713542708	0.0735360573305332	0.2075100324801395	0.06410761484883749	38.37411881174052	15.59877094722599
0.1791357913382677	0.07363034626205144	0.2078618772359948	0.06417926347677473	38.34079903446287	15.58135674713502
0.1792358113222645	0.07372471888739277	0.2082142752708406	0.06425095212070077	38.30753888648982	15.56397169214577
0.1793358313062612	0.07381917527387515	0.2085672275584981	0.06432268078061558	38.27433823889529	15.54661571725664
0.179435851290258	0.07391371548890714	0.2089207350748153	0.0643944494565192	38.24119696311677	15.52928875764713
0.1795358712742549	0.07400833959998789	0.2092747987976718	0.06446625814841161	38.2081149309543	15.51199074867724
0.1796358912582517	0.07410304767470725	0.2096294197069835	0.06453810685629283	38.17509201456912	15.4947216258869
0.1797359112422484	0.07419783978074609	0.2099845987847075	0.06460999558016282	38.14212808648257	15.47748132499532
0.1798359312262452	0.07429271598587624	0.2103403370148468	0.06468192432002162	38.10922301957486	15.46026978190042
0.1799359512102421	0.07438767635796073	0.2106966353834549	0.06475389307586922	38.07637668708384	15.44308693267824
0.1800359711942388	0.07448272096495388	0.2110534948786409	0.06482590184770559	38.04358896260395	15.42593271358235
0.1801359911782356	0.07457784987490154	0.2114109164905744	0.06489795063553078	38.01085972008484	15.40880706104321
0.1802360111622325	0.07467306315594112	0.2117689012114896	0.06497003943934476	37.97818883383033	15.39170991166764
0.1803360311462293	0.07476836087630169	0.2121274500356909	0.06504216825914753	37.94557617849726	15.37464120223821
0.180436051130226	0.07486374310430427	0.2124865639595574	0.06511433709493909	37.91302162909419	15.35760086971266
0.1805360711142228	0.0749592099083619	0.2128462439815479	0.06518654594671945	37.88052506098039	15.3405888512233
0.1806360910982197	0.07505476135697972	0.2132064911022056	0.06525879481448862	37.84808634986458	15.32360508407645
0.1807361110822164	0.07515039751875514	0.213567306324163	0.06533108369824656	37.81570537180384	15.30664950575187
0.1808361310662132	0.07524611846237809	0.213928690652147	0.0654034125979933	37.78338200320236	15.28972205390215
0.18093615105021	0.07534192425663101	0.2142906450929837	0.06547578151372885	37.75111612081042	15.27282266635216
0.1810361710342068	0.07543781497038901	0.214653170655603	0.06554819044545318	37.71890760172322	15.2559512810985
0.1811361910182036	0.07553379067262014	0.2150162683510444	0.06562063939316631	37.68675632337968	15.23910783630888
0.1812362110022004	0.07562985143238539	0.2153799391924607	0.06569312835686825	37.65466216356135	15.2222922703216
0.1813362309861972	0.07572599731883885	0.2157441841951241	0.06576565733655897	37.62262500039134	15.20550452164495
0.181436250970194	0.07582222840122792	0.2161090043764304	0.06583822633223847	37.59064471233304	15.1887445289567
0.1815362709541908	0.07591854474889345	0.2164744007559048	0.06591083534390678	37.55872117818922	15.17201223110346
0.1816362909381876	0.07601494643126981	0.2168403743552058	0.0659834843715639	37.52685427710072	15.1553075671002
0.1817363109221844	0.07611143351788502	0.2172069261981311	0.06605617341520978	37.49504388854546	15.13863047612965
0.1818363309061812	0.07620800607836108	0.2175740573106225	0.06612890247484449	37.46328989233729	15.12198089754176
0.181936350890178	0.07630466418241381	0.2179417687207703	0.06620167155046798	37.43159216862489	15.10535877085313
0.1820363708741748	0.07640140789985327	0.2183100614588194	0.06627448064208026	37.39995059789071	15.08876403574653
0.1821363908581716	0.07649823730058374	0.2186789365571732	0.06634732974968133	37.36836506094979	15.07219663207023
0.1822364108421684	0.07659515245460395	0.2190483950504	0.06642021887327121	37.3368354389488	15.05565649983757
0.1823364308261652	0.07669215343200718	0.2194184379752368	0.06649314801284989	37.30536161336485	15.03914357922637
0.182436450810162	0.07678924030298134	0.2197890663705949	0.06656611716841733	37.27394346600446	15.02265781057838
0.1825364707941588	0.07688641313780936	0.2201602812775659	0.0666391263399736	37.24258087900243	15.00619913439874
0.1826364907781556	0.07698367200686898	0.220532083739425	0.06671217552751865	37.21127373482086	14.98976749135548
0.1827365107621524	0.07708101698063319	0.2209044748016381	0.06678526473105251	37.18002191624806	14.97336282227896
0.1828365307461492	0.07717844812967017	0.2212774555118651	0.06685839395057513	37.14882530639737	14.95698506816133
0.182936550730146	0.07727596552464366	0.2216510269199672	0.06693156318608659	37.11768378870629	14.94063417015599
0.1830365707141428	0.07737356923631285	0.2220251900780097	0.06700477243758682	37.08659724693523	14.92431006957711
0.1831365906981396	0.07747125933553267	0.2223999460402691	0.06707802170507583	37.05556556516666	14.90801270789907
0.1832366106821364	0.07756903589325402	0.2227752958632378	0.06715131098855366	37.02458862780388	14.8917420267559
0.1833366306661332	0.07766689898052372	0.2231512406056287	0.06722464028802029	36.99366631957007	14.87549796794084
0.18343665065013	0.07776484866848475	0.2235277813283812	0.06729800960347571	36.96279852550728	14.85928047340576
0.1835366706341268	0.07786288502837639	0.2239049190946657	0.06737141893491989	36.93198513097533	14.84308948526065
0.1836366906181236	0.07796100813153449	0.2242826549698901	0.06744486828235291	36.90122602165076	14.82692494577311
0.1837367106021204	0.07805921804939135	0.2246609900217039	0.06751835764577471	36.87052108352594	14.81078679736784
0.1838367305861172	0.07815751485347608	0.2250399253200036	0.06759188702518529	36.83987020290785	14.79467498262612
0.183936750570114	0.07825589861541477	0.2254194619369393	0.06766545642058468	36.80927326641725	14.7785894442853
0.1840367705541108	0.07835436940693043	0.2257996009469179	0.06773906583197287	36.77873016098749	14.7625301252383
0.1841367905381076	0.07845292729984332	0.2261803434266106	0.06781271525934983	36.74824077386368	14.74649696853309
0.1842368105221044	0.07855157236607112	0.2265616904549567	0.06788640470271561	36.71780499260151	14.73048991737219
0.1843368305061012	0.0786503046776289	0.2269436431131699	0.06796013416207018	36.68742270506637	14.71450891511216
0.184436850490098	0.07874912430662941	0.2273262024847431	0.06803390363741355	36.65709379943232	14.69855390526313
0.1845368704740948	0.07884803132528317	0.2277093696554539	0.06810771312874569	36.62681816418104	14.68262483148825
0.1846368904580916	0.07894702580589877	0.2280931457133707	0.06818156263606664	36.59659568810088	14.66672163760325
0.1847369104420884	0.07904610782088274	0.2284775317488571	0.0682554521593764	36.5664262602859	14.65084426757589
0.1848369304260852	0.07914527744273994	0.228862528854578	0.06832938169867493	36.53630977013484	14.6349926655255
0.184936950410082	0.07924453474407364	0.229248138125505	0.06840335125396227	36.50624610735014	14.61916677572248
0.1850369703940788	0.07934387979758564	0.2296343606589217	0.06847736082523841	36.47623516193701	14.60336654258781
0.1851369903780756	0.07944331267607642	0.2300211975544288	0.06855141041250333	36.44627682420235	14.58759191069257
0.1852370103620724	0.07954283345244534	0.2304086499139508	0.06862550001575704	36.41637098475398	14.57184282475743
0.1853370303460692	0.0796424421996908	0.2307967188417404	0.06869962963499956	36.38651753449941	14.55611922965218
0.185437050330066	0.0797421389909103	0.2311854054443845	0.06877379927023088	36.35671636464511	14.54042107039527
0.1855370703140628	0.0798419238993007	0.2315747108308095	0.06884800892145097	36.32696736669541	14.5247482921533
0.1856370902980596	0.07994179699815832	0.2319646361122871	0.06892225858865987	36.29727043245159	14.50910084024053
0.1857371102820564	0.08004175836087908	0.2323551824024399	0.06899654827185757	36.26762545401095	14.49347866011845
0.1858371302660532	0.08014180806095869	0.2327463508172468	0.06907087797104407	36.23803232376584	14.47788169739525
0.18593715025005	0.08024194617199278	0.2331381424750487	0.06914524768621934	36.20849093440273	14.46230989782542
0.1860371702340468	0.08034217276767711	0.2335305584965542	0.06921965741738342	36.17900117890117	14.44676320730917
0.1861371902180436	0.08044248792180762	0.233923600004845	0.06929410716453631	36.14956295053305	14.43124157189206
0.1862372102020404	0.08054289170828063	0.2343172681253817	0.06936859692767797	36.1201761428615	14.4157449377645
0.1863372301860372	0.0806433842010931	0.2347115639860097	0.06944312670680843	36.09084064974002	14.40027325126126
0.186437250170034	0.08074396547434266	0.2351064887169648	0.0695176965019277	36.06155636531152	14.38482645886102
0.1865372701540308	0.0808446356022277	0.2355020434508779	0.06959230631303573	36.03232318400752	14.36940450718594
0.1866372901380276	0.08094539465904779	0.235898229322783	0.06966695614013259	36.00314100054701	14.35400734300112
0.1867373101220244	0.08104624271920359	0.2362950474701201	0.06974164598321823	35.97400970993572	14.33863491321423
0.1868373301060212	0.08114717985719706	0.236692499032743	0.06981637584229268	35.94492920746515	14.323287164875
0.186937350090018	0.08124820614763169	0.2370905851529245	0.0698911457173559	35.91589938871169	14.30796404517479
0.1870373700740148	0.08134932166521266	0.237489306975362	0.06996595560840793	35.88692014953556	14.29266550144608
0.1871373900580116	0.0814505264847469	0.2378886656471833	0.07004080551544876	35.85799138608015	14.27739148116211
0.1872374100420084	0.08155182068114326	0.2382886623179523	0.07011569543847837	35.82911299477097	14.26214193193634
0.1873374300260052	0.08165320432941281	0.2386892981396755	0.07019062537749679	35.80028487231474	14.24691680152206
0.187437450010002	0.08175467750466885	0.239090574266807	0.070265595332504	35.77150691569856	14.23171603781193
0.1875374699939988	0.08185624028212712	0.2394924918562548	0.0703406053035	35.74277902218902	14.21653958883749
0.1876374899779956	0.08195789273710595	0.2398950520673864	0.0704156552904848	35.71410108933127	14.20138740276879
0.1877375099619924	0.08205963494502647	0.2402982560620353	0.07049074529345839	35.68547301494818	14.18625942791388
0.1878375299459892	0.08216146698141266	0.2407021050045059	0.07056587531242078	35.65689469713944	14.17115561271842
0.187937549929986	0.08226338892189163	0.2411066000615803	0.07064104534737195	35.62836603428069	14.15607590576522
0.1880375699139828	0.08236540084219375	0.2415117424025241	0.07071625539831193	35.59988692502264	14.14102025577377
0.1881375898979796	0.08246750281815274	0.2419175331990918	0.07079150546524071	35.57145726829018	14.12598861159987
0.1882376098819764	0.08256969492570589	0.2423239736255332	0.07086679554815828	35.54307696328158	14.11098092223514
0.1883376298659732	0.0826719772408942	0.2427310648585994	0.07094212564706463	35.51474590946759	14.09599713680664
0.18843764984997	0.08277434983986265	0.2431388080775488	0.0710174957619598	35.48646400659053	14.08103720457636
0.1885376698339668	0.08287681279886015	0.2435472044641528	0.07109290589284376	35.45823115466351	14.06610107494087
0.1886376898179636	0.08297936619423983	0.243956255202702	0.07116835603971648	35.43004725396957	14.05118869743087
0.1887377098019604	0.08308201010245934	0.2443659614800129	0.07124384620257804	35.40191220506074	14.0363000217107
0.1888377297859572	0.08318474460008067	0.2447763244854327	0.07131937638142838	35.37382590875735	14.02143499757803
0.188937749769954	0.08328756976377059	0.2451873454108462	0.07139494657626749	35.34578826614704	14.00659357496335
0.1890377697539508	0.08339048567030083	0.2455990254506819	0.07147055678709542	35.31779917858394	13.99177570392957
0.1891377897379476	0.08349349239654799	0.246011365801918	0.07154620701391215	35.28985854768795	13.97698133467159
0.1892378097219444	0.08359659001949395	0.2464243676640884	0.07162189725671766	35.2619662753438	13.96221041751594
0.1893378297059412	0.08369977861622592	0.2468380322392886	0.07169762751551197	35.23412226370019	13.94746290292029
0.189437849689938	0.08380305826393669	0.2472523607321828	0.07177339779029508	35.20632641516906	13.93273874147304
0.1895378696739348	0.08390642903992464	0.2476673543500092	0.07184920808106698	35.17857863242475	13.91803788389298
0.1896378896579316	0.08400989102159404	0.2480830143025861	0.07192505838782766	35.15087881840309	13.90336028102879
0.1897379096419284	0.08411344428645527	0.2484993418023194	0.07200094871057716	35.12322687630065	13.88870588385868
0.1898379296259252	0.08421708891212479	0.2489163380642067	0.07207687904931545	35.0956227095739	13.87407464348996
0.189937949609922	0.08432082497632541	0.249334004305846	0.07215284940404254	35.06806622193848	13.85946651115864
0.1900379695939188	0.0844246525568865	0.2497523417474396	0.07222885977475839	35.04055731736824	13.84488143822903
0.1901379895779156	0.08452857173174416	0.2501713516118025	0.07230491016146307	35.01309590009455	13.83031937619332
0.1902380095619124	0.08463258257894128	0.2505910351243671	0.07238100056415654	34.98568187460544	13.81578027667119
0.1903380295459092	0.08473668517662777	0.2510113935131902	0.07245713098283879	34.95831514564483	13.80126409140939
0.190438049529906	0.08484087960306079	0.2514324280089594	0.07253330141750984	34.93099561821171	13.78677077228138
0.1905380695139028	0.08494516593660481	0.2518541398449995	0.0726095118681697	34.9037231975594	13.77230027128686
0.1906380894978996	0.08504954425573184	0.252276530257278	0.07268576233481835	34.87649778919462	13.75785254055146
0.1907381094818964	0.08515401463902156	0.2526996004844125	0.07276205281745578	34.84931929887689	13.74342753232627
0.1908381294658932	0.08525857716516161	0.2531233517676771	0.07283838331608201	34.82218763261756	13.72902519898749
0.19093814944989	0.0853632319129476	0.2535477853510085	0.07291475383069705	34.79510269667921	13.71464549303602
0.1910381694338868	0.08546797896128333	0.2539729024810115	0.07299116436130086	34.76806439757466	13.70028836709706
0.1911381894178836	0.08557281838918106	0.2543987044069673	0.07306761490789349	34.74107264206641	13.68595377391975
0.1912382094018804	0.08567775027576152	0.2548251923808387	0.0731441054704749	34.71412733716569	13.67164166637675
0.1913382293858772	0.08578277470025418	0.2552523676572769	0.07322063604904509	34.68722839013178	13.65735199746386
0.191438249369874	0.08588789174199749	0.2556802314936283	0.0732972066436041	34.66037570847124	13.64308472029964
0.1915382693538708	0.08599310148043882	0.2561087851499403	0.0733738172541519	34.63356919993709	13.62883978812503
0.1916382893378676	0.0860984039951349	0.2565380298889686	0.0734504678806885	34.60680877252806	13.61461715430296
0.1917383093218644	0.0862037993657518	0.2569679669761837	0.07352715852321388	34.58009433448796	13.60041677231797
0.1918383293058612	0.08630928767206522	0.2573985976797767	0.07360388918172807	34.55342579430468	13.58623859577582
0.191938349289858	0.08641486899396061	0.257829923270667	0.07368065985623105	34.52680306070962	13.57208257840312
0.1920383692738548	0.0865205434114333	0.2582619450225078	0.07375747054672281	34.50022604267691	13.55794867404698
0.1921383892578516	0.08662631100458883	0.2586946642116937	0.07383432125320338	34.47369464942255	13.54383683667457
0.1922384092418484	0.08673217185364289	0.2591280821173669	0.07391121197567274	34.44720879040388	13.52974702037279
0.1923384292258452	0.08683812603892177	0.2595622000214238	0.07398814271413091	34.42076837531855	13.5156791793479
0.192438449209842	0.08694417364086224	0.2599970192085217	0.07406511346857785	34.39437331410405	13.50163326792513
0.1925384691938388	0.08705031474001203	0.260432540966086	0.0741421242390136	34.3680235169368	13.4876092405483
0.1926384891778356	0.08715654941702972	0.2608687665843161	0.07421917502543815	34.34171889423146	13.47360705177949
0.1927385091618324	0.08726287775268506	0.2613056973561926	0.07429626582785147	34.31545935664026	13.45962665629865
0.1928385291458292	0.08736929982785926	0.2617433345774844	0.0743733966462536	34.28924481505213	13.44566800890319
0.192938549129826	0.08747581572354496	0.2621816795467551	0.07445056748064453	34.26307518059212	13.4317310645077
0.1930385691138228	0.08758242552084644	0.2626207335653692	0.07452777833102427	34.23695036462058	13.41781577814352
0.1931385890978196	0.08768912930097987	0.2630604979375001	0.07460502919739277	34.21087027873249	13.4039221049584
0.1932386090818164	0.08779592714527355	0.2635009739701363	0.07468232007975008	34.18483483475668	13.39005000021615
0.1933386290658132	0.08790281913516794	0.2639421629730883	0.0747596509780962	34.15884394475517	13.37619941929624
0.19343864904981	0.08800980535221582	0.264384066258995	0.07483702189243108	34.13289752102246	13.3623703176935
0.1935386690338068	0.08811688587808274	0.2648266851433319	0.07491443282275478	34.10699547608476	13.34856265101771
0.1936386890178036	0.08822406079454684	0.2652700209444168	0.07499188376906728	34.0811377226993	13.33477637499328
0.1937387090018003	0.08833133018349924	0.2657140749834169	0.07506937473136854	34.0553241738537	13.32101144545885
0.1938387289857972	0.08843869412694429	0.2661588485843565	0.07514690570965864	34.02955474276511	13.307267818367
0.193938748969794	0.08854615270699946	0.266604343074123	0.07522447670393752	34.0038293428797	13.29354544978385
0.1940387689537908	0.08865370600589587	0.2670505597824746	0.0753020877142052	33.97814788787178	13.27984429588872
0.1941387889377875	0.0887613541059781	0.2674975000420467	0.07537973874046164	33.95251029164324	13.26616431297379
0.1942388089217844	0.08886909708970483	0.2679451651883597	0.07545742978270691	33.92691646832273	13.25250545744373
0.1943388289057812	0.0889769350396486	0.2683935565598256	0.07553516084094097	33.90136633226512	13.23886768581537
0.1944388488897779	0.08908486803849612	0.2688426754977544	0.0756129319151638	33.87585979805068	13.22525095471738
0.1945388688737748	0.08919289616904866	0.2692925233463631	0.07569074300537545	33.85039678048448	13.21165522088984
0.1946388888577716	0.08930101951422188	0.2697431014527799	0.0757685941115759	33.82497719459558	13.19808044118401
0.1947389088417684	0.08940923815704635	0.2701944111670547	0.07584648523376514	33.79960095563654	13.1845265725619
0.1948389288257651	0.08951755218066743	0.2706464538421633	0.07592441637194315	33.77426797908259	13.17099357209595
0.194938948809762	0.08962596166834577	0.2710992308340166	0.07600238752610998	33.74897818063098	13.15748139696873
0.1950389687937588	0.08973446670345719	0.2715527435014664	0.07608039869626561	33.72373147620037	13.14399000447253
0.1951389887777555	0.08984306736949305	0.2720069932063132	0.07615844988241001	33.6985277819301	13.1305193520091
0.1952390087617523	0.08995176375006045	0.2724619813133143	0.07623654108454322	33.67336701417949	13.11706939708926
0.1953390287457492	0.09006055592888222	0.2729177091901887	0.07631467230266523	33.64824908952727	13.10364009733258
0.195439048729746	0.09016944398979738	0.273374178207627	0.07639284353677603	33.62317392477085	13.09023141046705
0.1955390687137427	0.0902784280167611	0.2738313897392969	0.07647105478687562	33.59814143692565	13.07684329432874
0.1956390886977395	0.09038750809384501	0.2742893451618515	0.07654930605296401	33.5731515432245	13.06347570686148
0.1957391086817364	0.09049668430523733	0.2747480458549358	0.07662759733504119	33.54820416111686	13.05012860611653
0.1958391286657331	0.09060595673524305	0.2752074932011944	0.07670592863310716	33.52329920826836	13.03680195025223
0.1959391486497299	0.09071532546828424	0.2756676885862796	0.07678429994716193	33.49843660255994	13.02349569753369
0.1960391686337268	0.09082479058890007	0.2761286333988574	0.07686271127720551	33.47361626208733	13.01020980633246
0.1961391886177235	0.09093435218174702	0.2765903290306158	0.07694116262323786	33.44883810516039	12.99694423512622
0.1962392086017203	0.09104401033159926	0.2770527768762724	0.07701965398525902	33.42410205030239	12.9836989424984
0.1963392285857171	0.09115376512334861	0.2775159783335812	0.07709818536326898	33.39940801624943	12.97047388713793
0.196439248569714	0.09126361664200482	0.2779799348033402	0.07717675675726773	33.37475592194983	12.95726902783888
0.1965392685537107	0.09137356497269571	0.2784446476893989	0.07725536816725526	33.3501456865634	12.94408432350013
0.1966392885377075	0.09148361020066759	0.2789101183986668	0.07733401959323161	33.32557722946083	12.93091973312508
0.1967393085217043	0.09159375241128508	0.2793763483411192	0.07741271103519674	33.30105047022315	12.91777521582129
0.1968393285057011	0.09170399169003154	0.2798433389298058	0.07749144249315065	33.27656532864095	12.90465073080022
0.1969393484896979	0.09181432812250931	0.2803110915808586	0.07757021396709338	33.25212172471387	12.89154623737685
0.1970393684736947	0.0919247617944397	0.2807796077134982	0.0776490254570249	33.22771957864986	12.87846169496941
0.1971393884576916	0.0920352927916633	0.2812488887500428	0.07772787696294521	33.20335881086472	12.86539706309905
0.1972394084416883	0.09214592120014017	0.2817189361159149	0.07780676848485431	33.17903934198131	12.85235230138954
0.1973394284256851	0.09225664710595009	0.2821897512396496	0.07788570002275222	33.154761092829	12.8393273695669
0.1974394484096819	0.09236747059529259	0.2826613355529016	0.07796467157663892	33.13052398444307	12.8263222274592
0.1975394683936787	0.09247839175448724	0.2831336904904534	0.07804368314651439	33.10632793806408	12.81333683499614
0.1976394883776755	0.09258941066997399	0.2836068174902231	0.07812273473237868	33.08217287513717	12.80037115220879
0.1977395083616723	0.09270052742831301	0.2840807179932714	0.07820182633423177	33.05805871731162	12.78742513922931
0.1978395283456691	0.09281174211618526	0.2845553934438106	0.07828095795207365	33.03398538644013	12.77449875629058
0.1979395483296659	0.09292305482039238	0.2850308452892107	0.07836012958590431	33.00995280457817	12.76159196372594
0.1980395683136627	0.09303446562785719	0.2855070749800091	0.07843934123572378	32.98596089398347	12.74870472196888
0.1981395882976595	0.09314597462562359	0.2859840839699171	0.07851859290153204	32.96200957711541	12.73583699155271
0.1982396082816563	0.0932575819008569	0.2864618737158279	0.07859788458332909	32.93809877663432	12.7229887331103
0.1983396282656531	0.09336928754084416	0.2869404456778255	0.07867721628111495	32.91422841540101	12.71015990737375
0.1984396482496499	0.09348109163299406	0.2874198013191905	0.07875658799488959	32.89039841647604	12.69735047517407
0.1985396682336467	0.09359299426483735	0.2878999421064106	0.07883599972465301	32.86660870311932	12.68456039744096
0.1986396882176435	0.09370499552402704	0.2883808695091867	0.07891545147040525	32.84285919878926	12.67178963520241
0.1987397082016403	0.09381709549833847	0.2888625850004415	0.07899494323214629	32.81914982714238	12.65903814958448
0.1988397281856371	0.09392929427566959	0.2893450900563273	0.07907447500987612	32.79548051203265	12.64630590181097
0.1989397481696339	0.09404159194404109	0.2898283861562338	0.07915404680359472	32.77185117751091	12.63359285320313
0.1990397681536307	0.09415398859159679	0.2903124747827973	0.07923365861330214	32.74826174782427	12.62089896517936
0.1991397881376275	0.0942664843066036	0.2907973574219073	0.07931331043899836	32.72471214741557	12.60822419925496
0.1992398081216243	0.09437907917745179	0.2912830355627148	0.07939300228068334	32.70120230092275	12.59556851704176
0.1993398281056211	0.09449177329265539	0.2917695106976416	0.07947273413835715	32.67773213317829	12.5829318802479
0.1994398480896179	0.09460456674085208	0.2922567843223869	0.07955250601201976	32.65430156920863	12.57031425067751
0.1995398680736147	0.09471745961080356	0.2927448579359364	0.07963231790167115	32.63091053423367	12.55771559023041
0.1996398880576115	0.09483045199139577	0.2932337330405698	0.07971216980731131	32.60755895366605	12.54513586090186
0.1997399080416083	0.09494354397163905	0.2937234111418698	0.07979206172894029	32.5842467531107	12.53257502478224
0.1998399280256051	0.09505673564066837	0.2942138937487296	0.07987199366655807	32.56097385836423	12.52003304405677
0.1999399480096019	0.09517002708774341	0.2947051823733611	0.07995196562016463	32.53774019541437	12.50750988100524
0.2000399679935987	0.09528341840224903	0.2951972785313045	0.08003197758975999	32.51454569043939	12.4950054980017
0.2001399879775955	0.09539690967369516	0.2956901837414339	0.08011202957534416	32.49139026980756	12.48251985751422
0.2002400079615923	0.09551050099171722	0.2961838995259686	0.08019212157691712	32.4682738600766	12.47005292210457
0.2003400279455891	0.09562419244607621	0.2966784274104792	0.08027225359447886	32.44519638799311	12.45760465442794
0.2004400479295859	0.09573798412665906	0.2971737689238972	0.0803524256280294	32.42215778049195	12.4451750172327
0.2005400679135827	0.09585187612347866	0.2976699255985227	0.08043263767756874	32.3991579646958	12.43276397336007
0.2006400878975795	0.09596586852667416	0.2981668989700331	0.08051288974309687	32.37619686791452	12.42037148574386
0.2007401078815763	0.09607996142651118	0.2986646905774915	0.08059318182461379	32.35327441764465	12.40799751741024
0.2008401278655731	0.09619415491338201	0.2991633019633554	0.08067351392211952	32.33039054156887	12.39564203147738
0.2009401478495699	0.09630844907780579	0.2996627346734844	0.08075388603561405	32.30754516755535	12.38330499115523
0.2010401678335667	0.09642284401042867	0.3001629902571488	0.08083429816509734	32.28473822365736	12.37098635974525
0.2011401878175635	0.09653733980202422	0.3006640702670396	0.08091475031056945	32.26196963811261	12.35868610064011
0.2012402078015603	0.09665193654349345	0.3011659762592752	0.08099524247203035	32.23923933934277	12.34640417732343
0.2013402277855571	0.09676663432586498	0.3016687097934102	0.08107577464948004	32.21654725595288	12.33414055336952
0.2014402477695539	0.09688143324029548	0.3021722724324455	0.08115634684291853	32.19389331673086	12.32189519244307
0.2015402677535507	0.0969963333780697	0.3026766657428352	0.08123695905234583	32.17127745064699	12.30966805829893
0.2016402877375475	0.09711133483060061	0.3031818912944956	0.08131761127776189	32.1486995868533	12.29745911478185
0.2017403077215443	0.09722643768942991	0.303687950660815	0.08139830351916677	32.12615965468311	12.28526832582612
0.2018403277055411	0.09734164204622796	0.3041948454186609	0.08147903577656046	32.10365758365047	12.27309565545541
0.2019403476895379	0.09745694799279402	0.3047025771483892	0.08155980804994292	32.08119330344963	12.26094106778246
0.2020403676735347	0.09757235562105664	0.3052111474338536	0.08164062033931417	32.05876674395454	12.24880452700882
0.2021403876575315	0.09768786502307372	0.3057205578624137	0.08172147264467423	32.03637783521832	12.23668599742457
0.2022404076415283	0.0978034762910328	0.3062308100249435	0.08180236496602308	32.01402650747266	12.22458544340807
0.2023404276255251	0.09791918951725112	0.3067419055158405	0.08188329730336072	31.99171269112745	12.21250282942572
0.2024404476095219	0.09803500479417611	0.3072538459330355	0.08196426965668717	31.96943631677014	12.20043812003165
0.2025404675935187	0.09815092221438534	0.3077666328779997	0.08204528202600241	31.94719731516524	12.18839127986753
0.2026404875775155	0.0982669418705869	0.3082802679557547	0.08212633441130644	31.92499561725385	12.17636227366223
0.2027405075615123	0.09838306385561948	0.3087947527748814	0.08220742681259925	31.90283115415317	12.16435106623162
0.2028405275455091	0.09849928826245279	0.3093100889475286	0.08228855922988088	31.88070385715584	12.1523576224783
0.2029405475295059	0.09861561518418753	0.3098262780894221	0.0823697316631513	31.85861365772965	12.14038190739132
0.2030405675135027	0.09873204471405572	0.3103433218198729	0.08245094411241048	31.83656048751681	12.12842388604596
0.2031405874974995	0.09884857694542108	0.3108612217617881	0.08253219657765849	31.81454427833362	12.11648352360345
0.2032406074814963	0.09896521197177893	0.3113799795416783	0.0826134890588953	31.79256496216989	12.10456078531072
0.2033406274654931	0.0990819498867566	0.3118995967896666	0.0826948215561209	31.77062247118842	12.09265563650016
0.2034406474494899	0.09919879078411363	0.3124200751394987	0.08277619406933527	31.74871673772454	12.08076804258936
0.2035406674334867	0.09931573475774204	0.3129414162285515	0.08285760659853847	31.72684769428555	12.06889796908084
0.2036406874174835	0.09943278190166636	0.3134636216978422	0.08293905914373045	31.70501527355036	12.05704538156185
0.2037407074014803	0.09954993231004405	0.3139866931920373	0.08302055170491121	31.68321940836881	12.04521024570406
0.2038407273854771	0.09966718607716568	0.3145106323594626	0.08310208428208078	31.66146003176136	12.03339252726335
0.2039407473694739	0.09978454329745505	0.315035440852111	0.08318365687523915	31.63973707691839	12.02159219207956
0.2040407673534707	0.09990200406546942	0.315561120325653	0.0832652694843863	31.61805047719995	12.00980920607622
0.2041407873374675	0.1000195684759	0.3160876724394455	0.08334692210952226	31.59640016613506	11.99804353526033
0.2042408073214643	0.1001372366235717	0.3166150988565409	0.083428614750647	31.57478607742136	11.98629514572211
0.2043408273054611	0.1002550086034438	0.3171434012436969	0.08351034740776056	31.55320814492454	11.97456400363472
0.2044408472894579	0.1003728845106098	0.317672581271385	0.08359212008086288	31.53166630267795	11.9628500752541
0.2045408672734547	0.1004908644402981	0.3182026406138013	0.08367393276995401	31.51016048488199	11.95115332691861
0.2046408872574515	0.1006089484878718	0.3187335809488743	0.08375578547503396	31.48869062590375	11.9394737250489
0.2047409072414483	0.100727136748829	0.3192654039582751	0.08383767819610266	31.46725666027647	11.9278112361476
0.2048409272254451	0.1008454293188031	0.3197981113274272	0.08391961093316018	31.44585852269906	11.91616582679911
0.2049409472094419	0.1009638262935632	0.3203317047455154	0.0840015836862065	31.42449614803567	11.90453746366933
0.2050409671934387	0.1010823277690141	0.3208661859054952	0.0840835964552416	31.40316947131519	11.89292611350548
0.2051409871774355	0.1012009338411964	0.3214015565041029	0.0841656492402655	31.38187842773073	11.8813317431358
0.2052410071614323	0.1013196446062871	0.3219378182418651	0.0842477420412782	31.36062295263926	11.86975431946933
0.2053410271454291	0.1014384601605996	0.3224749728231073	0.0843298748582797	31.339402981561	11.85819380949571
0.2054410471294259	0.1015573806005838	0.3230130219559649	0.08441204769126996	31.31821845017913	11.84665018028489
0.2055410671134227	0.1016764060228268	0.323551967352392	0.08449426054024906	31.29706929433909	11.83512339898693
0.2056410870974195	0.1017955365240525	0.3240918107281715	0.08457651340521694	31.2759554500484	11.82361343283178
0.2057411070814163	0.1019147722011223	0.3246325538029242	0.08465880628617362	31.25487685347593	11.81212024912899
0.2058411270654131	0.102034113151035	0.325174198300119	0.08474113918311907	31.23383344095165	11.80064381526754
0.2059411470494099	0.1021535594709276	0.3257167459470826	0.08482351209605334	31.21282514896599	11.78918409871557
0.2060411670334067	0.1022731112580747	0.3262601984750095	0.08490592502497639	31.19185191416953	11.77774106702017
0.2061411870174035	0.1023927686098894	0.3268045576189709	0.08498837796988823	31.1709136733725	11.76631468780713
0.2062412070014003	0.1025125316239233	0.3273498251179259	0.08507087093078888	31.15001036354425	11.75490492878074
0.2063412269853971	0.1026324003978665	0.3278960027147299	0.08515340390767832	31.12914192181289	11.74351175772352
0.2064412469693939	0.1027523750295483	0.3284430921561456	0.08523597690055654	31.10830828546485	11.73213514249604
0.2065412669533907	0.1028724556169373	0.328991095192853	0.08531858990942358	31.08750939194431	11.72077505103666
0.2066412869373875	0.1029926422581411	0.3295400135794579	0.08540124293427941	31.06674517885289	11.70943145136132
0.2067413069213843	0.1031129350514073	0.3300898490745037	0.08548393597512403	31.04601558394913	11.69810431156331
0.2068413269053811	0.1032333340951232	0.3306406034404797	0.08556666903195743	31.02532054514803	11.68679359981303
0.2069413468893779	0.1033538394878165	0.3311922784438332	0.08564944210477965	31.00466000052067	11.67549928435781
0.2070413668733747	0.103474451328155	0.3317448758549773	0.08573225519359066	30.98403388829372	11.66422133352162
0.2071413868573715	0.1035951697149471	0.3322983974483025	0.08581510829839045	30.96344214684902	11.65295971570493
0.2072414068413683	0.1037159947471422	0.3328528450021862	0.08589800141917904	30.94288471472311	11.64171439938442
0.2073414268253651	0.1038369265238307	0.3334082202990036	0.08598093455595644	30.92236153060685	11.63048535311278
0.2074414468093619	0.1039579651442443	0.3339645251251366	0.08606390770872263	30.90187253334494	11.61927254551851
0.2075414667933587	0.1040791107077562	0.3345217612709848	0.08614692087747759	30.88141766193548	11.60807594530569
0.2076414867773555	0.1042003633138815	0.335079930530976	0.08622997406222137	30.86099685552956	11.59689552125373
0.2077415067613523	0.1043217230622771	0.3356390347035759	0.08631306726295394	30.84061005343083	11.5857312422172
0.2078415267453491	0.1044431900527424	0.3361990755912985	0.08639620047967529	30.82025719509507	11.5745830771256
0.2079415467293459	0.1045647643852193	0.3367600550007171	0.08647937371238545	30.79993822012973	11.56345099498311
0.2080415667133427	0.1046864461597922	0.3373219747424734	0.08656258696108442	30.77965306829355	11.55233496486843
0.2081415866973395	0.1048082354766887	0.3378848366312888	0.08664584022577218	30.75940167949608	11.54123495593453
0.2082416066813363	0.1049301324362796	0.3384486424859744	0.0867291335064487	30.73918399379732	11.53015093740843
0.2083416266653331	0.105052137139079	0.3390133941294425	0.08681246680311405	30.71899995140725	11.51908287859099
0.2084416466493299	0.1051742496857449	0.3395790933887151	0.08689584011576819	30.69884949268542	11.50803074885675
0.2085416666333267	0.1052964701770792	0.340145742094936	0.0869792534444111	30.67873255814053	11.49699451765363
0.2086416866173235	0.1054187987140279	0.340713342083381	0.08706270678904282	30.65864908843001	11.48597415450278
0.2087417066013203	0.1055412353976815	0.3412818951934683	0.08714620014966334	30.63859902435965	11.47496962899837
0.2088417265853171	0.1056637803292752	0.3418514032687685	0.08722973352627264	30.61858230688307	11.46398091080733
0.2089417465693139	0.1057864336101891	0.3424218681570169	0.08731330691887076	30.59859887710143	11.4530079696692
0.2090417665533107	0.1059091953419485	0.3429932917101222	0.08739692032745766	30.57864867626296	11.44205077539589
0.2091417865373075	0.106032065626224	0.3435656757841786	0.08748057375203337	30.55873164576254	11.43110929787147
0.2092418065213043	0.106155044564832	0.3441390222394752	0.08756426719259784	30.53884772714131	11.42018350705199
0.2093418265053011	0.1062781322597347	0.3447133329405088	0.08764800064915114	30.51899686208623	11.40927337296524
0.2094418464892979	0.1064013288130406	0.3452886097559924	0.08773177412169322	30.49917899242975	11.39837886571055
0.2095418664732946	0.1065246343270043	0.3458648545588676	0.08781558761022408	30.47939406014932	11.38749995545863
0.2096418864572915	0.1066480489040275	0.346442069226315	0.08789944111474376	30.45964200736702	11.37663661245129
0.2097419064412883	0.1067715726466584	0.3470202556397642	0.08798333463525224	30.43992277634914	11.3657888070013
0.2098419264252851	0.1068952056575925	0.3475994156849061	0.08806726817174951	30.42023630950582	11.35495650949217
0.2099419464092818	0.1070189480396727	0.3481795512517031	0.08815124172423554	30.40058254939064	11.34413969037794
0.2100419663932787	0.1071427998958896	0.3487606642344002	0.0882352552927104	30.38096143870013	11.33333832018295
0.2101419863772755	0.1072667613293816	0.349342756531536	0.08831930887717405	30.36137292027351	11.3225523695017
0.2102420063612722	0.1073908324434352	0.3499258300459532	0.08840340247762647	30.34181693709224	11.31178180899864
0.2103420263452691	0.1075150133414855	0.3505098866848111	0.08848753609406772	30.32229343227954	11.30102660940789
0.2104420463292659	0.107639304127116	0.3510949283595952	0.08857170972649775	30.30280234910016	11.29028674153315
0.2105420663132627	0.1077637049040594	0.3516809569861287	0.08865592337491658	30.28334363095983	11.27956217624744
0.2106420862972594	0.1078882157761973	0.3522679744845842	0.08874017703932419	30.26391722140498	11.26885288449291
0.2107421062812563	0.1080128368475609	0.3528559827794949	0.08882447071972062	30.24452306412229	11.25815883728066
0.2108421262652531	0.1081375682223309	0.3534449837997647	0.08890880441610582	30.22516110293835	11.24748000569053
0.2109421462492498	0.1082624100048379	0.3540349794786807	0.08899317812847982	30.2058312818192	11.2368163608709
0.2110421662332466	0.108387362299563	0.354625971753924	0.08907759185684262	30.18653354487001	11.2261678740385
0.2111421862172435	0.1085124252111375	0.3552179625675813	0.08916204560119423	30.16726783633466	11.21553451647823
0.2112422062012402	0.1086375988443431	0.3558109538661551	0.08924653936153459	30.14803410059542	11.20491625954296
0.211342226185237	0.1087628833041131	0.3564049476005774	0.08933107313786379	30.12883228217244	11.19431307465331
0.2114422461692338	0.1088882786955315	0.3569999457262185	0.08941564693018177	30.10966232572351	11.1837249332975
0.2115422661532307	0.109013785123834	0.3575959502029003	0.08950026073848856	30.09052417604358	11.17315180703112
0.2116422861372274	0.1091394026944077	0.358192962994907	0.0895849145627841	30.07141777806448	11.16259366747698
0.2117423061212242	0.1092651315127922	0.3587909860709971	0.08966960840306848	30.05234307685441	11.15205048632486
0.2118423261052211	0.1093909716846789	0.3593900214044141	0.08975434225934165	30.03330001761767	11.1415222353314
0.2119423460892178	0.1095169233159118	0.3599900709728988	0.08983911613160357	30.01428854569428	11.13100888631985
0.2120423660732146	0.1096429865124879	0.3605911367587016	0.08992393001985434	29.99530860655954	11.12051041117987
0.2121423860572114	0.109769161380557	0.3611932207485922	0.09000878392409388	29.97636014582375	11.11002678186741
0.2122424060412083	0.1098954480264221	0.3617963249338727	0.09009367784432223	29.95744310923171	11.09955797040448
0.212342426025205	0.1100218465565399	0.3624004513103894	0.09017861178053935	29.93855744266252	11.08910394887894
0.2124424460092018	0.110148357077521	0.3630056018785444	0.09026358573274527	29.91970309212908	11.07866468944437
0.2125424659931986	0.1102749796961298	0.3636117786433065	0.09034859970094	29.90088000377777	11.06824016431984
0.2126424859771954	0.1104017145192853	0.3642189836142239	0.0904336536851235	29.88208812388807	11.05783034578975
0.2127425059611922	0.1105285616540611	0.3648272188054367	0.09051874768529583	29.86332739887223	11.04743520620362
0.212842525945189	0.1106555212076853	0.3654364862356867	0.09060388170145695	29.84459777527486	11.03705471797595
0.2129425459291859	0.1107825932875416	0.3660467879283316	0.09068905573360685	29.82589919977261	11.02668885358598
0.2130425659131826	0.1109097780011687	0.3666581259113557	0.09077426978174553	29.80723161917381	11.01633758557755
0.2131425858971794	0.1110370754562614	0.3672705022173823	0.09085952384587304	29.78859498041801	11.00600088655892
0.2132426058811762	0.1111644857606701	0.3678839188836854	0.09094481792598932	29.76998923057582	10.99567872920255
0.213342625865173	0.1112920090224014	0.3684983779522023	0.09103015202209438	29.75141431684837	10.98537108624497
0.2134426458491698	0.1114196453496186	0.3691138814695453	0.09111552613418827	29.732870186567	10.97507793048655
0.2135426658331666	0.1115473948506416	0.3697304314870136	0.09120094026227095	29.71435678719296	10.96479923479135
0.2136426858171634	0.1116752576339472	0.3703480300606065	0.0912863944063424	29.69587406631706	10.95453497208695
0.2137427058011602	0.1118032338081698	0.3709666792510347	0.09137188856640267	29.67742197165919	10.94428511536423
0.213842725785157	0.111931323482101	0.3715863811237325	0.09145742274245174	29.65900045106812	10.93404963767725
0.2139427457691538	0.1120595267646904	0.372207137748871	0.09154299693448958	29.64060945252112	10.92382851214304
0.2140427657531506	0.1121878437650457	0.372828951201369	0.09162861114251622	29.62224892412351	10.91362171194139
0.2141427857371474	0.1123162745924329	0.3734518235609074	0.09171426536653167	29.60391881410843	10.90342921031475
0.2142428057211442	0.1124448193562768	0.3740757569119392	0.09179995960653591	29.58561907083644	10.893250980568
0.214342825705141	0.1125734781661608	0.3747007533437034	0.09188569386252891	29.56734964279515	10.88308699606829
0.2144428456891378	0.1127022511318278	0.3753268149502376	0.09197146813451075	29.54911047859895	10.87293723024485
0.2145428656731346	0.11283113836318	0.3759539438303898	0.09205728242248137	29.53090152698862	10.86280165658887
0.2146428856571314	0.1129601399702795	0.3765821420878314	0.0921431367264408	29.51272273683097	10.85268024865325
0.2147429056411282	0.1130892560633481	0.3772114118310692	0.09222903104638899	29.49457405711856	10.84257298005249
0.214842925625125	0.1132184867527683	0.3778417551734586	0.092314965382326	29.47645543696928	10.83247982446249
0.2149429456091218	0.1133478321490828	0.3784731742332165	0.09240093973425181	29.45836682562608	10.82240075562038
0.2150429655931186	0.1134772923629953	0.3791056711334331	0.0924869541021664	29.44030817245662	10.81233574732435
0.2151429855771154	0.1136068675053708	0.3797392480020851	0.09257300848606979	29.42227942695289	10.80228477343348
0.2152430055611122	0.1137365576872354	0.3803739069720486	0.09265910288596198	29.40428053873093	10.79224780786758
0.215343025545109	0.113866363019777	0.3810096501811119	0.09274523730184296	29.38631145753047	10.78222482460702
0.2154430455291058	0.1139962836143455	0.3816464797719875	0.09283141173371272	29.3683721332146	10.77221579769253
0.2155430655131026	0.1141263195824531	0.3822843978923269	0.0929176261815713	29.35046251576942	10.76222070122508
0.2156430854970994	0.1142564710357745	0.382923406694731	0.09300388064541867	29.33258255530373	10.75223950936567
0.2157431054810962	0.114386738086147	0.3835635083367652	0.0930901751252548	29.31473220204877	10.74227219633521
0.215843125465093	0.1145171208455712	0.3842047049809715	0.09317650962107978	29.2969114063577	10.73231873641428
0.2159431454490898	0.1146476194262111	0.3848469987948809	0.09326288413289352	29.27912011870549	10.72237910394306
0.2160431654330866	0.1147782339403943	0.3854903919510279	0.09334929866069605	29.26135828968846	10.71245327332107
0.2161431854170834	0.1149089645006122	0.3861348866269624	0.0934357532044874	29.24362587002398	10.70254121900709
0.2162432054010802	0.1150398112195207	0.3867804850052635	0.09352224776426754	29.22592281055016	10.69264291551892
0.216343225385077	0.11517077420994	0.3874271892735524	0.09360878234003647	29.20824906222555	10.68275833743326
0.2164432453690738	0.1153018535848551	0.3880750016245056	0.09369535693179418	29.1906045761288	10.67288745938556
0.2165432653530706	0.1154330494574163	0.3887239242558686	0.09378197153954071	29.17298930345828	10.66303025606981
0.2166432853370674	0.1155643619409391	0.3893739593704684	0.09386862616327603	29.15540319553184	10.6531867022384
0.2167433053210642	0.1156957911489046	0.3900251091762276	0.09395532080300012	29.13784620378647	10.643356772702
0.216843325305061	0.11582733719496	0.3906773758861775	0.09404205545871303	29.12031827977797	10.6335404423293
0.2169433452890578	0.1159590001929187	0.3913307617184714	0.09412883013041473	29.10281937518062	10.62373768604697
0.2170433652730546	0.1160907802567605	0.3919852688963985	0.09421564481810522	29.08534944178694	10.61394847883939
0.2171433852570514	0.1162226775006323	0.3926408996483964	0.0943024995217845	29.06790843150725	10.60417279574857
0.2172434052410482	0.1163546920388478	0.3932976562080662	0.09438939424145258	29.05049629636948	10.59441061187396
0.217343425225045	0.1164868239858883	0.3939555408141843	0.09447632897710947	29.03311298851875	10.58466190237227
0.2174434452090418	0.1166190734564028	0.3946145557107174	0.09456330372875513	29.01575846021716	10.57492664245736
0.2175434651930386	0.1167514405652081	0.3952747031468359	0.09465031849638959	28.9984326638434	10.56520480740004
0.2176434851770354	0.1168839254272895	0.395935985376927	0.09473737328001286	28.98113555189249	10.55549637252793
0.2177435051610322	0.1170165281578007	0.3965984046606087	0.09482446807962493	28.96386707697543	10.54580131322531
0.217843525145029	0.1171492488720645	0.3972619632627442	0.09491160289522577	28.94662719181895	10.53611960493296
0.2179435451290258	0.1172820876855726	0.3979266634534548	0.09499877772681542	28.92941584926514	10.52645122314799
0.2180435651130226	0.1174150447139863	0.3985925075081344	0.09508599257439386	28.91223300227118	10.5167961434237
0.2181435850970194	0.1175481200731367	0.3992594977074631	0.09517324743796109	28.89507860390905	10.50715434136943
0.2182436050810162	0.1176813138790248	0.3999276363374217	0.09526054231751713	28.87795260736518	10.49752579265039
0.218343625065013	0.1178146262478222	0.4005969256893042	0.09534787721306195	28.86085496594018	10.48791047298751
0.2184436450490098	0.117948057295871	0.4012673680597343	0.09543525212459558	28.84378563304855	10.47830835815731
0.2185436650330066	0.1180816071396841	0.4019389657506766	0.09552266705211798	28.82674456221835	10.46871942399171
0.2186436850170034	0.1182152758959459	0.4026117210694533	0.0956101219956292	28.80973170709091	10.45914364637789
0.2187437050010002	0.1183490636815123	0.4032856363287567	0.09569761695512921	28.79274702142054	10.44958100125817
0.218843724984997	0.118482970613411	0.4039607138466635	0.095785151930618	28.77579045907422	10.44003146462982
0.2189437449689938	0.118616996808842	0.4046369559466507	0.0958727269220956	28.75886197403133	10.43049501254493
0.2190437649529906	0.1187511423851774	0.4053143649576076	0.09596034192956199	28.74196152038331	10.42097162111024
0.2191437849369874	0.1188854074599625	0.405992943213851	0.09604799695301716	28.72508905233341	10.411461266487
0.2192438049209842	0.1190197921509155	0.4066726930551409	0.09613569199246115	28.70824452419636	10.40196392489086
0.219343824904981	0.1191542965759277	0.4073536168266928	0.09622342704789393	28.69142789039813	10.39247957259165
0.2194438448889778	0.1192889208530646	0.4080357168791932	0.0963112021193155	28.67463910547556	10.38300818591327
0.2195438648729746	0.1194236651005651	0.4087189955688141	0.09639901720672585	28.65787812407615	10.37354974123356
0.2196438848569714	0.119558529436843	0.4094034552572278	0.09648687231012501	28.6411449009577	10.36410421498411
0.2197439048409682	0.1196935139804862	0.4100890983116209	0.09657476742951297	28.62443939098808	10.35467158365015
0.219843924824965	0.1198286188502577	0.4107759271047087	0.09666270256488971	28.6077615491449	10.34525182377039
0.2199439448089618	0.1199638441650957	0.4114639440147509	0.09675067771625526	28.59111133051526	10.33584491193686
0.2200439647929586	0.1200991900441141	0.4121531514255658	0.09683869288360961	28.5744886902954	10.32645082479479
0.2201439847769554	0.1202346566066021	0.4128435517265447	0.09692674806695274	28.55789358379054	10.31706953904245
0.2202440047609522	0.1203702439720257	0.4135351473126668	0.09701484326628465	28.54132596641443	10.30770103143101
0.220344024744949	0.1205059522600269	0.4142279405845151	0.09710297848160539	28.52478579368919	10.29834527876438
0.2204440447289458	0.1206417815904247	0.4149219339482897	0.09719115371291491	28.508273021245	10.2890022578991
0.2205440647129426	0.1207777320832149	0.4156171298158234	0.09727936896021321	28.49178760481978	10.27967194574417
0.2206440846969394	0.120913803858571	0.4163135306045977	0.09736762422350032	28.47532950025897	10.27035431926091
0.2207441046809362	0.1210499970368442	0.4170111387377559	0.09745591950277623	28.45889866351517	10.26104935546284
0.220844124664933	0.1211863117385635	0.41770995664412	0.09754425479804094	28.44249505064799	10.25175703141549
0.2209441446489298	0.1213227480844361	0.4184099867582039	0.09763263010929442	28.42611861782361	10.24247732423632
0.2210441646329266	0.1214593061953484	0.4191112315202311	0.0977210454365367	28.40976932131464	10.23321021109453
0.2211441846169234	0.1215959861923654	0.4198136933761474	0.0978095007797678	28.39344711749974	10.22395566921095
0.2212442046009202	0.1217327881967313	0.4205173747776375	0.09789799613898766	28.37715196286347	10.21471367585789
0.221344224584917	0.1218697123298701	0.4212222781821403	0.09798653151419634	28.36088381399587	10.20548420835898
0.2214442445689138	0.1220067587133856	0.4219284060528636	0.09807510690539381	28.3446426275923	10.19626724408906
0.2215442645529106	0.1221439274690619	0.4226357608588	0.09816372231258005	28.32842836045309	10.18706276047405
0.2216442845369074	0.1222812187188637	0.4233443450747423	0.09825237773575511	28.31224096948334	10.17787073499076
0.2217443045209042	0.1224186325849365	0.4240541611812988	0.09834107317491897	28.29608041169261	10.16869114516681
0.221844324504901	0.122556169189607	0.424765211664909	0.09842980863007163	28.27994664419462	10.15952396858046
0.2219443444888978	0.1226938286553835	0.4254774990178588	0.09851858410121306	28.26383962420707	10.15036918286047
0.2220443644728946	0.1228316111049561	0.426191025738297	0.0986073995883433	28.24775930905125	10.14122676568598
0.2221443844568914	0.122969516661197	0.4269057943302499	0.09869625509146233	28.23170565615193	10.13209669478639
0.2222444044408882	0.1231075454471609	0.4276218073036375	0.09878515061057014	28.21567862303693	10.12297894794118
0.222344424424885	0.1232456975860856	0.4283390671742899	0.09887408614566677	28.19967816733694	10.11387350297979
0.2224444444088818	0.1233839732013917	0.4290575764639619	0.09896306169675219	28.18370424678529	10.10478033778151
0.2225444643928786	0.1235223724166833	0.4297773377003494	0.09905207726382641	28.16775681921759	10.09569943027533
0.2226444843768754	0.1236608953557485	0.4304983534171058	0.0991411328468894	28.15183584257155	10.08663075843979
0.2227445043608722	0.1237995421425594	0.4312206261538575	0.0992302284459412	28.13594127488669	10.07757430030287
0.222844524344869	0.1239383129012725	0.4319441584562196	0.09931936406098181	28.12007307430406	10.06853003394185
0.2229445443288658	0.1240772077562293	0.4326689528758126	0.09940853969201119	28.10423119906601	10.05949793748317
0.2230445643128626	0.124216226831956	0.433395011970278	0.09949775533902937	28.08841560751589	10.05047798910229
0.2231445842968594	0.1243553702531648	0.4341223383032947	0.09958701100203636	28.07262625809784	10.04147016702361
0.2232446042808562	0.1244946381447532	0.4348509344445955	0.09967630668103214	28.05686310935656	10.03247444952025
0.223344624264853	0.124634030631805	0.4355808029699823	0.09976564237601669	28.04112611993691	10.02349081491402
0.2234446442488498	0.1247735478395905	0.436311946461344	0.09985501808699007	28.02541524858382	10.01451924157518
0.2235446642328466	0.1249131898935667	0.4370443675066711	0.09994443381395224	28.00973045414191	10.00555970792242
0.2236446842168434	0.1250529569193775	0.4377780687000731	0.1000338895569032	27.99407169555535	9.99661219242266
0.2237447042008402	0.1251928490428547	0.4385130526417958	0.1001233853158429	27.9784389318675	9.987676673590919
0.223844724184837	0.1253328663900176	0.4392493219382355	0.1002129210907715	27.96283212222074	9.978753129990231
0.2239447441688338	0.1254730090870734	0.4399868792019571	0.1003024968816888	27.94725122585615	9.969841540231485
0.2240447641528306	0.1256132772604182	0.4407257270517113	0.1003921126885949	27.93169620211328	9.960941882973295
0.2241447841368274	0.1257536710366366	0.4414658681124496	0.1004817685114899	27.91616701042995	9.952054136921884
0.2242448041208242	0.1258941905425025	0.4422073050153419	0.1005714643503736	27.90066361034195	9.94317828083096
0.224344824104821	0.126034835904979	0.442950040397793	0.1006612002052461	27.88518596148281	9.934314293501574
0.2244448440888178	0.1261756072512193	0.4436940769034605	0.1007509760761074	27.8697340235835	9.925462153782
0.2245448640728146	0.1263165047085666	0.4444394171822693	0.1008407919629575	27.85430775647229	9.916621840567615
0.2246448840568114	0.1264575284045545	0.4451860638904307	0.1009306478657964	27.83890712007441	9.907793332800768
0.2247449040408082	0.1265986784669077	0.4459340196904586	0.1010205437846241	27.82353207441183	9.898976609470651
0.224844924024805	0.126739955023542	0.4466832872511864	0.1011104797194406	27.80818257960302	9.890171649613178
0.2249449440088018	0.1268813582025643	0.4474338692477837	0.1012004556702459	27.79285859586276	9.881378432310866
0.2250449639927986	0.127022888132274	0.448185768361774	0.10129047163704	27.77756008350178	9.872596936692702
0.2251449839767954	0.1271645449411623	0.4489389872810524	0.1013805276198229	27.76228700292663	9.863827141934015
0.2252450039607922	0.1273063287579131	0.449693528699901	0.1014706236185946	27.74703931463936	9.85506902725637
0.2253450239447889	0.127448239711403	0.4504493953190076	0.101560759633355	27.73181697923731	9.846322571927434
0.2254450439287858	0.1275902779307023	0.4512065898454836	0.1016509356641043	27.71661995741291	9.837587755260843
0.2255450639127826	0.1277324435450744	0.4519651149928794	0.1017411517108423	27.7014482099534	9.828864556616102
0.2256450838967794	0.1278747366839769	0.4527249734812027	0.1018314077735692	27.68630169774053	9.820152955398449
0.2257451038807761	0.1280171574770616	0.453486168036937	0.1019217038522848	27.67118038175044	9.811452931058732
0.225845123864773	0.1281597060541751	0.4542487013930582	0.1020120399469893	27.65608422305339	9.802764463093293
0.2259451438487698	0.1283023825453589	0.4550125762890518	0.1021024160576825	27.64101318281344	9.794087531043852
0.2260451638327665	0.1284451870808497	0.4557777954709311	0.1021928321843645	27.62596722228835	9.785422114497377
0.2261451838167634	0.1285881197910802	0.4565443616912551	0.1022832883270354	27.61094630282921	9.776768193085962
0.2262452038007602	0.128731180806679	0.4573122777091457	0.102373784485695	27.5959503858803	9.768125746486721
0.2263452237847569	0.128874370258471	0.4580815462903058	0.1024643206603434	27.58097943297885	9.759494754421656
0.2264452437687537	0.1290176882774781	0.4588521702070374	0.1025548968509806	27.56603340575474	9.750875196657546
0.2265452637527506	0.1291611349949192	0.4596241522382587	0.1026455130576066	27.55111226593035	9.742267053005824
0.2266452837367474	0.1293047105422106	0.4603974951695231	0.1027361692802214	27.53621597532027	9.733670303322455
0.2267453037207441	0.1294484150509666	0.461172201793036	0.102826865518825	27.52134449583113	9.725084927507833
0.2268453237047409	0.1295922486529996	0.4619482749076745	0.1029176017734174	27.50649778946128	9.716510905506642
0.2269453436887378	0.1297362114803206	0.4627257173190038	0.1030083780439986	27.49167581830065	9.707948217307759
0.2270453636727345	0.1298803036651395	0.4635045318392966	0.1030991943305686	27.47687854453049	9.699396842944129
0.2271453836567313	0.1300245253398655	0.464284721287551	0.1031900506331273	27.46210593042312	9.69085676249264
0.2272454036407281	0.1301688766371073	0.4650662884895086	0.1032809469516749	27.44735793834176	9.682327956074019
0.227345423624725	0.1303133576896738	0.4658492362776726	0.1033718832862113	27.43263453074022	9.67381040385272
0.2274454436087217	0.1304579686305742	0.4666335674913272	0.1034628596367364	27.41793567016277	9.665304086036793
0.2275454635927185	0.1306027095930183	0.4674192849765551	0.1035538760032504	27.40326131924384	9.656808982877777
0.2276454835767154	0.1307475807104171	0.4682063915862568	0.1036449323857532	27.38861144070785	9.64832507467059
0.2277455035607121	0.1308925821163832	0.4689948901801679	0.1037360287842447	27.37398599736895	9.639852341753407
0.2278455235447089	0.1310377139447307	0.4697847836248796	0.103827165198725	27.35938495213079	9.63139076450755
0.2279455435287057	0.1311829763294761	0.4705760747938559	0.1039183416291942	27.34480826798638	9.622940323357376
0.2280455635127026	0.1313283694048386	0.4713687665674527	0.1040095580756521	27.33025590801774	9.614500998770158
0.2281455834966993	0.13147389330524	0.4721628618329368	0.1041008145380988	27.3157278353958	9.606072771255983
0.2282456034806961	0.1316195481653056	0.4729583634845054	0.1041921110165343	27.30122401338012	9.59765562136762
0.2283456234646929	0.1317653341198642	0.4737552744233033	0.1042834475109587	27.2867444053187	9.589249529700432
0.2284456434486897	0.131911251303949	0.4745535975574436	0.1043748240213718	27.27228897464768	9.580854476892247
0.2285456634326865	0.1320572998527972	0.4753533358020258	0.1044662405477737	27.25785768489126	9.572470443623249
0.2286456834166833	0.1322034799018511	0.4761544920791557	0.1045576970901644	27.24345049966137	9.564097410615874
0.2287457034006801	0.1323497915867579	0.4769570693179628	0.1046491936485438	27.22906738265753	9.555735358634697
0.2288457233846769	0.1324962350433706	0.4777610704546223	0.1047407302229121	27.21470829766656	9.54738426848631
0.2289457433686737	0.1326428104077479	0.4785664984323718	0.1048323068132692	27.20037320856243	9.539044121019231
0.2290457633526705	0.1327895178161548	0.4793733562015317	0.1049239234196151	27.18606207930603	9.530714897123776
0.2291457833366673	0.1329363574050631	0.4801816467195252	0.1050155800419498	27.17177487394494	9.522396577731968
0.2292458033206641	0.1330833293111515	0.4809913729508965	0.1051072766802732	27.15751155661323	9.514089143817406
0.2293458233046609	0.1332304336713062	0.4818025378673315	0.1051990133345855	27.14327209153124	9.505792576395175
0.2294458432886577	0.1333776706226212	0.4826151444476758	0.1052907900048866	27.12905644300541	9.497506856521733
0.2295458632726545	0.1335250403023987	0.4834291956779565	0.1053826066911764	27.11486457542797	9.489231965294792
0.2296458832566513	0.1336725428481494	0.4842446945514002	0.1054744633934551	27.10069645327684	9.480967883853223
0.2297459032406481	0.133820178397593	0.4850616440684536	0.1055663601117225	27.08655204111538	9.472714593376947
0.2298459232246449	0.1339679470886584	0.4858800472368022	0.1056582968459787	27.07243130359218	9.464472075086825
0.2299459432086417	0.1341158490594844	0.4866999070713924	0.1057502735962238	27.05833420544084	9.456240310244539
0.2300459631926385	0.1342638844484198	0.4875212265944489	0.1058422903624576	27.04426071147975	9.448019280152513
0.2301459831766353	0.1344120533940238	0.4883440088354957	0.1059343471446802	27.03021078661195	9.439808966153786
0.2302460031606321	0.1345603560350667	0.489168256831378	0.1060264439428916	27.01618439582489	9.431609349631907
0.2303460231446289	0.1347087925105298	0.4899939736262787	0.1061185807570919	27.00218150419015	9.42342041201084
0.2304460431286257	0.1348573629596062	0.4908211622717418	0.1062107575872809	26.9882020768634	9.415242134754848
0.2305460631126225	0.135006067521701	0.4916498258266906	0.1063029744334587	26.97424607908403	9.407074499368401
0.2306460830966193	0.1351549063364317	0.4924799673574495	0.1063952312956253	26.96031347617501	9.398917487396053
0.2307461030806161	0.1353038795436286	0.4933115899377636	0.1064875281737807	26.94640423354276	9.390771080422354
0.2308461230646129	0.1354529872833352	0.4941446966488185	0.1065798650679248	26.93251831667686	9.382635260071742
0.2309461430486097	0.1356022296958088	0.4949792905792625	0.1066722419780578	26.91865569114979	9.374510008008432
0.2310461630326065	0.1357516069215204	0.4958153748252261	0.1067646589041796	26.90481632261697	9.366395305936319
0.2311461830166033	0.1359011191011554	0.496652952490342	0.1068571158462901	26.89100017681626	9.358291135598884
0.2312462030006001	0.1360507663756143	0.4974920266857674	0.1069496128043895	26.87720721956796	9.350197478779064
0.2313462229845969	0.1362005488860125	0.4983326005302037	0.1070421497784777	26.86343741677457	9.342114317299183
0.2314462429685937	0.1363504667736811	0.4991746771499169	0.1071347267685547	26.84969073442055	9.334041633020828
0.2315462629525905	0.1365005201801669	0.5000182596787601	0.1072273437746204	26.83596713857218	9.325979407844754
0.2316462829365873	0.1366507092472335	0.5008633512581933	0.1073200007966749	26.82226659537729	9.317927623710778
0.2317463029205841	0.1368010341168611	0.5017099550373041	0.1074126978347183	26.80858907106515	9.309886262597686
0.2318463229045809	0.1369514949312468	0.5025580741728293	0.1075054348887504	26.7949345319462	9.301855306523134
0.2319463428885777	0.1371020918328056	0.5034077118291772	0.1075982119587713	26.78130294441193	9.293834737543524
0.2320463628725745	0.1372528249641705	0.5042588711784467	0.1076910290447811	26.7676942749346	9.285824537753937
0.2321463828565713	0.1374036944681927	0.5051115554004495	0.1077838861467796	26.75410849006711	9.277824689288014
0.2322464028405681	0.1375547004879422	0.505965767682732	0.1078767832647669	26.74054555644279	9.269835174317857
0.2323464228245649	0.1377058431667083	0.5068215112205962	0.107969720398743	26.7270054407752	9.26185597505393
0.2324464428085617	0.1378571226479998	0.5076787892171208	0.1080626975487079	26.71348810985793	9.253887073744966
0.2325464627925585	0.1380085390755454	0.5085376048831836	0.1081557147146616	26.69999353056447	9.245928452677868
0.2326464827765553	0.1381600925932946	0.5093979614374829	0.1082487718966041	26.68652166984791	9.237980094177598
0.2327465027605521	0.1383117833454172	0.5102598621065586	0.1083418690945354	26.67307249474086	9.230041980607094
0.2328465227445489	0.1384636114763048	0.5111233101248148	0.1084350063084555	26.65964597235521	9.222114094367168
0.2329465427285457	0.1386155771305699	0.5119883087345399	0.1085281835383643	26.64624206988192	9.214196417896403
0.2330465627125425	0.1387676804530479	0.5128548611859318	0.108621400784262	26.63286075459088	9.206288933671056
0.2331465826965393	0.1389199215887959	0.5137229707371164	0.1087146580461485	26.61950199383068	9.198391624204973
0.2332466026805361	0.1390723006830944	0.5145926406541713	0.1088079553240237	26.60616575502847	9.190504472049478
0.2333466226645329	0.139224817881447	0.5154638742111484	0.1089012926178878	26.59285200568972	9.182627459793283
0.2334466426485297	0.139377473329581	0.516336674690094	0.1089946699277407	26.57956071339807	9.174760570062391
0.2335466626325265	0.1395302671734477	0.517211045381074	0.1090880872535823	26.56629184581517	9.166903785520004
0.2336466826165233	0.1396831995592233	0.5180869895821931	0.1091815445954127	26.55304537068041	9.159057088866419
0.2337467026005201	0.1398362706333086	0.51896451059962	0.109275041953232	26.53982125581082	9.151220462838939
0.2338467225845169	0.1399894805423299	0.5198436117476071	0.10936857932704	26.52661946910083	9.143393890211778
0.2339467425685137	0.1401428294331393	0.5207242963485156	0.1094621567168368	26.51343997852217	9.13557735379597
0.2340467625525105	0.1402963174528152	0.5216065677328364	0.1095557741226225	26.50028275212356	9.127770836439257
0.2341467825365073	0.1404499447486625	0.5224904292392135	0.1096494315443969	26.48714775803063	9.119974321026019
0.2342468025205041	0.1406037114682132	0.523375884214466	0.1097431289821601	26.47403496444575	9.112187790477167
0.2343468225045009	0.1407576177592268	0.5242629360136121	0.1098368664359121	26.46094433964771	9.104411227750044
0.2344468424884977	0.1409116637696909	0.5251515879998914	0.1099306439056529	26.44787585199174	9.096644615838345
0.2345468624724945	0.141065849647821	0.5260418435447868	0.1100244613913825	26.43482946990918	9.088887937772022
0.2346468824564913	0.1412201755420618	0.5269337060280488	0.1101183188931009	26.42180516190734	9.08114117661718
0.2347469024404881	0.1413746416010869	0.5278271788377192	0.1102122164108081	26.40880289656938	9.073404315475994
0.2348469224244849	0.1415292479737998	0.528722265370152	0.1103061539445041	26.39582264255401	9.065677337486612
0.2349469424084817	0.1416839948093336	0.5296189690300385	0.1104001314941888	26.38286436859549	9.057960225823077
0.2350469623924785	0.1418388822570524	0.5305172932304304	0.1104941490598624	26.36992804350326	9.050252963695211
0.2351469823764753	0.141993910466551	0.5314172413927629	0.1105882066415248	26.35701363616191	9.042555534348542
0.2352470023604721	0.1421490795876553	0.5323188169468765	0.1106823042391759	26.34412111553091	9.03486792106421
0.2353470223444689	0.1423043897704234	0.5332220233310445	0.1107764418528159	26.33125045064454	9.027190107158876
0.2354470423284657	0.1424598411651453	0.5341268639919927	0.1108706194824446	26.31840161061157	9.019522075984622
0.2355470623124625	0.1426154339223437	0.5350333423849249	0.1109648371280622	26.30557456461525	9.011863810928871
0.2356470822964593	0.1427711681927746	0.5359414619735469	0.1110590947896685	26.292769281913	9.004215295414301
0.2357471022804561	0.1429270441274273	0.5368512262300891	0.1111533924672636	26.27998573183632	8.996576512898741
0.2358471222644529	0.1430830618775251	0.5377626386353319	0.1112477301608476	26.26722388379059	8.988947446875091
0.2359471422484497	0.1432392215945257	0.5386757026786275	0.1113421078704203	26.25448370725488	8.981328080871236
0.2360471622324465	0.1433955234301218	0.5395904218579276	0.1114365255959818	26.24176517178184	8.973718398449943
0.2361471822164433	0.1435519675362411	0.5405067996798031	0.1115309833375321	26.22906824699743	8.966118383208789
0.2362472022004401	0.1437085540650472	0.5414248396594717	0.1116254810950713	26.21639290260088	8.958528018780063
0.2363472221844369	0.1438652831689398	0.5423445453208205	0.1117200188685991	26.2037391083644	8.950947288830681
0.2364472421684337	0.1440221550005553	0.5432659201964314	0.1118145966581159	26.19110683413307	8.943376177062092
0.2365472621524305	0.1441791697127672	0.5441889678276041	0.1119092144636214	26.17849604982468	8.935814667210204
0.2366472821364273	0.1443363274586862	0.5451136917643822	0.1120038722851156	26.16590672542955	8.928262743045284
0.2367473021204241	0.1444936283916615	0.5460400955655775	0.1120985701225987	26.15333883101032	8.920720388371869
0.2368473221044209	0.14465107266528	0.546968182798793	0.1121933079760706	26.14079233670188	8.913187587028697
0.2369473420884177	0.1448086604333682	0.5478979570404503	0.1122880858455313	26.12826721271109	8.905664322888597
0.2370473620724145	0.1449663918499911	0.5488294218758112	0.1123829037309807	26.11576342931671	8.898150579858427
0.2371473820564113	0.1451242670694542	0.5497625808990073	0.112477761632419	26.1032809568692	8.890646341878963
0.2372474020404081	0.1452822862463027	0.5506974377130593	0.1125726595498461	26.0908197657905	8.883151592924833
0.2373474220244049	0.1454404495353227	0.5516339959299065	0.1126675974832619	26.078379826574	8.875666317004423
0.2374474420084017	0.1455987570915414	0.5525722591704307	0.1127625754326666	26.06596110978424	8.868190498159789
0.2375474619923985	0.1457572090702275	0.5535122310644799	0.11285759339806	26.05356358605679	8.860724120466578
0.2376474819763953	0.1459158056268918	0.5544539152508955	0.1129526513794423	26.04118722609816	8.853267168033943
0.2377475019603921	0.1460745469172874	0.5553973153775362	0.1130477493768133	26.0288320006855	8.845819625004456
0.2378475219443889	0.1462334330974106	0.556342435101306	0.1131428873901731	26.0164978806666	8.838381475554016
0.2379475419283857	0.1463924643235009	0.5572892780881766	0.1132380654195217	26.00418483695959	8.830952703891784
0.2380475619123825	0.1465516407520419	0.5582378480132144	0.1133332834648591	25.99189284055283	8.823533294260081
0.2381475818963793	0.1467109625397612	0.5591881485606075	0.1134285415261854	25.97962186250481	8.816123230934313
0.2382476018803761	0.1468704298436315	0.5601401834236889	0.1135238396035004	25.96737187394388	8.808722498222886
0.2383476218643729	0.1470300428208706	0.5610939563049645	0.1136191776968042	25.95514284606819	8.801331080467127
0.2384476418483697	0.147189801628942	0.5620494709161379	0.1137145558060968	25.94293475014547	8.793948962041194
0.2385476618323665	0.1473497064255556	0.5630067309781374	0.1138099739313781	25.93074755751287	8.786576127351994
0.2386476818163633	0.1475097573686676	0.5639657402211414	0.1139054320726483	25.91858123957689	8.779212560839106
0.2387477018003601	0.1476699546164815	0.564926502384604	0.1140009302299073	25.90643576781311	8.771858246974702
0.2388477217843569	0.1478302983274485	0.5658890212172834	0.1140964684031551	25.89431111376608	8.764513170263447
0.2389477417683537	0.1479907886602679	0.566853300477266	0.1141920465923917	25.88220724904916	8.757177315242439
0.2390477617523505	0.1481514257738871	0.5678193439319936	0.114287664797617	25.87012414534443	8.74985066648112
0.2391477817363473	0.1483122098275031	0.5687871553582921	0.1143833230188312	25.85806177440242	8.742533208581182
0.2392478017203441	0.1484731409805619	0.5697567385423933	0.1144790212560341	25.84602010804202	8.73522492617651
0.2393478217043409	0.1486342193927599	0.570728097279967	0.1145747595092259	25.83399911815032	8.727925803933083
0.2394478416883377	0.1487954452240434	0.5717012353761435	0.1146705377784064	25.82199877668249	8.720635826548898
0.2395478616723345	0.14895681863461	0.5726761566455437	0.1147663560635758	25.81001905566154	8.713354978753893
0.2396478816563313	0.1491183397849088	0.5736528649123045	0.1148622143647339	25.79805992717827	8.706083245309864
0.2397479016403281	0.1492800088356402	0.5746313640101046	0.1149581126818808	25.78612136339103	8.69882061101039
0.2398479216243249	0.1494418259477576	0.5756116577821951	0.1150540510150166	25.77420333652562	8.691567060680745
0.2399479416083217	0.1496037912824669	0.5765937500814238	0.1151500293641411	25.76230581887512	8.684322579177824
0.2400479615923185	0.1497659050012272	0.5775776447702627	0.1152460477292544	25.75042878279977	8.677087151390069
0.2401479815763153	0.1499281672657517	0.5785633457208375	0.1153421061103565	25.73857220072679	8.669860762237379
0.2402480015603121	0.1500905782380078	0.5795508568149534	0.1154382045074474	25.72673604515019	8.662643396671037
0.2403480215443089	0.1502531380802174	0.5805401819441225	0.1155343429205271	25.71492028863075	8.655435039673634
0.2404480415283057	0.150415846954858	0.5815313250095926	0.1156305213495956	25.70312490379572	8.648235676258995
0.2405480615123025	0.1505787050246628	0.5825242899223737	0.1157267397946529	25.69134986333876	8.64104529147208
0.2406480814962993	0.150741712452621	0.583519080603268	0.115822998255699	25.6795951400198	8.633863870388934
0.2407481014802961	0.1509048694019787	0.584515700982895	0.1159192967327339	25.66786070666484	8.626691398116591
0.2408481214642929	0.1510681760362392	0.5855141550017208	0.1160156352257575	25.65614653616585	8.619527859793006
0.2409481414482897	0.1512316325191636	0.5865144466100874	0.11611201373477	25.64445260148056	8.612373240586971
0.2410481614322865	0.1513952390147711	0.5875165797682397	0.1162084322597713	25.63277887563242	8.605227525698041
0.2411481814162832	0.1515589956873395	0.588520558446353	0.1163048908007613	25.62112533171036	8.598090700356465
0.2412482014002801	0.151722902701406	0.5895263866245635	0.1164013893577402	25.60949194286868	8.590962749823092
0.2413482213842769	0.1518869602217673	0.590534068292995	0.1164979279307078	25.59787868232691	8.583843659389316
0.2414482413682736	0.1520511684134805	0.591543607451788	0.1165945065196643	25.58628552336966	8.576733414376989
0.2415482613522704	0.1522155274418633	0.5925550081111295	0.1166911251246095	25.57471243934648	8.569632000138336
0.2416482813362673	0.1523800374724946	0.5935682742912799	0.1167877837455435	25.56315940367172	8.562539402055899
0.2417483013202641	0.1525446986712149	0.5945834100226027	0.1168844823824664	25.55162638982435	8.555455605542452
0.2418483213042608	0.152709511204127	0.5956004193455935	0.116981221035378	25.54011337134789	8.548380596040928
0.2419483412882577	0.1528744752375965	0.5966193063109099	0.1170779997042784	25.52862032185021	8.541314359024335
0.2420483612722545	0.153039590938252	0.5976400749793989	0.1171748183891676	25.51714721500342	8.534256879995695
0.2421483812562512	0.1532048584729859	0.5986627294221265	0.1172716770900456	25.50569402454371	8.527208144487968
0.242248401240248	0.1533702780089549	0.5996872737204094	0.1173685758069124	25.4942607242712	8.520168138063962
0.2423484212242449	0.1535358497135805	0.6007137119658411	0.117465514539768	25.48284728804985	8.51313684631628
0.2424484412082417	0.1537015737545492	0.6017420482603227	0.1175624932886124	25.47145368980726	8.506114254867237
0.2425484611922384	0.1538674502998132	0.602772286716093	0.1176595120534456	25.46007990353458	8.499100349368783
0.2426484811762352	0.1540334795175915	0.6038044314557588	0.1177565708342676	25.44872590328633	8.492095115502433
0.2427485011602321	0.1541996615763694	0.6048384866123229	0.1178536696310784	25.43739166318031	8.485098538979198
0.2428485211442288	0.1543659966448997	0.6058744563292149	0.1179508084438779	25.4260771573974	8.478110605539504
0.2429485411282256	0.1545324848922028	0.6069123447603211	0.1180479872726663	25.4147823601815	8.471131300953129
0.2430485611122224	0.1546991264875678	0.6079521560700153	0.1181452061174435	25.40350724583932	8.464160611019119
0.2431485810962193	0.1548659216005523	0.6089938944331883	0.1182424649782094	25.39225178874029	8.457198521565727
0.243248601080216	0.1550328704009834	0.6100375640352771	0.1183397638549642	25.38101596331641	8.450245018450335
0.2433486210642128	0.1551999730589583	0.6110831690722985	0.1184371027477077	25.3697997440621	8.443300087559383
0.2434486410482097	0.1553672297448444	0.6121307137508758	0.1185344816564401	25.35860310553409	8.436363714808293
0.2435486610322064	0.1555346406292799	0.6131802022882724	0.1186319005811612	25.3474260223513	8.429435886141411
0.2436486810162032	0.1557022058831748	0.6142316389124202	0.1187293595218711	25.33626846919462	8.422516587531918
0.2437487010002	0.155869925677711	0.615285027861952	0.1188268584785698	25.32513042080692	8.415605804981773
0.2438487209841968	0.1560378001843427	0.6163403733862319	0.1189243974512574	25.31401185199276	8.408703524521639
0.2439487409681936	0.1562058295747973	0.6173976797453861	0.1190219764399337	25.30291273761837	8.401809732210806
0.2440487609521904	0.156374014021076	0.6184569512103338	0.1191195954445988	25.29183305261147	8.394924414137126
0.2441487809361872	0.1565423536954537	0.6195181920628196	0.1192172544652527	25.28077277196115	8.388047556416945
0.244248800920184	0.1567108487704802	0.6205814065954418	0.1193149535018954	25.26973187071773	8.381179145195029
0.2443488209041808	0.1568794994189805	0.6216465991116894	0.1194126925545269	25.25871032399266	8.374319166644488
0.2444488408881776	0.1570483058140552	0.6227137739259666	0.1195104716231472	25.24770810695833	8.367467606966725
0.2445488608721744	0.157217268129081	0.6237829353636289	0.1196082907077562	25.23672519484799	8.360624452391351
0.2446488808561712	0.1573863865377119	0.6248540877610156	0.1197061498083541	25.22576156295562	8.353789689176114
0.244748900840168	0.1575556612138787	0.6259272354654776	0.1198040489249408	25.21481718663575	8.346963303606845
0.2448489208241648	0.1577250923317902	0.6270023828354122	0.1199019880575163	25.20389204130339	8.340145281997374
0.2449489408081616	0.1578946800659338	0.6280795342402944	0.1199999672060805	25.19298610243389	8.333335610689474
0.2450489607921584	0.1580644245910757	0.6291586940607097	0.1200979863706336	25.18209934556276	8.326534276052778
0.2451489807761552	0.1582343260822616	0.6302398666883846	0.1201960455511755	25.17123174628563	8.319741264484723
0.245249000760152	0.1584043847148172	0.6313230565262207	0.1202941447477061	25.16038328025805	8.312956562410484
0.2453490207441488	0.1585746006643489	0.6324082679883261	0.1203922839602255	25.14955392319536	8.306180156282888
0.2454490407281456	0.1587449741067441	0.6334955055000484	0.1204904631887338	25.13874365087264	8.299412032582367
0.2455490607121424	0.158915505218172	0.6345847734980073	0.1205886824332308	25.12795243912451	8.292652177816882
0.2456490806961392	0.1590861941750839	0.6356760764301271	0.1206869416937166	25.11718026384505	8.285900578521854
0.245749100680136	0.1592570411542141	0.6367694187556704	0.1207852409701913	25.10642710098763	8.279157221260098
0.2458491206641328	0.15942804633258	0.637864804945269	0.1208835802626547	25.0956929265648	8.272422092621756
0.2459491406481296	0.1595992098874831	0.6389622394809596	0.1209819595711069	25.08497771664821	8.26569517922424
0.2460491606321264	0.1597705319965091	0.6400617268562158	0.1210803788955479	25.07428144736843	8.258976467712142
0.2461491806161232	0.1599420128375289	0.6411632715759805	0.1211788382359777	25.06360409491485	8.252265944757196
0.24624920060012	0.1601136525886989	0.642266878156701	0.1212773375923963	25.05294563553557	8.245563597058192
0.2463492205841168	0.1602854514284617	0.6433725511263613	0.1213758769648037	25.04230604553722	8.23886941134092
0.2464492405681136	0.1604574095355464	0.6444802950245166	0.1214744563531999	25.03168530128492	8.232183374358094
0.2465492605521104	0.1606295270889695	0.6455901144023261	0.1215730757575849	25.02108337920211	8.225505472889301
0.2466492805361072	0.1608018042680353	0.646702013822587	0.1216717351779586	25.01050025577042	8.218835693740926
0.246749300520104	0.1609742412523364	0.6478159978597696	0.1217704346143212	24.99993590752956	8.212174023746087
0.2468493205041008	0.1611468382217544	0.64893207110005	0.1218691740666726	24.98939031107722	8.20552044976457
0.2469493404880976	0.1613195953564603	0.6500502381413449	0.1219679535350127	24.97886344306891	8.198874958682774
0.2470493604720944	0.1614925128369155	0.6511705035933466	0.1220667730193417	24.9683552802179	8.192237537413627
0.2471493804560912	0.1616655908438715	0.6522928720775552	0.1221656325196595	24.95786579929503	8.185608172896542
0.247249400440088	0.1618388295583715	0.6534173482273158	0.122264532035966	24.94739497712863	8.17898685209734
0.2473494204240848	0.1620122291617503	0.6545439366878507	0.1223634715682613	24.93694279060439	8.172373562008193
0.2474494404080816	0.162185789835635	0.6556726421162973	0.1224624511165455	24.92650921666526	8.165768289647549
0.2475494603920784	0.1623595117619459	0.6568034691817387	0.1225614706808184	24.9160942323113	8.159171022060082
0.2476494803760752	0.1625333951228964	0.6579364225652424	0.1226605302610801	24.90569781459959	8.152581746316626
0.247749500360072	0.1627074401009944	0.6590715069598936	0.1227596298573306	24.8953199406441	8.1460004495141
0.2478495203440688	0.1628816468790423	0.6602087270708317	0.12285876946957	24.88496058761559	8.139427118775457
0.2479495403280656	0.1630560156401377	0.6613480876152826	0.1229579490977981	24.87461973274144	8.132861741249618
0.2480495603120624	0.1632305465676742	0.6624895933225982	0.123057168742015	24.8642973533056	8.126304304111407
0.2481495802960592	0.1634052398453417	0.6636332489342894	0.1231564284022207	24.85399342664844	8.119754794561489
0.248249600280056	0.1635800956571272	0.6647790592040628	0.1232557280784152	24.84370793016665	8.113213199826307
0.2483496202640528	0.1637551141873151	0.6659270288978549	0.1233550677705984	24.8334408413131	8.106679507158027
0.2484496402480496	0.1639302956204884	0.6670771627938712	0.1234544474787705	24.82319213759674	8.10015370383446
0.2485496602320464	0.1641056401415283	0.6682294656826183	0.1235538672029314	24.8129617965825	8.093635777159017
0.2486496802160432	0.1642811479356158	0.6693839423669425	0.1236533269430811	24.80274979589113	8.087125714460642
0.24874970020004	0.1644568191882319	0.6705405976620675	0.1237528266992196	24.79255611319918	8.080623503093738
0.2488497201840368	0.1646326540851577	0.6716994363956265	0.1238523664713468	24.78238072623878	8.074129130438129
0.2489497401680336	0.1648086528124759	0.6728604634077022	0.1239519462594629	24.77222361279756	8.067642583898973
0.2490497601520304	0.1649848155565707	0.6740236835508613	0.1240515660635677	24.76208475071858	8.061163850906727
0.2491497801360272	0.1651611425041287	0.6751891016901947	0.1241512258836614	24.75196411790018	8.054692918917061
0.249249800120024	0.1653376338421396	0.6763567227033496	0.1242509257197438	24.74186169229587	8.048229775410816
0.2493498201040208	0.1655142897578964	0.6775265514805696	0.1243506655718151	24.73177745191422	8.041774407893936
0.2494498400880176	0.1656911104389964	0.6786985929247317	0.1244504454398751	24.72171137481875	8.035326803897405
0.2495498600720144	0.1658680960733415	0.6798728519513825	0.1245502653239239	24.71166343912785	8.028886950977192
0.2496498800560112	0.1660452468491392	0.6810493334887763	0.1246501252239616	24.7016336230146	8.022454836714191
0.249749900040008	0.1662225629549026	0.6822280424779118	0.124750025139988	24.69162190470676	8.016030448714156
0.2498499200240048	0.1664000445794519	0.6834089838725709	0.1248499650720032	24.68162826248652	8.009613774607644
0.2499499400080016	0.1665776919119139	0.6845921626393559	0.1249499450200072	24.67165267469054	8.003204802049959
0.2500499599919984	0.1667555051417235	0.6857775837577264	0.125049964984	24.66169511970976	7.996803518721087
0.2501499799759952	0.166933484458624	0.6869652522200385	0.1251500249639816	24.65175557598927	7.990409912325642
0.250249999959992	0.1671116300526678	0.6881551730315839	0.125250124959952	24.64183402202829	7.9840239705928
0.2503500199439888	0.1672899421142167	0.6893473512106254	0.1253502649719112	24.63193043637995	7.977645681276243
0.2504500399279856	0.1674684208339428	0.6905417917884374	0.1254504449998592	24.62204479765131	7.971275032154112
0.2505500599119824	0.1676470664028291	0.6917384998093434	0.1255506650437959	24.61217708450312	7.964912011028929
0.2506500798959792	0.1678258790121705	0.6929374803307561	0.1256509251037215	24.60232727564981	7.958556605727545
0.250750099879976	0.1680048588535731	0.6941387384232127	0.1257512251796359	24.59249534985937	7.952208804101098
0.2508501198639728	0.1681840061189567	0.6953422791704194	0.1258515652715391	24.58268128595315	7.945868594024923
0.2509501398479696	0.1683633210005537	0.6965481076692838	0.125951945379431	24.57288506280592	7.939535963398533
0.2510501598319664	0.168542803690911	0.6977562290299606	0.1260523655033117	24.56310665934562	7.933210900145522
0.2511501798159632	0.16872245438289	0.6989666483758864	0.1261528256431813	24.55334605455331	7.926893392213534
0.25125019979996	0.168902273269667	0.7001793708438198	0.1262533257990396	24.54360322746308	7.920583427574203
0.2513502197839568	0.1690822605447346	0.7013944015838817	0.1263538659708867	24.53387815716192	7.914280994223085
0.2514502397679536	0.169262416401902	0.7026117457595978	0.1264544461587227	24.52417082278962	7.9079860801796
0.2515502597519504	0.1694427410352948	0.7038314085479312	0.1265550663625474	24.51448120353871	7.901698673486997
0.2516502797359472	0.1696232346393571	0.7050533951393291	0.1266557265823609	24.50480927865425	7.895418762212271
0.251750299719944	0.1698038974088511	0.7062777107377615	0.1267564268181633	24.49515502743386	7.889146334446115
0.2518503197039408	0.1699847295388583	0.7075043605607574	0.1268571670699544	24.48551842922748	7.882881378302875
0.2519503396879376	0.1701657312247794	0.7087333498394506	0.1269579473377342	24.47589946343744	7.876623881920478
0.2520503596719344	0.1703469026623361	0.7099646838186172	0.127058767621503	24.46629810951814	7.87037383346038
0.2521503796559312	0.1705282440475703	0.7111983677567161	0.1271596279212605	24.45671434697617	7.864131221107521
0.252250399639928	0.1707097555768463	0.7124344069259306	0.1272605282370067	24.44714815537004	7.857896033070253
0.2523504196239248	0.1708914374468501	0.7136728066122112	0.1273614685687419	24.43759951431018	7.851668257580288
0.2524504396079216	0.1710732898545907	0.7149135721153106	0.1274624489164657	24.42806840345878	7.845447882892662
0.2525504595919184	0.171255312997401	0.7161567087488325	0.1275634692801784	24.4185548025297	7.839234897285645
0.2526504795759152	0.1714375070729377	0.717402221840267	0.1276645296598799	24.40905869128844	7.83302928906072
0.252750499559912	0.1716198722791826	0.7186501167310357	0.1277656300555701	24.39958004955192	7.826831046542502
0.2528505195439088	0.171802408814443	0.7199003987765322	0.1278667704672492	24.39011885718848	7.820640158078695
0.2529505395279056	0.1719851168773522	0.7211530733461616	0.1279679508949171	24.38067509411772	7.814456612040042
0.2530505595119024	0.1721679966668705	0.7224081458233852	0.1280691713385737	24.37124874031044	7.80828039682026
0.2531505794958992	0.1723510483822858	0.7236656216057643	0.1281704317982192	24.36183977578854	7.802111500835985
0.253250599479896	0.1725342722232138	0.7249255061049945	0.1282717322738534	24.35244818062488	7.795949912526734
0.2533506194638928	0.1727176683895993	0.7261878047469578	0.1283730727654764	24.34307393494325	7.789795620354831
0.2534506394478896	0.1729012370817166	0.7274525229717592	0.1284744532730883	24.33371701891817	7.783648612805356
0.2535506594318864	0.1730849785001697	0.728719666233769	0.1285758737966889	24.32437741277494	7.777508878386113
0.2536506794158832	0.173268892845894	0.7299892400016682	0.1286773343362783	24.3150550967894	7.771376405627545
0.25375069939988	0.1734529803201562	0.7312612497584913	0.1287788348918565	24.30575005128789	7.765251183082697
0.2538507193838768	0.1736372411245547	0.7325357010016658	0.1288803754634235	24.29646225664721	7.75913319932717
0.2539507393678736	0.1738216754610215	0.7338125992430609	0.1289819560509793	24.28719169329442	7.753022442959045
0.2540507593518704	0.1740062835318213	0.7350919500090245	0.1290835766545239	24.27793834170685	7.746918902598859
0.2541507793358672	0.1741910655395534	0.7363737588404322	0.1291852372740573	24.2687021824119	7.740822566889522
0.254250799319864	0.1743760216871522	0.7376580312927283	0.1292869379095795	24.25948319598699	7.734733424496281
0.2543508193038608	0.1745611521778869	0.7389447729359685	0.1293886785610905	24.25028136305955	7.728651464106677
0.2544508392878576	0.1747464572153635	0.7402339893548667	0.1294904592285902	24.24109666430674	7.722576674430464
0.2545508592718544	0.1749319370035246	0.7415256861488373	0.1295922799120788	24.23192908045556	7.716509044199581
0.2546508792558512	0.1751175917466505	0.7428198689320382	0.1296941406115562	24.2227785922826	7.710448562168095
0.2547508992398479	0.1753034216493598	0.7441165433334187	0.1297960413270223	24.21364518061403	7.704395217112136
0.2548509192238448	0.1754894269166098	0.7454157149967611	0.1298979820584773	24.20452882632548	7.698348997829859
0.2549509392078416	0.1756756077536976	0.7467173895807238	0.129999962805921	24.19542951034195	7.692309893141396
0.2550509591918383	0.1758619643662605	0.7480215727588916	0.1301019835693536	24.18634721363773	7.686277891888783
0.2551509791758352	0.1760484969602771	0.7493282702198178	0.1302040443487749	24.17728191723629	7.680252982935923
0.255250999159832	0.1762352057420674	0.750637487667065	0.1303061451441851	24.16823360221017	7.674235155168545
0.2553510191438287	0.1764220909182938	0.7519492308192578	0.130408285955584	24.15920224968096	7.668224397494129
0.2554510391278256	0.176609152695962	0.7532635054101245	0.1305104667829717	24.15018784081913	7.662220698841868
0.2555510591118224	0.1767963912824213	0.7545803171885411	0.1306126876263483	24.14119035684398	7.656224048162621
0.2556510790958192	0.1769838068853657	0.7558996719185812	0.1307149484857136	24.13220977902356	7.650234434428854
0.255751099079816	0.1771713997128341	0.7572215753795567	0.1308172493610677	24.12324608867455	7.644251846634594
0.2558511190638127	0.1773591699732116	0.7585460333660687	0.1309195902524106	24.11429926716214	7.638276273795376
0.2559511390478096	0.1775471178752298	0.7598730516880529	0.1310219711597423	24.10536929590004	7.632307704948183
0.2560511590318064	0.1777352436279674	0.761202636170821	0.1311243920830628	24.09645615635033	7.626346129151428
0.2561511790158031	0.1779235474408513	0.7625347926551134	0.1312268530223721	24.08755983002335	7.620391535484861
0.2562511989998	0.1781120295236575	0.7638695269971447	0.1313293539776702	24.07868029847761	7.614443913049547
0.2563512189837968	0.1783006900865107	0.7652068450686449	0.131431894948957	24.06981754331979	7.608503250967815
0.2564512389677935	0.1784895293398862	0.7665467527569153	0.1315344759362327	24.06097154620457	7.602569538383195
0.2565512589517904	0.1786785474946104	0.7678892559648691	0.1316370969394972	24.05214228883451	7.596642764460372
0.2566512789357872	0.1788677447618606	0.7692343606110796	0.1317397579587505	24.04332975296008	7.590722918385153
0.2567512989197839	0.179057121353167	0.77058207262983	0.1318424589939925	24.03453392037947	7.584809989364396
0.2568513189037808	0.1792466774804128	0.7719323979711606	0.1319452000452234	24.02575477293854	7.578903966625966
0.2569513388877775	0.1794364133558345	0.7732853426009136	0.132047981112443	24.01699229253076	7.5730048394187
0.2570513588717744	0.1796263291920236	0.7746409125007856	0.1321508021956515	24.00824646109706	7.567112597012338
0.2571513788557712	0.1798164252019266	0.775999113668371	0.1322536632948487	23.9995172606258	7.561227228697492
0.2572513988397679	0.1800067015988458	0.7773599521172152	0.1323565644100347	23.9908046731527	7.555348723785582
0.2573514188237648	0.1801971585964404	0.7787234338768586	0.1324595055412096	23.98210868076064	7.549477071608796
0.2574514388077616	0.1803877964087269	0.7800895649928875	0.1325624866883732	23.97342926557972	7.543612261520046
0.2575514587917583	0.1805786152500797	0.781458351526982	0.1326655078515256	23.96476640978709	7.53775428289291
0.2576514787757552	0.1807696153352327	0.7828297995569681	0.1327685690306668	23.95612009560688	7.531903125121582
0.257751498759752	0.1809607968792787	0.7842039151768612	0.1328716702257968	23.94749030531014	7.526058777620841
0.2578515187437487	0.1811521600976711	0.7855807044969193	0.1329748114369156	23.93887702121471	7.520221229825985
0.2579515387277456	0.1813437052062248	0.7869601736436928	0.1330779926640232	23.93028022568518	7.514390471192788
0.2580515587117423	0.1815354324211158	0.788342328760071	0.1331812139071196	23.92169990113278	7.508566491197463
0.2581515786957391	0.1817273419588831	0.7897271760053346	0.1332844751662048	23.91313603001533	7.502749279336601
0.258251598679736	0.1819194340364292	0.7911147215552063	0.1333877764412788	23.90458859483712	7.496938825127122
0.2583516186637327	0.1821117088710201	0.7925049716018966	0.1334911177323416	23.89605757814882	7.491135118106251
0.2584516386477295	0.1823041666802871	0.7938979323541592	0.1335944990393931	23.88754296254748	7.485338147831441
0.2585516586317264	0.182496807682227	0.7952936100373396	0.1336979203624335	23.87904473067631	7.479547903880338
0.2586516786157231	0.1826896320952026	0.7966920108934228	0.1338013817014627	23.87056286522475	7.47376437585075
0.25875169859972	0.1828826401379444	0.7980931411810905	0.1339048830564807	23.86209734892825	7.467987553360568
0.2588517185837168	0.1830758320295501	0.7994970071757656	0.1340084244274874	23.85364816456831	7.462217426047754
0.2589517385677135	0.1832692079894862	0.8009036151696671	0.1341120058144829	23.84521529497232	7.456453983570268
0.2590517585517104	0.183462768237589	0.8023129714718623	0.1342156272174673	23.83679872301347	7.450697215606026
0.2591517785357071	0.1836565129940641	0.8037250824083135	0.1343192886364404	23.82839843161078	7.444947111852877
0.2592517985197039	0.1838504424794888	0.8051399543219355	0.1344229900714023	23.82001440372887	7.439203662028524
0.2593518185037008	0.1840445569148117	0.8065575935726441	0.1345267315223531	23.81164662237797	7.433466855870494
0.2594518384876975	0.1842388565213536	0.807978006537408	0.1346305129892926	23.80329507061387	7.427736683136103
0.2595518584716943	0.1844333415208089	0.8094011996103034	0.1347343344722209	23.79495973153772	7.422013133602385
0.2596518784556912	0.1846280121352459	0.8108271792025648	0.134838195971138	23.78664058829607	7.416296197066067
0.2597518984396879	0.1848228685871074	0.812255951742637	0.1349420974860439	23.77833762408075	7.410585863343519
0.2598519184236847	0.1850179110992119	0.81368752367623	0.1350460390169386	23.77005082212879	7.4048821222707
0.2599519384076815	0.1852131398947543	0.8151219014663704	0.1351500205638221	23.7617801657223	7.39918496370312
0.2600519583916783	0.1854085551973065	0.8165590915934549	0.1352540421266944	23.75352563818851	7.393494377515799
0.2601519783756751	0.185604157230818	0.8179991005553026	0.1353581037055555	23.74528722289951	7.387810353603212
0.2602519983596719	0.1857999462196176	0.819441934867213	0.1354622053004054	23.73706490327238	7.382132881879249
0.2603520183436687	0.1859959223884128	0.8208876010620121	0.135566346911244	23.72885866276896	7.376461952277176
0.2604520383276656	0.1861920859622919	0.8223361056901141	0.1356705285380715	23.72066848489582	7.370797554749574
0.2605520583116623	0.1863884371667238	0.8237874553195695	0.1357747501808878	23.71249435320423	7.365139679268319
0.2606520782956591	0.1865849762275595	0.8252416565361231	0.1358790118396928	23.70433625128998	7.359488315824514
0.260752098279656	0.1867817033710328	0.8266987159432697	0.1359833135144867	23.69619416279343	7.35384345442845
0.2608521182636527	0.18697861882376	0.8281586401623006	0.1360876552052693	23.68806807139933	7.348205085109585
0.2609521382476495	0.1871757228127427	0.8296214358323696	0.1361920369120408	23.67995796083681	7.342573197916462
0.2610521582316463	0.187373015565367	0.8310871096105411	0.1362964586348011	23.67186381487925	7.33694778291669
0.2611521782156431	0.1875704973094046	0.8325556681718448	0.1364009203735501	23.66378561734428	7.331328830196905
0.2612521981996399	0.1877681682730143	0.8340271182093358	0.1365054221282879	23.65572335209364	7.325716329862703
0.2613522181836367	0.187966028684742	0.8355014664341478	0.1366099638990145	23.64767700303309	7.32011027203861
0.2614522381676335	0.1881640787735218	0.8369787195755463	0.1367145456857299	23.63964655411245	7.314510646868049
0.2615522581516303	0.188362318768677	0.8384588843809889	0.1368191674884341	23.63163198932538	7.308917444513278
0.2616522781356271	0.1885607488999208	0.8399419676161806	0.1369238293071272	23.62363329270942	7.303330655155348
0.2617522981196239	0.1887593693973568	0.8414279760651269	0.1370285311418089	23.61565044834587	7.297750268994081
0.2618523181036208	0.1889581804914804	0.842916916530196	0.1371332729924796	23.60768344035969	7.292176276247999
0.2619523380876175	0.189157182413179	0.8444087958321687	0.137238054859139	23.59973225291948	7.286608667154306
0.2620523580716143	0.1893563753937333	0.8459036208103012	0.1373428767417871	23.59179687023737	7.281047431968824
0.2621523780556111	0.1895557596648181	0.8474013983223819	0.1374477386404241	23.58387727656902	7.275492560965964
0.2622523980396079	0.1897553354585025	0.8489021352447832	0.1375526405550499	23.57597345621341	7.269944044438684
0.2623524180236047	0.1899551030072517	0.850405838472526	0.1376575824856645	23.5680853935129	7.264401872698434
0.2624524380076015	0.1901550625439273	0.8519125149193348	0.1377625644322679	23.56021307285308	7.258866036075124
0.2625524579915983	0.1903552143017875	0.853422171517692	0.13786758639486	23.55235647866277	7.253336524917087
0.2626524779755951	0.1905555585144896	0.8549348152189041	0.1379726483734409	23.54451559541387	7.247813329591019
0.2627524979595919	0.1907560954160891	0.8564504529931534	0.1380777503680107	23.53669040762134	7.242296440481955
0.2628525179435887	0.1909568252410415	0.8579690918295567	0.1381828923785693	23.5288808998431	7.236785847993218
0.2629525379275855	0.1911577482242028	0.8594907387362294	0.1382880744051166	23.52108705668	7.231281542546381
0.2630525579115823	0.1913588646008308	0.8610154007403416	0.1383932964476527	23.51330886277572	7.225783514581213
0.2631525778955791	0.1915601746065851	0.8625430848881729	0.1384985585061776	23.50554630281669	7.220291754555666
0.2632525978795759	0.191761678477529	0.8640737982451812	0.1386038605806914	23.49779936153207	7.2148062529458
0.2633526178635727	0.1919633764501293	0.8656075478960534	0.1387092026711939	23.4900680236936	7.209327000245762
0.2634526378475695	0.1921652687612578	0.8671443409447701	0.1388145847776852	23.48235227411562	7.203853986967747
0.2635526578315663	0.1923673556481922	0.868684184514666	0.1389200069001654	23.47465209765494	7.198387203641937
0.2636526778155631	0.1925696373486164	0.870227085748486	0.1390254690386342	23.46696747921084	7.192926640816487
0.2637526977995599	0.1927721141006221	0.8717730518084511	0.139130971193092	23.45929840372487	7.187472289057459
0.2638527177835567	0.1929747861427091	0.8733220898763161	0.1392365133635385	23.45164485618094	7.182024138948796
0.2639527377675535	0.1931776537137859	0.8748742071534278	0.1393420955499737	23.44400682160515	7.176582181092284
0.2640527577515503	0.1933807170531718	0.8764294108607934	0.1394477177523978	23.43638428506574	7.171146406107495
0.2641527777355471	0.1935839764005965	0.8779877082391359	0.1395533799708107	23.42877723167307	7.165716804631763
0.2642527977195439	0.1937874319962014	0.8795491065489566	0.1396590822052124	23.4211856465795	7.160293367320136
0.2643528177035407	0.1939910840805405	0.8811136130705983	0.1397648244556028	23.41360951497933	7.15487608484534
0.2644528376875375	0.1941949328945816	0.8826812351043087	0.1398706067219821	23.40604882210878	7.149464947897732
0.2645528576715343	0.1943989786797064	0.8842519799702965	0.1399764290043502	23.39850355324583	7.144059947185266
0.2646528776555311	0.194603221677712	0.8858258550088016	0.140082291302707	23.39097369371029	7.138661073433453
0.2647528976395279	0.194807662130812	0.8874028675801547	0.1401881936170527	23.38345922886362	7.133268317385313
0.2648529176235247	0.1950123002816362	0.8889830250648347	0.1402941359473871	23.37596014410889	7.127881669801354
0.2649529376075215	0.1952171363732329	0.8905663348635409	0.1404001182937103	23.36847642489075	7.122501121459512
0.2650529575915183	0.195422170649069	0.8921528043972526	0.1405061406560224	23.36100805669534	7.117126663155116
0.2651529775755151	0.1956274033530309	0.8937424411072892	0.1406122030343232	23.35355502505022	7.111758285700861
0.2652529975595119	0.1958328347294256	0.8953352524553796	0.1407183054286129	23.34611731552433	7.106395979926756
0.2653530175435087	0.1960384650229817	0.896931245923721	0.1408244478388913	23.33869491372789	7.101039736680093
0.2654530375275055	0.1962442944788498	0.8985304290150486	0.1409306302651585	23.33128780531239	7.095689546825398
0.2655530575115023	0.1964503233426041	0.900132809252696	0.1410368527074145	23.32389597597047	7.090345401244398
0.2656530774954991	0.1966565518602427	0.9017383941806595	0.1411431151656593	23.31651941143586	7.08500729083599
0.2657530974794959	0.1968629802781886	0.9033471913636666	0.1412494176398929	23.30915809748339	7.079675206516189
0.2658531174634927	0.1970696088432911	0.90495920838724	0.1413557601301153	23.30181201992884	7.07434913921809
0.2659531374474895	0.197276437802826	0.9065744528577585	0.1414621426363265	23.29448116462891	7.069029079891846
0.2660531574314863	0.197483467404497	0.9081929324025287	0.1415685651585264	23.28716551748116	7.063715019504608
0.2661531774154831	0.1976906978964365	0.909814654669849	0.1416750276967152	23.27986506442398	7.058406949040498
0.2662531973994799	0.1978981295272062	0.9114396273290728	0.1417815302508928	23.27257979143645	7.053104859500575
0.2663532173834767	0.1981057625457986	0.9130678580706788	0.1418880728210592	23.26530968453836	7.047808741902787
0.2664532373674735	0.1983135972016377	0.914699354606335	0.1419946554072144	23.25805472979007	7.042518587281931
0.2665532573514703	0.1985216337445792	0.9163341246689655	0.1421012780093583	23.25081491329253	7.037234386689637
0.2666532773354671	0.1987298724249129	0.9179721760128211	0.1422079406274911	23.24359022118719	7.031956131194293
0.2667532973194639	0.1989383134933619	0.9196135164135398	0.1423146432616126	23.23638063965589	7.026683811881051
0.2668533173034607	0.1991469572010852	0.9212581536682211	0.1424213859117229	23.22918615492087	7.02141741985175
0.2669533372874575	0.1993558037996774	0.9229060955954907	0.1425281685778221	23.22200675324463	7.016156946224899
0.2670533572714543	0.1995648535411701	0.9245573500355667	0.14263499125991	23.21484242093001	7.010902382135645
0.2671533772554511	0.1997741066780327	0.9262119248503308	0.1427418539579867	23.20769314431995	7.005653718735715
0.2672533972394479	0.1999835634631741	0.9278698279233988	0.1428487566720523	23.20055890979758	7.000410947193392
0.2673534172234447	0.2001932241499419	0.9295310671601796	0.1429556994021066	23.19343970378605	6.995174058693487
0.2674534372074415	0.2004030889921252	0.9311956504879557	0.1430626821481497	23.18633551274856	6.989943044437278
0.2675534571914383	0.2006131582439547	0.9328635858559488	0.1431697049101816	23.17924632318826	6.984717895642491
0.2676534771754351	0.2008234321601035	0.9345348812353826	0.1432767676882023	23.17217212164818	6.97949860354326
0.2677534971594319	0.2010339109956883	0.9362095446195623	0.1433838704822118	23.16511289471119	6.974285159390088
0.2678535171434287	0.2012445950062705	0.9378875840239388	0.1434910132922101	23.15806862899994	6.969077554449806
0.2679535371274255	0.2014554844478566	0.9395690074861787	0.1435981961181972	23.1510393111768	6.963875780005549
0.2680535571114223	0.2016665795769	0.9412538230662391	0.143705418960173	23.14402492794381	6.958679827356707
0.2681535770954191	0.2018778806503013	0.9429420388464342	0.1438126818181377	23.13702546604261	6.95348968781889
0.2682535970794159	0.2020893879254091	0.9446336629315047	0.1439199846920912	23.13004091225436	6.948305352723907
0.2683536170634127	0.202301101660022	0.946328703448697	0.1440273275820335	23.12307125339976	6.943126813419704
0.2684536370474095	0.2025130221123882	0.9480271685478249	0.1441347104879645	23.11611647633892	6.937954061270353
0.2685536570314063	0.2027251495412076	0.9497290664013482	0.1442421334098844	23.10917656797131	6.932787087655996
0.2686536770154031	0.2029374842056324	0.951434405204444	0.1443495963477931	23.10225151523576	6.927625883972822
0.2687536969993999	0.2031500263652674	0.9531431931750723	0.1444570993016905	23.09534130511034	6.922470441633031
0.2688537169833967	0.2033627762801723	0.9548554385540581	0.1445646422715767	23.08844592461233	6.917320752064788
0.2689537369673935	0.2035757342108616	0.9565711496051581	0.1446722252574518	23.08156536079817	6.912176806712193
0.2690537569513903	0.2037889004183057	0.9582903346151341	0.1447798482593156	23.07469960076341	6.907038597035253
0.2691537769353871	0.2040022751639327	0.9600130018938282	0.1448875112771682	23.06784863164259	6.901906114509837
0.2692537969193839	0.2042158587096286	0.9617391597742379	0.1449952143110096	23.06101244060932	6.896779350627636
0.2693538169033807	0.204429651317738	0.9634688166125822	0.1451029573608398	23.05419101487611	6.891658296896149
0.2694538368873775	0.2046436532510664	0.9652019807883847	0.1452107404266588	23.0473843416943	6.886542944838624
0.2695538568713743	0.2048578647728799	0.9669386607045455	0.1453185635084667	23.04059240835414	6.881433285994031
0.2696538768553711	0.2050722861469068	0.9686788647874101	0.1454264266062633	23.03381520218459	6.876329311917039
0.2697538968393678	0.2052869176373384	0.9704226014868513	0.1455343297200486	23.02705271055334	6.871231014177964
0.2698539168233647	0.2055017595088303	0.9721698792763432	0.1456422728498228	23.02030492086677	6.86613838436274
0.2699539368073615	0.205716812026503	0.973920706653032	0.1457502559955858	23.01357182056983	6.861051414072892
0.2700539567913583	0.2059320754559434	0.9756750921378183	0.1458582791573376	23.00685339714607	6.855970094925485
0.2701539767753551	0.2061475500632051	0.9774330442754254	0.1459663423350782	23.0001496381175	6.850894418553112
0.2702539967593519	0.2063632361148101	0.9791945716344833	0.1460744455288075	22.99346053104464	6.845824376603837
0.2703540167433487	0.2065791338777495	0.980959682807601	0.1461825887385257	22.98678606352634	6.840759960741171
0.2704540367273455	0.2067952436194846	0.9827283864114423	0.1462907719642327	22.98012622319985	6.835701162644045
0.2705540567113423	0.2070115656079477	0.9845006910868062	0.1463989952059284	22.97348099774068	6.830647974006759
0.2706540766953391	0.2072281001115438	0.9862766054987042	0.146507258463613	22.96685037486262	6.82560038653896
0.2707540966793359	0.2074448473991505	0.9880561383364305	0.1466155617372863	22.96023434231762	6.82055839196561
0.2708541166633326	0.20766180774012	0.9898392983136522	0.1467239050269484	22.9536328878958	6.815521982026939
0.2709541366473295	0.20787898140428	0.9916260941684785	0.1468322883325994	22.94704599942533	6.810491148478424
0.2710541566313263	0.2080963686619341	0.9934165346635391	0.1469407116542391	22.94047366477246	6.805465883090752
0.271154176615323	0.2083139697838635	0.9952106285860695	0.1470491749918676	22.93391587184139	6.800446177649783
0.2712541965993199	0.2085317850413281	0.9970083847479857	0.147157678345485	22.92737260857427	6.79543202395651
0.2713542165833167	0.2087498147060666	0.9988098119859609	0.147266221715091	22.92084386295117	6.790423413827051
0.2714542365673135	0.2089680590502989	1.000614919161511	0.147374805100686	22.91432962298996	6.785420339092583
0.2715542565513103	0.2091865183467258	1.002423715161071	0.1474834285022697	22.90782987674628	6.780422791599333
0.271654276535307	0.2094051928685312	1.004236208896073	0.1475920919198422	22.90134461231356	6.775430763208532
0.2717542965193039	0.2096240828893827	1.006052409303037	0.1477007953534035	22.89487381782289	6.770444245796385
0.2718543165033007	0.2098431886834321	1.007872325343635	0.1478095388029536	22.88841748144299	6.765463231254043
0.2719543364872974	0.2100625105253174	1.009695966004789	0.1479183222684924	22.8819755913802	6.760487711487563
0.2720543564712943	0.2102820486901634	1.011523340298739	0.1480271457500201	22.87554813587836	6.755517678417872
0.2721543764552911	0.2105018034535826	1.013354457263133	0.1481360092475366	22.86913510321884	6.750553123980755
0.2722543964392878	0.2107217750916768	1.015189325961107	0.1482449127610418	22.86273648172042	6.745594040126792
0.2723544164232847	0.2109419638810376	1.017027955481365	0.1483538562905359	22.8563522597393	6.740640418821348
0.2724544364072815	0.2111623700987477	1.018870354938265	0.1484628398360187	22.84998242566903	6.735692252044534
0.2725544563912782	0.2113829940223821	1.020716533471898	0.1485718633974904	22.84362696794046	6.73074953179117
0.2726544763752751	0.2116038359300092	1.022566500248174	0.1486809269749509	22.83728587502166	6.725812250070756
0.2727544963592718	0.2118248961001913	1.024420264458904	0.1487900305684001	22.83095913541796	6.720880398907448
0.2728545163432686	0.2120461748119867	1.026277835321886	0.1488991741778381	22.82464673767181	6.715953970340006
0.2729545363272655	0.21226767234495	1.028139222080988	0.149008357803265	22.81834867036277	6.711032956421782
0.2730545563112622	0.2124893889791332	1.030004434006228	0.1491175814446806	22.81206492210749	6.706117349220679
0.2731545762952591	0.2127113249950874	1.031873480393868	0.149226845102085	22.80579548155963	6.701207140819114
0.2732545962792559	0.2129334806738631	1.033746370566488	0.1493361487754782	22.79954033740981	6.696302323314001
0.2733546162632526	0.2131558562970121	1.035623113873082	0.1494454924648602	22.7932994783856	6.691402888816699
0.2734546362472495	0.2133784521465882	1.037503719689135	0.1495548761702311	22.78707289325141	6.686508829453
0.2735546562312463	0.2136012685051479	1.039388197416715	0.1496642998915906	22.78086057080854	6.681620137363087
0.273654676215243	0.2138243056557523	1.041276556484555	0.149773763628939	22.77466249989504	6.676736804701501
0.2737546961992399	0.2140475638819679	1.043168806348142	0.1498832673822762	22.76847866938571	6.671858823637111
0.2738547161832366	0.2142710434678673	1.045064956489804	0.1499928111516022	22.76230906819207	6.666986186353093
0.2739547361672334	0.214494744698031	1.046965016418796	0.150102394936917	22.75615368526226	6.662118885046882
0.2740547561512303	0.2147186678575481	1.048868995671387	0.1502120187382206	22.75001250958107	6.657256911930149
0.274154776135227	0.2149428132320173	1.05077690381095	0.1503216825555129	22.74388553016983	6.652400259228777
0.2742547961192238	0.2151671811075486	1.052688750428049	0.1504313863887941	22.7377727360864	6.647548919182813
0.2743548161032207	0.2153917717707639	1.054604545140527	0.150541130238064	22.73167411642512	6.642702884046448
0.2744548360872174	0.2156165855087982	1.056524297593597	0.1506509141033228	22.72558966031676	6.637862146087993
0.2745548560712143	0.2158416226093011	1.058448017459927	0.1507607379845704	22.71951935692847	6.633026697589827
0.2746548760552111	0.2160668833604373	1.060375714439733	0.1508706018818067	22.71346319546378	6.628196530848393
0.2747548960392078	0.2162923680508884	1.062307398260868	0.1509805057950318	22.70742116516249	6.62337163817414
0.2748549160232047	0.216518076969854	1.064243078678915	0.1510904497242458	22.70139325530069	6.61855201189151
0.2749549360072014	0.2167440104070519	1.066182765477268	0.1512004336694485	22.69537945519065	6.613737644338911
0.2750549559911982	0.2169701686527206	1.068126468467234	0.15131045763064	22.68937975418087	6.608928527868668
0.2751549759751951	0.2171965519976196	1.070074197488119	0.1514205216078204	22.68339414165593	6.604124654847005
0.2752549959591918	0.2174231607330306	1.072025962407317	0.1515306256009894	22.67742260703653	6.599326017654021
0.2753550159431886	0.2176499951507593	1.07398177312041	0.1516407696101473	22.67146513977943	6.594532608683642
0.2754550359271855	0.2178770555431356	1.07594163955125	0.1517509536352941	22.66552172937737	6.589744420343604
0.2755550559111822	0.2181043422030153	1.077905571652058	0.1518611776764295	22.6595923653591	6.584961445055424
0.275655075895179	0.2183318554237817	1.079873579403515	0.1519714417335538	22.65367703728923	6.58018367525436
0.2757550958791758	0.2185595954993458	1.081845672814857	0.1520817458066669	22.6477757347683	6.575411103389387
0.2758551158631726	0.2187875627241483	1.083821861923965	0.1521920898957688	22.64188844743271	6.570643721923171
0.2759551358471694	0.21901575739316	1.08580215679746	0.1523024740008594	22.63601516495462	6.56588152333203
0.2760551558311662	0.2192441798018842	1.087786567530802	0.152412898121939	22.63015587704197	6.561124500105912
0.276155175815163	0.2194728302463564	1.089775104248377	0.1525233622590072	22.62431057343844	6.556372644748365
0.2762551957991599	0.2197017090231467	1.091767777103596	0.1526338664120643	22.61847924392334	6.551625949776499
0.2763552157831566	0.21993081642936	1.093764596278989	0.1527444105811101	22.6126618783117	6.546884407720971
0.2764552357671534	0.2201601527626381	1.095765571986304	0.1528549947661448	22.6068584664541	6.542148011125941
0.2765552557511503	0.2203897183211607	1.097770714466602	0.1529656189671683	22.60106899823667	6.537416752549047
0.276655275735147	0.2206195134036455	1.099780033990343	0.1530762831841805	22.59529346358111	6.53269062456139
0.2767552957191438	0.2208495383093514	1.101793540857502	0.1531869874171815	22.58953185244458	6.527969619747479
0.2768553157031406	0.2210797933380779	1.10381124539765	0.1532977316661714	22.58378415481969	6.523253730705219
0.2769553356871374	0.2213102787901672	1.105833157970055	0.15340851593115	22.57805036073445	6.518542950045889
0.2770553556711342	0.2215409949665051	1.107859288963786	0.1535193402121174	22.57233046025225	6.513837270394089
0.277155375655131	0.2217719421685228	1.109889648797807	0.1536302045090736	22.56662444347181	6.509136684387729
0.2772553956391278	0.2220031206981971	1.111924247921071	0.1537411088220186	22.56093230052715	6.504441184678
0.2773554156231246	0.2222345308580525	1.113963096812626	0.1538520531509524	22.55525402158752	6.499750763929339
0.2774554356071214	0.2224661729511622	1.116006205981712	0.153963037495875	22.54958959685739	6.495065414819398
0.2775554555911182	0.222698047281149	1.118053585967857	0.1540740618567864	22.54393901657644	6.490385130039029
0.277655475575115	0.2229301541521868	1.120105247340984	0.1541851262336865	22.53830227101946	6.485709902292241
0.2777554955591118	0.2231624938690022	1.122161200701507	0.1542962306265756	22.53267935049638	6.481039724296172
0.2778555155431086	0.2233950667368749	1.124221456680427	0.1544073750354533	22.52707024535216	6.476374588781079
0.2779555355271054	0.2236278730616396	1.126286025939445	0.1545185594603199	22.5214749459668	6.471714488490283
0.2780555555111022	0.2238609131496871	1.128354919171052	0.1546297839011753	22.51589344275533	6.467059416180167
0.278155575495099	0.2240941873079653	1.130428147098637	0.1547410483580194	22.51032572616769	6.462409364620122
0.2782555954790958	0.224327695843981	1.13250572047659	0.1548523528308524	22.50477178668877	6.457764326592539
0.2783556154630926	0.2245614390658005	1.134587650090399	0.1549636973196742	22.49923161483836	6.453124294892776
0.2784556354470894	0.2247954172820513	1.136673946756756	0.1550750818244847	22.49370520117107	6.448489262329124
0.2785556554310862	0.2250296308019233	1.138764621323667	0.1551865063452841	22.48819253627634	6.443859221722783
0.278655675415083	0.2252640799351698	1.140859684670542	0.1552979708820722	22.48269361077839	6.439234165907838
0.2787556953990798	0.2254987649921091	1.142959147708312	0.1554094754348491	22.4772084153362	6.434614087731226
0.2788557153830766	0.2257336862836259	1.145063021379526	0.1555210200036149	22.47173694064343	6.429998980052705
0.2789557353670734	0.2259688441211718	1.147171316658459	0.1556326045883694	22.46627917742843	6.425388835744841
0.2790557553510702	0.2262042388167675	1.149284044551216	0.1557442291891127	22.46083511645421	6.420783647692964
0.279155775335067	0.2264398706830038	1.15140121609584	0.1558558938058448	22.45540474851835	6.416183408795147
0.2792557953190638	0.2266757400330422	1.153522842362415	0.1559675984385657	22.44998806445305	6.411588111962186
0.2793558153030606	0.2269118471806175	1.155648934453175	0.1560793430872754	22.444585055125	6.406997750117557
0.2794558352870574	0.2271481924400378	1.157779503502609	0.1561911277519739	22.43919571143541	6.402412316197403
0.2795558552710542	0.2273847761261865	1.15991456067757	0.1563029524326612	22.43382002431999	6.397831803150502
0.279655875255051	0.2276215985545239	1.162054117177384	0.1564148171293373	22.42845798474885	6.393256203938233
0.2797558952390478	0.2278586600410875	1.164198184233953	0.1565267218420022	22.42310958372653	6.388685511534563
0.2798559152230446	0.2280959609024941	1.166346773111867	0.1566386665706558	22.41777481229193	6.384119718926008
0.2799559352070414	0.2283335014559412	1.168499895108518	0.1567506513152984	22.41245366151827	6.379558819111606
0.2800559551910382	0.2285712820192074	1.170657561554197	0.1568626760759296	22.40714612251314	6.375002805102908
0.280155975175035	0.2288093029106548	1.172819783812213	0.1569747408525496	22.40185218641832	6.370451669923924
0.2802559951590318	0.2290475644492299	1.174986573279008	0.1570868456451585	22.3965718444099	6.365905406611112
0.2803560151430286	0.2292860669544645	1.17715794138425	0.1571989904537562	22.39130508769815	6.36136400821336
0.2804560351270254	0.2295248107464777	1.179333899590962	0.1573111752783426	22.38605190752751	6.356827467791936
0.2805560551110222	0.2297637961459771	1.181514459395625	0.1574234001189179	22.3808122951766	6.35229577842048
0.280656075095019	0.2300030234742596	1.183699632328289	0.1575356649754819	22.3755862419581	6.347768933184973
0.2807560950790158	0.2302424930532133	1.185889429952689	0.1576479698480347	22.37037373921883	6.343246925183708
0.2808561150630126	0.230482205205319	1.188083863866358	0.1577603147365764	22.36517477833962	6.338729747527261
0.2809561350470094	0.2307221602536505	1.190282945700734	0.1578726996411068	22.35998935073536	6.33421739333848
0.2810561550310062	0.2309623585218775	1.192486687121282	0.157985124561626	22.3548174478549	6.329709855752434
0.281156175015003	0.2312028003342655	1.194695099827602	0.158097589498134	22.34965906118107	6.325207127916412
0.2812561949989998	0.2314434860156782	1.196908195553545	0.1582100944506308	22.34451418223061	6.320709202989879
0.2813562149829966	0.2316844158915783	1.19912598606733	0.1583226394191164	22.33938280255416	6.316216074144457
0.2814562349669934	0.2319255902880291	1.201348483171655	0.1584352244035908	22.33426491373627	6.311727734563905
0.2815562549509902	0.2321670095316957	1.203575698703817	0.158547849404054	22.32916050739529	6.307244177444078
0.281656274934987	0.2324086739498466	1.205807644535828	0.158660514420506	22.32406957518337	6.302765395992915
0.2817562949189838	0.2326505838703548	1.208044332574525	0.1587732194529468	22.3189921087865	6.298291383430409
0.2818563149029806	0.2328927396216995	1.210285774761697	0.1588859645013763	22.31392809992435	6.293822132988581
0.2819563348869774	0.2331351415329675	1.212531983074199	0.1589987495657947	22.30887754035037	6.289357637911445
0.2820563548709742	0.2333777899338539	1.21478296952406	0.1591115746462018	22.30384042185168	6.284897891455008
0.282156374854971	0.2336206851546643	1.217038746158621	0.1592244397425978	22.29881673624906	6.280442886887213
0.2822563948389678	0.2338638275263162	1.219299325060635	0.1593373448549826	22.29380647539693	6.275992617487936
0.2823564148229646	0.2341072173803396	1.221564718348397	0.1594502899833561	22.28880963118333	6.271547076548954
0.2824564348069614	0.2343508550488791	1.223834938175863	0.1595632751277184	22.28382619552991	6.267106257373917
0.2825564547909582	0.2345947408646956	1.226109996732765	0.1596763002880696	22.27885616039178	6.26267015327832
0.282656474774955	0.2348388751611665	1.228389906244735	0.1597893654644095	22.27389951775765	6.258238757589495
0.2827564947589518	0.2350832582722883	1.230674678973429	0.1599024706567383	22.26895625964973	6.25381206364656
0.2828565147429486	0.2353278905326774	1.232964327216642	0.1600156158650558	22.26402637812367	6.249390064800418
0.2829565347269454	0.2355727722775719	1.235258863308436	0.1601288010893621	22.25910986526859	6.244972754413719
0.2830565547109422	0.2358179038428328	1.237558299619262	0.1602420263296572	22.25420671320699	6.240560125860829
0.283156574694939	0.2360632855649454	1.239862648556075	0.1603552915859411	22.24931691409478	6.236152172527827
0.2832565946789358	0.2363089177810206	1.24217192256247	0.1604685968582138	22.24444046012125	6.231748887812461
0.2833566146629326	0.2365548008287972	1.244486134118799	0.1605819421464753	22.239577343509	6.227350265124125
0.2834566346469294	0.2368009350466419	1.246805295742291	0.1606953274507256	22.23472755651396	6.222956297883846
0.2835566546309262	0.2370473207735521	1.249129419987187	0.1608087527709647	22.22989109142534	6.218566979524252
0.283656674614923	0.2372939583491568	1.25145851944486	0.1609222181071926	22.22506794056558	6.214182303489538
0.2837566945989198	0.2375408481137176	1.253792606743938	0.1610357234594093	22.22025809629042	6.209802263235464
0.2838567145829166	0.2377879904081311	1.256131694550436	0.1611492688276147	22.21546155098871	6.205426852229309
0.2839567345669134	0.2380353855739298	1.258475795567882	0.161262854211809	22.2106782970826	6.201056063949856
0.2840567545509102	0.2382830339532833	1.260824922537437	0.1613764796119921	22.20590832702729	6.196689891887374
0.284156774534907	0.2385309358890008	1.263179088238033	0.1614901450281639	22.20115163331116	6.192328329543574
0.2842567945189038	0.238779091724531	1.265538305486496	0.1616038504603246	22.19640820845572	6.187971370431613
0.2843568145029006	0.2390275018039655	1.267902587137676	0.161717595908474	22.19167804501553	6.18361900807604
0.2844568344868974	0.2392761664720386	1.270271946084575	0.1618313813726123	22.1869611355782	6.179271236012795
0.2845568544708942	0.2395250860741295	1.272646395258475	0.1619452068527393	22.18225747276442	6.174928047789177
0.284656874454891	0.239774260956264	1.275025947629076	0.1620590723488551	22.17756704922785	6.170589436963815
0.2847568944388878	0.2400236914651159	1.277410616204618	0.1621729778609598	22.17288985765515	6.166255397106648
0.2848569144228846	0.2402733779480079	1.279800414032016	0.1622869233890532	22.16822589076594	6.161925921798907
0.2849569344068814	0.2405233207529139	1.282195354196992	0.1624009089331354	22.16357514131279	6.157601004633082
0.2850569543908782	0.2407735202284603	1.28459544982421	0.1625149344932064	22.15893760208117	6.153280639212902
0.285156974374875	0.2410239767239268	1.287000714077399	0.1626290000692662	22.15431326588946	6.148964819153315
0.2852569943588718	0.2412746905892492	1.289411160159499	0.1627431056613148	22.1497021255889	6.14465353808046
0.2853570143428686	0.2415256621750201	1.291826801312788	0.1628572512693522	22.1451041740636	6.140346789631638
0.2854570343268654	0.24177689183249	1.294247650819013	0.1629714368933784	22.14051940423045	6.136044567455308
0.2855570543108621	0.2420283799135702	1.296673721999533	0.1630856625333933	22.1359478090392	6.131746865211039
0.285657074294859	0.2422801267708332	1.299105028215451	0.1631999281893972	22.13138938147233	6.1274536765695
0.2857570942788558	0.2425321327575143	1.301541582867745	0.1633142338613897	22.12684411454511	6.123164995212442
0.2858571142628526	0.2427843982275141	1.303983399397413	0.1634285795493711	22.12231200130554	6.118880814832659
0.2859571342468494	0.2430369235353986	1.306430491285603	0.1635429652533413	22.11779303483434	6.114601129133981
0.2860571542308462	0.243289709036402	1.308882872053754	0.1636573909733002	22.11328720824491	6.110325931831239
0.286157174214843	0.2435427550864279	1.311340555263734	0.163771856709248	22.10879451468334	6.106055216650243
0.2862571941988398	0.2437960620420503	1.313803554517976	0.1638863624611845	22.10431494732835	6.101788977327773
0.2863572141828366	0.244049630260516	1.31627188345962	0.1640009082291098	22.09984849939133	6.097527207611536
0.2864572341668334	0.2443034600997458	1.318745555772652	0.164115494013024	22.09539516411624	6.093269901260152
0.2865572541508302	0.2445575519183357	1.321224585182041	0.164230119812927	22.09095493477965	6.089017052043139
0.2866572741348269	0.2448119060755592	1.323708985453885	0.1643447856288187	22.08652780469071	6.084768653740878
0.2867572941188238	0.2450665229313685	1.326198770395548	0.1644594914606992	22.08211376719108	6.080524700144591
0.2868573141028206	0.2453214028463959	1.328693953855804	0.1645742373085685	22.077712815655	6.076285185056332
0.2869573340868173	0.2455765461819558	1.331194549724979	0.1646890231724266	22.07332494348919	6.072050102288949
0.2870573540708142	0.2458319533000463	1.333700571935093	0.1648038490522735	22.06895014413287	6.067819445666063
0.287157374054811	0.2460876245633501	1.336212034460003	0.1649187149481092	22.06458841105773	6.06359320902206
0.2872573940388077	0.2463435603352371	1.33872895131555	0.1650336208599337	22.06023973776789	6.05937138620205
0.2873574140228046	0.2465997609797656	1.341251336559703	0.165148566787747	22.05590411779995	6.055153971061853
0.2874574340068013	0.2468562268616832	1.343779204292697	0.1652635527315491	22.0515815447229	6.050940957467981
0.2875574539907982	0.2471129583464298	1.346312568657191	0.16537857869134	22.04727201213809	6.046732339297607
0.287657473974795	0.247369955800138	1.348851443838403	0.1654936446671197	22.04297551367931	6.042528110438552
0.2877574939587917	0.2476272195896355	1.351395844064265	0.1656087506588881	22.03869204301267	6.038328264789253
0.2878575139427886	0.2478847500824467	1.353945783605567	0.1657238966666454	22.03442159383663	6.034132796258741
0.2879575339267854	0.2481425476467935	1.356501276776102	0.1658390826903915	22.03016415988197	6.029941698766637
0.2880575539107821	0.2484006126515979	1.359062337932818	0.1659543087301263	22.02591973491177	6.025754966243104
0.288157573894779	0.2486589454664836	1.361628981475973	0.16606957478585	22.02168831272143	6.02157259262884
0.2882575938787758	0.2489175464617767	1.364201221849269	0.1661848808575624	22.01746988713855	6.017394571875061
0.2883576138627725	0.2491764160085084	1.366779073540018	0.1663002269452636	22.01326445202306	6.013220897943463
0.2884576338467694	0.2494355544784164	1.369362551079289	0.1664156130489537	22.00907200126708	6.009051564806209
0.2885576538307661	0.2496949622439462	1.371951669042049	0.1665310391686325	22.00489252879497	6.004886566445915
0.2886576738147629	0.249954639678253	1.37454644204733	0.1666465053043001	22.00072602856327	6.000725896855612
0.2887576937987598	0.2502145871552036	1.377146884758374	0.1667620114559566	21.99657249456073	5.996569550038735
0.2888577137827565	0.2504748050493777	1.379753011882785	0.1668775576236018	21.99243192080825	5.992417520009103
0.2889577337667534	0.25073529373607	1.382364838172688	0.1669931438072358	21.98830430135889	5.988269800790886
0.2890577537507502	0.2509960535912911	1.384982378424878	0.1671087700068586	21.98418963029785	5.9841263864186
0.2891577737347469	0.2512570849917704	1.387605647480979	0.1672244362224702	21.98008790174247	5.979987270937071
0.2892577937187438	0.2515183883149569	1.390234660227602	0.1673401424540706	21.97599910984215	5.975852448401417
0.2893578137027406	0.2517799639390211	1.392869431596492	0.1674558887016598	21.97192324877841	5.971721912877036
0.2894578336867373	0.2520418122428568	1.395509976564693	0.1675716749652378	21.96786031276484	5.967595658439572
0.2895578536707342	0.2523039336060828	1.398156310154706	0.1676875012448046	21.96381029604712	5.963473679174896
0.2896578736547309	0.2525663284090446	1.40080844743464	0.1678033675403602	21.95977319290292	5.959355969179102
0.2897578936387277	0.2528289970328161	1.403466403518379	0.1679192738519045	21.95574899764198	5.955242522558456
0.2898579136227246	0.2530919398592016	1.406130193565738	0.1680352201794377	21.95173770460603	5.951133333429398
0.2899579336067213	0.2533551572707368	1.408799832782617	0.1681512065229596	21.94773930816883	5.947028395918517
0.2900579535907181	0.2536186496506915	1.411475336421173	0.1682672328824704	21.94375380273611	5.942927704162522
0.290157973574715	0.2538824173830709	1.414156719779978	0.16838329925797	21.93978118274558	5.938831252308223
0.2902579935587117	0.2541464608526168	1.416843998204171	0.1684994056494583	21.93582144266692	5.934739034512523
0.2903580135427085	0.2544107804448104	1.419537187085632	0.1686155520569354	21.93187457700173	5.930651044942379
0.2904580335267054	0.2546753765458735	1.422236301863145	0.1687317384804014	21.92794058028355	5.926567277774789
0.2905580535107021	0.2549402495427701	1.424941358022554	0.1688479649198561	21.92401944707788	5.922487727196779
0.290658073494699	0.2552053998232086	1.427652371096933	0.1689642313752996	21.92011117198207	5.918412387405367
0.2907580934786957	0.2554708277756431	1.430369356666749	0.1690805378467319	21.91621574962539	5.914341252607556
0.2908581134626925	0.2557365337892756	1.433092330360031	0.169196884334153	21.91233317466903	5.910274317020306
0.2909581334466894	0.2560025182540579	1.435821307852535	0.169313270837563	21.90846344180595	5.90621157487051
0.2910581534306861	0.2562687815606926	1.438556304867907	0.1694296973569617	21.90460654576106	5.902153020394988
0.2911581734146829	0.2565353241006357	1.441297337177857	0.1695461638923491	21.90076248129107	5.898098647840452
0.2912581933986798	0.2568021462660984	1.444044420602327	0.1696626704437255	21.89693124318455	5.894048451463486
0.2913582133826765	0.2570692484500478	1.446797571009649	0.1697792170110906	21.89311282626185	5.890002425530544
0.2914582333666733	0.2573366310462103	1.449556804316734	0.1698958035944444	21.88930722537518	5.885960564317906
0.2915582533506701	0.2576042944490726	1.452322136489229	0.1700124301937871	21.88551443540849	5.881922862111665
0.2916582733346669	0.2578722390538831	1.455093583541688	0.1701290968091186	21.88173445127757	5.877889313207722
0.2917582933186637	0.2581404652566545	1.457871161537749	0.1702458034404388	21.87796726792996	5.873859911911744
0.2918583133026605	0.2584089734541655	1.460654886590309	0.1703625500877479	21.87421288034495	5.869834652539153
0.2919583332866573	0.2586777640439621	1.463444774861685	0.1704793367510458	21.87047128353363	5.865813529415117
0.2920583532706542	0.2589468374243603	1.466240842563803	0.1705961634303325	21.86674247253877	5.861796536874506
0.2921583732546509	0.2592161939944467	1.469043105958359	0.1707130301256079	21.86302644243494	5.857783669261897
0.2922583932386477	0.2594858341540818	1.471851581357006	0.1708299368368721	21.85932318832837	5.853774920931535
0.2923584132226446	0.2597557583039012	1.474666285121525	0.1709468835641252	21.85563270535706	5.849770286247321
0.2924584332066413	0.260025966845317	1.477487233663995	0.171063870307367	21.85195498869068	5.845769759582801
0.2925584531906381	0.2602964601805203	1.480314443446982	0.1711808970665976	21.84829003353057	5.841773335321125
0.2926584731746349	0.2605672387124832	1.483147930983713	0.1712979638418171	21.84463783510982	5.837781007855046
0.2927584931586317	0.2608383028449596	1.485987712838248	0.1714150706330252	21.84099838869315	5.833792771586896
0.2928585131426285	0.2611096529824887	1.488833805625667	0.1715322174402222	21.83737168957694	5.829808620928561
0.2929585331266253	0.2613812895303957	1.491686226012254	0.1716494042634081	21.83375773308925	5.82582855030146
0.2930585531106221	0.2616532128947938	1.494544990715663	0.1717666311025827	21.83015651458978	5.821852554136542
0.2931585730946189	0.2619254234825867	1.497410116505116	0.171883897957746	21.82656802946988	5.817880626874244
0.2932585930786157	0.2621979217014703	1.500281620201577	0.1720012048288982	21.82299227315249	5.813912762964485
0.2933586130626125	0.2624707079599338	1.503159518677932	0.1721185517160392	21.81942924109224	5.809948956866647
0.2934586330466093	0.2627437826672629	1.506043828859184	0.172235938619169	21.81587892877531	5.80598920304955
0.2935586530306061	0.2630171462335411	1.508934567722629	0.1723533655382876	21.81234133171952	5.802033495991433
0.2936586730146029	0.2632907990696511	1.511831752298037	0.172470832473395	21.80881644547431	5.798081830179942
0.2937586929985997	0.263564741587278	1.514735399667854	0.1725883394244911	21.80530426562066	5.794134200112103
0.2938587129825965	0.2638389741989099	1.517645526967371	0.1727058863915761	21.80180478777117	5.790190600294306
0.2939587329665933	0.2641134973178408	1.520562151384925	0.1728234733746498	21.79831800757002	5.786251025242284
0.2940587529505901	0.2643883113581725	1.523485290162083	0.1729411003737124	21.79484392069295	5.782315469481095
0.2941587729345869	0.2646634167348155	1.526414960593823	0.1730587673887637	21.79138252284727	5.778383927545108
0.2942587929185837	0.2649388138634924	1.529351180028738	0.1731764744198039	21.78793380977184	5.774456393977977
0.2943588129025805	0.2652145031607391	1.532293965869217	0.1732942214668328	21.78449777723706	5.77053286333262
0.2944588328865773	0.2654904850439067	1.535243335571638	0.1734120085298505	21.78107442104493	5.766613330171212
0.2945588528705741	0.2657667599311639	1.538199306646565	0.173529835608857	21.77766373702893	5.762697789065153
0.2946588728545709	0.2660433282414988	1.541161896658934	0.1736477027038524	21.7742657210541	5.758786234595056
0.2947588928385677	0.2663201903947204	1.544131123228247	0.1737656098148365	21.77088036901699	5.754878661350733
0.2948589128225645	0.2665973468114615	1.547107004028776	0.1738835569418094	21.76750767684571	5.750975063931162
0.2949589328065613	0.2668747979131804	1.550089556789747	0.1740015440847711	21.76414764049984	5.747075436944479
0.2950589527905581	0.2671525441221622	1.553078799295541	0.1741195712437216	21.76080025597052	5.743179775007963
0.2951589727745549	0.2674305858615218	1.556074749385892	0.1742376384186609	21.75746551928036	5.739288072748006
0.2952589927585517	0.2677089235552057	1.559077424956082	0.174355745609589	21.75414342648349	5.735400324800098
0.2953590127425485	0.2679875576279932	1.562086843957138	0.1744738928165059	21.75083397366553	5.73151652580882
0.2954590327265453	0.2682664885054998	1.56510302439604	0.1745920800394116	21.74753715694361	5.727636670427804
0.2955590527105421	0.2685457166141779	1.568125984335908	0.174710307278306	21.74425297246633	5.723760753319739
0.2956590726945389	0.2688252423813197	1.571155741896211	0.1748285745331893	21.74098141641378	5.719888769156332
0.2957590926785357	0.2691050662350595	1.574192315252974	0.1749468818040614	21.73772248499755	5.716020712618298
0.2958591126625325	0.2693851886043744	1.577235722638965	0.1750652290909222	21.73447617446069	5.712156578395349
0.2959591326465293	0.2696656099190878	1.580285982343909	0.1751836163937718	21.73124248107773	5.708296361186161
0.2960591526305261	0.2699463306098711	1.583343112714696	0.1753020437126103	21.72802140115467	5.704440055698365
0.2961591726145229	0.2702273511082449	1.586407132155572	0.1754205110474376	21.72481293102898	5.700587656648533
0.2962591925985197	0.2705086718465822	1.589478059128357	0.1755390183982536	21.72161706706961	5.696739158762147
0.2963592125825165	0.2707902932581104	1.59255591215265	0.1756575657650584	21.71843380567695	5.69289455677359
0.2964592325665133	0.2710722157769123	1.595640709806026	0.175776153147852	21.71526314328285	5.68905384542613
0.2965592525505101	0.2713544398379295	1.598732470724261	0.1758947805466344	21.71210507635067	5.685217019471895
0.2966592725345069	0.271636965876964	1.601831213601529	0.1760134479614057	21.70895960137514	5.681384073671854
0.2967592925185037	0.2719197943306796	1.604936957190611	0.1761321553921657	21.70582671488251	5.677555002795814
0.2968593125025005	0.272202925636606	1.608049720303119	0.1762509028389145	21.70270641343046	5.673729801622381
0.2969593324864973	0.272486360233138	1.61116952180969	0.1763696903016521	21.69959869360813	5.669908464938959
0.2970593524704941	0.2727700985595407	1.614296380640213	0.1764885177803785	21.6965035520361	5.666090987541724
0.2971593724544909	0.2730541410559493	1.617430315784037	0.1766073852750937	21.69342098536641	5.662277364235607
0.2972593924384877	0.2733384881633726	1.620571346290182	0.1767262927857977	21.69035099028252	5.65846758983428
0.2973594124224845	0.2736231403236946	1.623719491267559	0.1768452403124904	21.68729356349938	5.654661659160135
0.2974594324064813	0.2739080979796766	1.626874769885188	0.176964227855172	21.68424870176336	5.650859567044264
0.2975594523904781	0.2741933615749597	1.630037201372402	0.1770832554138424	21.68121640185225	5.647061308326451
0.2976594723744749	0.2744789315540666	1.633206805019085	0.1772023229885016	21.67819666057535	5.643266877855144
0.2977594923584717	0.2747648083624044	1.636383600175874	0.1773214305791495	21.67518947477334	5.639476270487441
0.2978595123424685	0.2750509924462657	1.639567606254386	0.1774405781857863	21.67219484131841	5.635689481089078
0.2979595323264653	0.2753374842528321	1.642758842727434	0.1775597658084118	21.66921275711412	5.631906504534404
0.2980595523104621	0.2756242842301755	1.645957329129258	0.1776789934470262	21.66624321909553	5.628127335706363
0.2981595722944589	0.2759113928272601	1.649163085055735	0.1777982611016293	21.66328622422914	5.62435196949649
0.2982595922784557	0.2761988104939458	1.652376130164608	0.1779175687722212	21.66034176951287	5.620580400804874
0.2983596122624525	0.2764865376809894	1.655596484175718	0.178036916458802	21.65740985197615	5.616812624540156
0.2984596322464493	0.2767745748400468	1.65882416687121	0.1781563041613715	21.65449046867976	5.613048635619506
0.2985596522304461	0.277062922423676	1.662059198095776	0.1782757318799298	21.65158361671602	5.609288428968606
0.2986596722144429	0.2773515808853383	1.665301597756876	0.1783951996144769	21.64868929320867	5.605531999521634
0.2987596921984397	0.2776405506794016	1.668551385824967	0.1785147073650128	21.64580749531292	5.601779342221247
0.2988597121824365	0.2779298322611422	1.671808582333727	0.1786342551315376	21.6429382202154	5.59803045201856
0.2989597321664333	0.2782194260867465	1.675073207380291	0.1787538429140511	21.64008146513422	5.594285323873137
0.2990597521504301	0.2785093326133142	1.678345281125477	0.1788734707125533	21.63723722731896	5.590543952752967
0.2991597721344269	0.2787995522988602	1.681624823794025	0.1789931385270445	21.63440550405066	5.586806333634447
0.2992597921184237	0.2790900856023163	1.684911855674815	0.1791128463575243	21.63158629264181	5.583072461502375
0.2993598121024205	0.2793809329835346	1.688206397121118	0.179232594203993	21.62877959043638	5.579342331349918
0.2994598320864173	0.2796720949032891	1.691508468550821	0.1793523820664505	21.62598539480983	5.575615938178605
0.2995598520704141	0.2799635718232777	1.694818090446658	0.1794722099448967	21.62320370316907	5.571893276998313
0.2996598720544109	0.2802553642061251	1.698135283356456	0.1795920778393318	21.62043451295249	5.568174342827242
0.2997598920384077	0.2805474725153855	1.701460067893374	0.1797119857497557	21.61767782162996	5.564459130691897
0.2998599120224045	0.2808398972155434	1.704792464736123	0.1798319336761683	21.61493362670286	5.560747635627086
0.2999599320064013	0.2811326387720172	1.708132494629229	0.1799519216185697	21.61220192570406	5.55703985267589
0.3000599519903981	0.2814256976511615	1.711480178383259	0.18007194957696	21.60948271619787	5.553335776889644
0.3001599719743949	0.2817190743202687	1.714835536875063	0.180192017551339	21.60677599578018	5.549635403327937
0.3002599919583917	0.2820127692475722	1.718198591048025	0.1803121255417069	21.60408176207831	5.545938727058576
0.3003600119423885	0.2823067829022479	1.721569361912295	0.1804322735480635	21.60140001275113	5.542245743157586
0.3004600319263853	0.282601115754417	1.724947870545043	0.1805524615704089	21.59873074548904	5.538556446709181
0.3005600519103821	0.282895768275149	1.728334138090697	0.1806726896087432	21.5960739580139	5.534870832805756
0.3006600718943789	0.2831907409364626	1.731728185761193	0.1807929576630662	21.59342964807913	5.531188896547866
0.3007600918783757	0.2834860342113293	1.735130034836226	0.1809132657333779	21.5907978134697	5.527510633044214
0.3008601118623725	0.2837816485736757	1.738539706663491	0.1810336138196786	21.58817845200207	5.523836037411626
0.3009601318463693	0.2840775844983848	1.741957222658933	0.181154001921968	21.58557156152426	5.52016510477505
0.3010601518303661	0.2843738424612999	1.745382604307006	0.1812744300402461	21.58297713991585	5.516497830267525
0.3011601718143629	0.2846704229392262	1.748815873160916	0.1813948981745132	21.58039518508795	5.512834209030167
0.3012601917983597	0.284967326409933	1.752257050842876	0.1815154063247689	21.57782569498326	5.509174236212168
0.3013602117823564	0.2852645533521567	1.755706159044361	0.1816359544910135	21.57526866757602	5.505517906970756
0.3014602317663533	0.2855621042456031	1.759163219526363	0.1817565426732469	21.57272410087205	5.501865216471199
0.3015602517503501	0.2858599795709494	1.762628254119643	0.181877170871469	21.57019199290876	5.49821615988678
0.3016602717343469	0.2861581798098474	1.76610128472499	0.18199783908568	21.56767234175511	5.494570732398779
0.3017602917183437	0.2864567054449249	1.76958233331348	0.1821185473158798	21.56516514551174	5.490928929196468
0.3018603117023405	0.2867555569597894	1.773071421926737	0.1822392955620683	21.56267040231079	5.487290745477083
0.3019603316863373	0.2870547348390299	1.776568572677186	0.1823600838242457	21.5601881103161	5.483656176445807
0.3020603516703341	0.2873542395682188	1.780073807748317	0.1824809121024118	21.55771826772305	5.480025217315776
0.3021603716543309	0.2876540716339158	1.783587149394954	0.1826017803965667	21.55526087275872	5.476397863308031
0.3022603916383277	0.2879542315236694	1.78710861994351	0.1827226887067105	21.55281592368176	5.472774109651525
0.3023604116223245	0.2882547197260192	1.79063824179225	0.182843637032843	21.55038341878252	5.469153951583105
0.3024604316063212	0.2885555367304994	1.794176037411567	0.1829646253749643	21.54796335638297	5.465537384347487
0.3025604515903181	0.2888566830276404	1.797722029344239	0.1830856537330744	21.54555573483674	5.461924403197245
0.3026604715743149	0.2891581591089717	1.801276240205699	0.1832067221071733	21.54316055252916	5.458315003392803
0.3027604915583116	0.2894599654670242	1.804838692684305	0.183327830497261	21.5407778078772	5.454709180202405
0.3028605115423085	0.2897621025953337	1.808409409541615	0.1834489789033375	21.53840749932956	5.451106928902109
0.3029605315263053	0.2900645709884416	1.811988413612641	0.1835701673254028	21.5360496253666	5.447508244775773
0.303060551510302	0.2903673711418991	1.815575727806145	0.1836913957634569	21.53370418450046	5.443913123115033
0.3031605714942989	0.2906705035522696	1.819171375104896	0.1838126642174998	21.53137117527489	5.440321559219289
0.3032605914782956	0.2909739687171298	1.822775378565946	0.1839339726875314	21.52905059626547	5.436733548395696
0.3033606114622925	0.2912777671350743	1.826387761320913	0.184055321173552	21.52674244607947	5.43314908595914
0.3034606314462893	0.2915818993057166	1.83000854657625	0.1841767096755612	21.52444672335593	5.429568167232233
0.303560651430286	0.2918863657296926	1.833637757613526	0.1842981381935593	21.52216342676564	5.425990787545283
0.3036606714142829	0.292191166908663	1.837275417789712	0.1844196067275461	21.51989255501119	5.42241694223629
0.3037606913982797	0.2924963033453155	1.840921550537446	0.1845411152775218	21.51763410682691	5.418846626650933
0.3038607113822764	0.2928017755433679	1.844576179365327	0.1846626638434862	21.51538808097898	5.415279836142546
0.3039607313662733	0.2931075840075709	1.848239327858201	0.1847842524254395	21.51315447626534	5.411716566072102
0.3040607513502701	0.2934137292437096	1.851911019677425	0.1849058810233815	21.51093329151578	5.408156811808214
0.3041607713342668	0.2937202117586076	1.855591278561172	0.1850275496373123	21.50872452559192	5.404600568727101
0.3042607913182637	0.2940270320601291	1.859280128324717	0.185149258267232	21.50652817738722	5.401047832212577
0.3043608113022604	0.2943341906571805	1.862977592860702	0.1852710069131404	21.50434424582699	5.397498597656052
0.3044608312862572	0.2946416880597151	1.866683696139456	0.1853927955750376	21.50217272986843	5.393952860456494
0.3045608512702541	0.2949495247787342	1.870398462209261	0.1855146242529236	21.5000136285006	5.390410616020426
0.3046608712542508	0.2952577013262898	1.874121915196652	0.1856364929467984	21.49786694074448	5.386871859761918
0.3047608912382476	0.2955662182154887	1.877854079306714	0.185758401656662	21.49573266565293	5.383336587102553
0.3048609112222445	0.2958750759604937	1.881594978823366	0.1858803503825144	21.49361080231076	5.379804793471429
0.3049609312062412	0.2961842750765267	1.88534463810966	0.1860023391243556	21.49150134983471	5.376276474305143
0.3050609511902381	0.2964938160798721	1.889103081608085	0.1861243678821856	21.48940430737347	5.37275162504776
0.3051609711742349	0.296803699487878	1.892870333840845	0.1862464366560044	21.4873196741077	5.369230241150824
0.3052609911582316	0.2971139258189613	1.896646419410181	0.1863685454458119	21.48524744925001	5.365712318073317
0.3053610111422285	0.2974244955926083	1.900431362998655	0.1864906942516084	21.48318763204505	5.362197851281663
0.3054610311262252	0.2977354093293778	1.904225189369453	0.1866128830733935	21.48114022176947	5.35868683624971
0.305561051110222	0.2980466675509049	1.908027923366693	0.1867351119111674	21.47910521773188	5.355179268458705
0.3056610710942189	0.2983582707799034	1.91183958991573	0.1868573807649302	21.47708261927303	5.35167514339729
0.3057610910782156	0.2986702195401672	1.915660214023446	0.1869796896346818	21.47507242576565	5.348174456561489
0.3058611110622124	0.2989825143565752	1.919489820778578	0.1871020385204221	21.47307463661457	5.344677203454683
0.3059611310462093	0.299295155755093	1.923328435352013	0.1872244274221513	21.4710892512567	5.341183379587604
0.306061151030206	0.2996081442627749	1.927176082997089	0.1873468563398692	21.46911626916104	5.33769298047832
0.3061611710142028	0.2999214804077687	1.931032789049928	0.1874693252735759	21.46715568982873	5.334206001652216
0.3062611909981997	0.3002351647193168	1.934898578929729	0.1875918342232714	21.46520751279303	5.330722438641982
0.3063612109821964	0.3005491977277595	1.938773478139083	0.1877143831889558	21.46327173761936	5.327242286987603
0.3064612309661933	0.3008635799645385	1.942657512264298	0.1878369721706289	21.46134836390529	5.323765542236337
0.30656125095019	0.3011783119621986	1.946550706975699	0.1879596011682908	21.4594373912806	5.320292199942709
0.3066612709341868	0.3014933942543916	1.950453088027959	0.1880822701819415	21.45753881940724	5.316822255668487
0.3067612909181837	0.3018088273758789	1.954364681260413	0.188204979211581	21.45565264797942	5.313355704982676
0.3068613109021804	0.3021246118625333	1.958285512597367	0.1883277282572093	21.45377887672355	5.309892543461504
0.3069613308861772	0.3024407482513436	1.962215608048438	0.1884505173188264	21.45191750539831	5.3064327666884
0.3070613508701741	0.3027572370804167	1.966154993708864	0.1885733463964323	21.45006853379464	5.302976370253986
0.3071613708541708	0.3030740788889795	1.970103695759821	0.1886962154900269	21.4482319617358	5.299523349756066
0.3072613908381676	0.3033912742173839	1.97406174046877	0.1888191245996104	21.44640778907736	5.296073700799603
0.3073614108221644	0.3037088236071082	1.978029154189767	0.1889420737251827	21.44459601570716	5.292627418996711
0.3074614308061612	0.3040267276007598	1.982005963363787	0.1890650628667437	21.44279664154544	5.289184499966644
0.307561450790158	0.3043449867420794	1.98599219451907	0.1891880920242936	21.44100966654482	5.285744939335772
0.3076614707741548	0.3046636015759435	1.989987874271443	0.1893111611978323	21.43923509069024	5.282308732737574
0.3077614907581516	0.304982572648366	1.993993029324642	0.1894342703873597	21.43747291399912	5.278875875812631
0.3078615107421484	0.3053019005065034	1.998007686470664	0.1895574195928759	21.43572313652124	5.275446364208593
0.3079615307261452	0.3056215856986563	2.002031872590095	0.189680608814381	21.43398575833886	5.272020193580183
0.308061550710142	0.3059416287742724	2.006065614652437	0.1898038380518748	21.43226077956672	5.26859735958918
0.3081615706941389	0.3062620302839504	2.010108939716459	0.1899271073053575	21.43054820035199	5.265177857904394
0.3082615906781356	0.306582790779442	2.014161874930532	0.1900504165748289	21.42884802087441	5.261761684201667
0.3083616106621324	0.3069039108136553	2.018224447532963	0.1901737658602891	21.42716024134619	5.258348834163851
0.3084616306461292	0.3072253909406584	2.022296684852353	0.1902971551617381	21.42548486201211	5.25493930348079
0.308561650630126	0.3075472317156809	2.026378614307919	0.1904205844791759	21.42382188314954	5.251533087849325
0.3086616706141228	0.3078694336951188	2.030470263409863	0.1905440538126025	21.42217130506842	5.248130182973259
0.3087616905981196	0.3081919974365365	2.0345716597597	0.1906675631620179	21.42053312811129	5.244730584563351
0.3088617105821164	0.3085149234986694	2.038682831050611	0.1907911125274221	21.41890735265333	5.241334288337312
0.3089617305661132	0.3088382124414282	2.042803805067803	0.1909147019088151	21.41729397910241	5.237941290019777
0.30906175055011	0.3091618648259012	2.046934609688845	0.1910383313061969	21.41569300789902	5.234551585342298
0.3091617705341068	0.3094858812143573	2.051075272884031	0.1911620007195674	21.41410443951638	5.231165170043335
0.3092617905181036	0.3098102621702495	2.055225822716731	0.1912857101489268	21.41252827446046	5.227782039868233
0.3093618105021004	0.3101350082582181	2.059386287343747	0.191409459594275	21.41096451326992	5.224402190569215
0.3094618304860972	0.3104601200440927	2.063556695015666	0.1915332490556119	21.40941315651623	5.221025617905373
0.309561850470094	0.3107855980948972	2.067737074077233	0.1916570785329377	21.40787420480364	5.21765231764264
0.3096618704540908	0.311111442978851	2.071927452967688	0.1917809480262523	21.4063476587692	5.214282285553794
0.3097618904380876	0.3114376552653735	2.076127860221156	0.1919048575355556	21.40483351908284	5.210915517418432
0.3098619104220844	0.3117642355250871	2.080338324466988	0.1920288070608478	21.40333178644731	5.207552009022959
0.3099619304060812	0.312091184329819	2.08455887443013	0.1921527966021287	21.40184246159828	5.204191756160586
0.310061950390078	0.3124185022526064	2.088789538931506	0.1922768261593984	21.40036554530431	5.200834754631301
0.3101619703740748	0.3127461898676986	2.093030346888367	0.192400895732657	21.3989010383669	5.197481000241861
0.3102619903580716	0.3130742477505595	2.097281327314667	0.1925250053219043	21.39744894162054	5.194130488805791
0.3103620103420684	0.3134026764778725	2.101542509321439	0.1926491549271403	21.39600925593266	5.19078321614335
0.3104620303260652	0.3137314766275426	2.10581392211717	0.1927733445483653	21.39458198220375	5.187439178081532
0.310562050310062	0.3140606487786994	2.110095595008159	0.192897574185579	21.3931671213673	5.184098370454054
0.3106620702940588	0.3143901935117012	2.114387557398913	0.1930218438387815	21.39176467438988	5.180760789101335
0.3107620902780556	0.3147201114081378	2.11868983879252	0.1931461535079728	21.39037464227117	5.177426429870484
0.3108621102620524	0.3150504030508331	2.123002468791017	0.1932705031931529	21.38899702604393	5.174095288615297
0.3109621302460492	0.31538106902385	2.127325477095786	0.1933948928943217	21.38763182677406	5.170767361196233
0.311062150230046	0.3157121099124924	2.131658893507936	0.1935193226114794	21.38627904556068	5.167442643480402
0.3111621702140428	0.3160435263033081	2.136002747928673	0.1936437923446259	21.38493868353606	5.164121131341562
0.3112621901980396	0.3163753187840938	2.140357070359704	0.1937683020937612	21.38361074186568	5.160802820660094
0.3113622101820364	0.3167074879438965	2.144721890903614	0.1938928518588852	21.38229522174834	5.157487707322999
0.3114622301660332	0.3170400343730181	2.149097239764258	0.1940174416399981	21.38099212441605	5.154175787223878
0.31156225015003	0.3173729586630188	2.153483147247163	0.1941420714370998	21.37970145113415	5.150867056262922
0.3116622701340268	0.3177062614067189	2.157879643759897	0.1942667412501902	21.3784232032013	5.147561510346903
0.3117622901180236	0.318039943198204	2.162286759812492	0.1943914510792694	21.37715738194958	5.144259145389154
0.3118623101020204	0.3183740046328276	2.166704526017824	0.1945162009243375	21.37590398874437	5.140959957309561
0.3119623300860172	0.3187084463072138	2.171132973092008	0.1946409907853943	21.37466302498453	5.137663942034552
0.312062350070014	0.3190432688192618	2.175572131854813	0.1947658206624399	21.37343449210235	5.134371095497083
0.3121623700540108	0.319378472768149	2.180022033230055	0.1948906905554744	21.37221839156362	5.131081413636617
0.3122623900380076	0.3197140587543336	2.184482708245997	0.1950156004644976	21.37101472486759	5.12779489239913
0.3123624100220044	0.3200500273795591	2.188954188035762	0.1951405503895096	21.36982349354711	5.124511527737079
0.3124624300060012	0.3203863792468572	2.19343650383774	0.1952655403305104	21.36864469916852	5.121231315609399
0.312562449989998	0.3207231149605509	2.197929686995984	0.1953905702875	21.3674783433318	5.117954251981496
0.3126624699739948	0.3210602351262588	2.202433768960642	0.1955156402604784	21.36632442767058	5.114680332825223
0.3127624899579916	0.321397740350898	2.206948781288358	0.1956407502494456	21.36518295385211	5.11140955411887
0.3128625099419884	0.3217356312426872	2.211474755642674	0.1957659002544016	21.36405392357733	5.108141911847164
0.3129625299259852	0.3220739084111514	2.216011723794475	0.1958910902753464	21.3629373385809	5.104877402001236
0.313062549909982	0.3224125724671237	2.220559717622378	0.1960163203122799	21.36183320063124	5.101616020578631
0.3131625698939788	0.3227516240227505	2.225118769113176	0.1961415903652023	21.36074151153056	5.098357763583278
0.3132625898779756	0.323091063691494	2.229688910362243	0.1962669004341135	21.35966227311487	5.09510262702548
0.3133626098619724	0.3234308920881357	2.234270173573962	0.1963922505190134	21.35859548725401	5.091850606921918
0.3134626298459692	0.3237711098287805	2.238862591062156	0.1965176406199022	21.35754115585173	5.088601699295619
0.313562649829966	0.3241117175308599	2.243466195250513	0.1966430707367798	21.35649928084567	5.085355900175951
0.3136626698139628	0.3244527158131353	2.248081018673004	0.1967685408696461	21.3554698642074	5.082113205598619
0.3137626897979596	0.324794105295702	2.252707093974331	0.1968940510185012	21.35445290794252	5.078873611605638
0.3138627097819564	0.3251358865999932	2.257344453910356	0.1970196011833452	21.35344841409055	5.07563711424533
0.3139627297659532	0.325478060348782	2.261993131348524	0.1971451913641779	21.35245638472514	5.072403709572316
0.31406274974995	0.325820627166187	2.266653159268317	0.1972708215609994	21.35147682195397	5.069173393647492
0.3141627697339468	0.3261635876776745	2.271324570761681	0.1973964917738098	21.35050972791884	5.065946162538022
0.3142627897179436	0.3265069425100622	2.276007399033464	0.1975222020026088	21.34955510479568	5.06272201231734
0.3143628097019404	0.3268506922915245	2.280701677401882	0.1976479522473968	21.34861295479461	5.059500939065109
0.3144628296859372	0.3271948376515931	2.285407439298924	0.1977737425081735	21.34768328015996	5.056282938867239
0.314562849669934	0.3275393792211639	2.290124718270844	0.197899572784939	21.34676608317033	5.053068007815853
0.3146628696539308	0.3278843176324986	2.294853547978573	0.1980254430776933	21.34586136613856	5.049856142009287
0.3147628896379276	0.3282296535192289	2.299593962198186	0.1981513533864364	21.34496913141182	5.046647337552078
0.3148629096219244	0.3285753875163607	2.30434599482136	0.1982773037111682	21.34408938137166	5.043441590554944
0.3149629296059212	0.3289215202602772	2.309109679855814	0.1984032940518889	21.34322211843399	5.040238897134779
0.315062949589918	0.3292680523887425	2.313885051425774	0.1985293244085984	21.34236734504917	5.037039253414643
0.3151629695739148	0.329614984540906	2.318672143772432	0.1986553947812967	21.34152506370198	5.033842655523744
0.3152629895579116	0.329962317357306	2.323470991254409	0.1987815051699837	21.34069527691175	5.030649099597427
0.3153630095419084	0.3303100514798729	2.328281628348209	0.1989076555746596	21.33987798723231	5.027458581777171
0.3154630295259052	0.3306581875519333	2.333104089648691	0.1990338459953242	21.33907319725206	5.024271098210565
0.315563049509902	0.3310067262182143	2.337938409869539	0.1991600764319777	21.33828090959404	5.021086645051303
0.3156630694938988	0.3313556681248461	2.342784623843717	0.1992863468846199	21.3375011269159	5.017905218459176
0.3157630894778956	0.3317050139193672	2.34764276652396	0.1994126573532509	21.33673385190998	5.014726814600053
0.3158631094618924	0.3320547642507272	2.352512872983233	0.1995390078378708	21.33597908730338	5.01155142964587
0.3159631294458892	0.332404919769291	2.357394978415208	0.1996653983384794	21.33523683585791	5.008379059774627
0.316063149429886	0.3327554811268428	2.36228911813475	0.1997918288550769	21.33450710037022	5.005209701170364
0.3161631694138828	0.3331064489765893	2.367195327578381	0.1999182993876631	21.33378988367176	5.002043350023163
0.3162631893978796	0.3334578239731645	2.372113642304781	0.2000448099362381	21.33308518862888	4.998880002529124
0.3163632093818764	0.3338096067726334	2.377044097995263	0.2001713605008019	21.33239301814286	4.99571965489036
0.3164632293658732	0.3341617980324947	2.381986730454249	0.2002979510813545	21.33171337514989	4.992562303314988
0.31656324934987	0.3345143984116864	2.386941575609776	0.2004245816778959	21.3310462626212	4.989407944017111
0.3166632693338668	0.3348674085705889	2.39190866951398	0.2005512522904261	21.33039168356304	4.98625657321681
0.3167632893178636	0.3352208291710284	2.396888048343578	0.2006779629189451	21.32974964101673	4.983108187140137
0.3168633093018604	0.3355746608762822	2.401879748400384	0.2008047135634528	21.3291201380587	4.979962782019094
0.3169633292858572	0.3359289043510816	2.406883806111789	0.2009315042239495	21.32850317780056	4.97682035409163
0.317063349269854	0.3362835602616158	2.411900258031262	0.2010583349004348	21.32789876338911	4.973680899601628
0.3171633692538507	0.3366386292755368	2.416929140838863	0.201185205592909	21.32730689800637	4.97054441479889
0.3172633892378476	0.3369941120619628	2.42197049134174	0.201312116301372	21.32672758486967	4.967410895939127
0.3173634092218444	0.3373500092914818	2.427024346474624	0.2014390670258237	21.32616082723162	4.964280339283958
0.3174634292058411	0.3377063216361564	2.43209074330036	0.2015660577662642	21.32560662838027	4.96115274110088
0.317563449189838	0.338063049769528	2.437169719010404	0.2016930885226936	21.32506499163899	4.95802809766327
0.3176634691738348	0.3384201943666194	2.442261310925332	0.2018201592951117	21.32453592036665	4.954906405250374
0.3177634891578316	0.3387777561039405	2.44736555649537	0.2019472700835187	21.32401941795763	4.95178766014729
0.3178635091418284	0.3391357356594916	2.452482493300896	0.2020744208879144	21.32351548784179	4.948671858644963
0.3179635291258252	0.3394941337127677	2.457612159052975	0.2022016117082989	21.32302413348462	4.945558997040166
0.318063549109822	0.3398529509447625	2.462754591593869	0.2023288425446723	21.32254535838719	4.942449071635496
0.3181635690938188	0.3402121880379721	2.467909828897565	0.2024561133970344	21.32207916608629	4.939342078739363
0.3182635890778155	0.3405718456764003	2.473077909070307	0.2025834242653853	21.32162556015435	4.936238014665974
0.3183636090618124	0.3409319245455618	2.478258870351131	0.202710775149725	21.32118454419963	4.933136875735323
0.3184636290458092	0.341292425332486	2.483452751112369	0.2028381660500535	21.32075612186615	4.930038658273189
0.3185636490298059	0.3416533487257226	2.488659589860222	0.2029655969663708	21.32034029683378	4.926943358611112
0.3186636690138028	0.3420146954153447	2.493879425235269	0.2030930678986769	21.31993707281829	4.923850973086387
0.3187636889977996	0.3423764660929526	2.499112296013012	0.2032205788469718	21.31954645357137	4.920761498042063
0.3188637089817963	0.3427386614516795	2.504358241104427	0.2033481298112554	21.3191684428807	4.917674929826916
0.3189637289657932	0.3431012821861947	2.509617299556504	0.2034757207915279	21.31880304457001	4.914591264795445
0.3190637489497899	0.3434643289927076	2.514889510552782	0.2036033517877892	21.31845026249906	4.911510499307869
0.3191637689337868	0.343827802568973	2.520174913413917	0.2037310228000393	21.31811010056376	4.9084326297301
0.3192637889177836	0.3441917036142941	2.525473547598217	0.2038587338282781	21.31778256269621	4.905357652433755
0.3193638089017803	0.344556032829528	2.530785452702209	0.2039864848725058	21.31746765286467	4.902285563796117
0.3194638288857772	0.3449207909170894	2.536110668461192	0.2041142759327222	21.31716537507372	4.899216360200147
0.319563848869774	0.3452859785809546	2.541449234749788	0.2042421070089275	21.31687573336421	4.896150038034468
0.3196638688537707	0.3456515965266665	2.546801191582511	0.2043699781011215	21.31659873181335	4.893086593693345
0.3197638888377676	0.3460176454613388	2.55216657911434	0.2044978892093044	21.31633437453478	4.890026023576684
0.3198639088217644	0.3463841260936595	2.557545437641264	0.204625840333476	21.3160826656786	4.886968324090025
0.3199639288057611	0.3467510391338967	2.562937807600869	0.2047538314736363	21.31584360943138	4.883913491644516
0.320063948789758	0.347118385293902	2.568343729572911	0.2048818626297856	21.31561721001626	4.880861522656914
0.3201639687737547	0.3474861652871151	2.573763244279876	0.2050099338019236	21.31540347169299	4.877812413549576
0.3202639887577515	0.3478543798285682	2.57919639258757	0.2051380449900504	21.31520239875798	4.874766160750445
0.3203640087417484	0.3482230296348909	2.584643215505701	0.2052661961941661	21.31501399554431	4.871722760693031
0.3204640287257451	0.3485921154243134	2.59010375418844	0.2053943874142704	21.31483826642186	4.86868220981642
0.3205640487097419	0.3489616379166728	2.59557804993504	0.2055226186503636	21.31467521579725	4.865644504565244
0.3206640686937388	0.3493315978334162	2.601066144190401	0.2056508899024456	21.31452484811403	4.862609641389682
0.3207640886777355	0.3497019958976051	2.606568078545657	0.2057792011705164	21.31438716785258	4.859577616745447
0.3208641086617324	0.3500728328339214	2.612083894738794	0.205907552454576	21.31426217953029	4.856548427093775
0.3209641286457292	0.3504441093686695	2.617613634655212	0.2060359437546243	21.31414988770155	4.853522068901416
0.3210641486297259	0.3508158262297838	2.623157340328363	0.2061643750706615	21.31405029695778	4.850498538640619
0.3211641686137228	0.3511879841468307	2.628715053940321	0.2062928464026875	21.31396341192754	4.847477832789128
0.3212641885977195	0.3515605838510141	2.634286817822395	0.2064213577507022	21.31388923727657	4.844459947830171
0.3213642085817163	0.3519336260751805	2.639872674455744	0.2065499091147057	21.31382777770778	4.841444880252445
0.3214642285657132	0.3523071115538232	2.645472666471989	0.2066785004946982	21.31377903796139	4.838432626550107
0.3215642485497099	0.3526810410230861	2.651086836653799	0.2068071318906793	21.31374302281491	4.835423183222773
0.3216642685337067	0.3530554152207699	2.656715227935547	0.2069358033026492	21.31371973708329	4.83241654677549
0.3217642885177036	0.3534302348863357	2.662357883403902	0.2070645147306079	21.31370918561885	4.829412713718743
0.3218643085017003	0.3538055007609094	2.668014846298449	0.2071932661745554	21.31371137331143	4.826411680568439
0.3219643284856971	0.3541812135872874	2.673686160012325	0.2073220576344917	21.31372630508838	4.82341344384589
0.322064348469694	0.3545573741099408	2.679371868092852	0.2074508891104169	21.31375398591468	4.820418000077813
0.3221643684536907	0.3549339830750193	2.685072014242136	0.2075797606023308	21.31379442079294	4.817425345796316
0.3222643884376875	0.3553110412303573	2.690786642317739	0.2077086721102335	21.31384761476349	4.814435477538887
0.3223644084216843	0.3556885493254784	2.696515796333295	0.207837623634125	21.31391357290442	4.811448391848382
0.3224644284056811	0.3560665081115986	2.702259520459135	0.2079666151740053	21.31399230033162	4.808464085273022
0.322564448389678	0.3564449183416334	2.708017859022966	0.2080956467298744	21.31408380219889	4.805482554366376
0.3226644683736747	0.3568237807702004	2.713790856510473	0.2082247183017323	21.31418808369792	4.802503795687358
0.3227644883576715	0.3572030961536259	2.719578557566005	0.208353829889579	21.31430515005843	4.799527805800205
0.3228645083416684	0.3575828652499489	2.725381006993203	0.2084829814934145	21.31443500654814	4.796554581274481
0.3229645283256651	0.3579630888189252	2.731198249755652	0.2086121731132387	21.31457765847293	4.793584118685062
0.3230645483096619	0.3583437676220341	2.737030330977555	0.2087414047490518	21.31473311117679	4.790616414612122
0.3231645682936587	0.3587249024224816	2.742877295944381	0.2088706764008537	21.31490137004196	4.787651465641124
0.3232645882776555	0.3591064939852056	2.748739190103525	0.2089999880686443	21.31508244048893	4.784689268362821
0.3233646082616523	0.3594885430768817	2.754616059064985	0.2091293397524237	21.31527632797657	4.781729819373231
0.3234646282456491	0.3598710504659275	2.760507948602027	0.209258731452192	21.31548303800211	4.778773115273633
0.3235646482296459	0.3602540169225069	2.766414904651843	0.209388163167949	21.31570257610124	4.775819152670564
0.3236646682136427	0.3606374432185362	2.772336973316254	0.2095176348996948	21.31593494784818	4.772867928175799
0.3237646881976395	0.3610213301276888	2.77827420086237	0.2096471466474295	21.31618015885571	4.769919438406347
0.3238647081816363	0.3614056784253989	2.784226633723263	0.2097766984111529	21.31643821477526	4.766973679984442
0.3239647281656332	0.3617904888888689	2.790194318498685	0.2099062901908652	21.31670912129696	4.764030649537527
0.3240647481496299	0.3621757622970721	2.796177301955717	0.2100359219865661	21.31699288414966	4.761090343698254
0.3241647681336267	0.3625614994307589	2.802175631029484	0.2101655937982559	21.31728950910107	4.758152759104466
0.3242647881176235	0.3629477010724621	2.808189352823855	0.2102953056259346	21.31759900195777	4.755217892399189
0.3243648081016203	0.3633343680065009	2.814218514612113	0.210425057469602	21.31792136856527	4.752285740230628
0.3244648280856171	0.363721501018987	2.820263163837688	0.2105548493292581	21.3182566148081	4.749356299252153
0.3245648480696139	0.3641091008978293	2.826323348114834	0.2106846812049032	21.31860474660983	4.746429566122283
0.3246648680536107	0.364497168432739	2.83239911522936	0.2108145530965369	21.31896576993321	4.743505537504693
0.3247648880376075	0.3648857044152345	2.838490513139321	0.2109444650041595	21.31933969078013	4.740584210068189
0.3248649080216043	0.3652747096386477	2.844597589975755	0.2110744169277709	21.31972651519176	4.737665580486703
0.3249649280056011	0.365664184898127	2.850720394043368	0.211204408867371	21.32012624924861	4.73474964543929
0.3250649479895979	0.3660541309906449	2.856858973821289	0.21133444082296	21.32053889907055	4.731836401610112
0.3251649679735947	0.3664445487150021	2.863013377963783	0.2114645127945378	21.32096447081688	4.728925845688424
0.3252649879575915	0.3668354388718321	2.86918365530096	0.2115946247821043	21.32140297068647	4.726017974368578
0.3253650079415883	0.3672268022636072	2.875369854839531	0.2117247767856596	21.32185440491772	4.723112784350004
0.3254650279255851	0.3676186396946446	2.881572025763543	0.2118549688052038	21.32231877978871	4.7202102723372
0.3255650479095819	0.3680109519711093	2.887790217435086	0.2119852008407367	21.3227961016172	4.717310435039729
0.3256650678935787	0.3684037399010225	2.894024479395084	0.2121154728922585	21.32328637676077	4.714413269172202
0.3257650878775755	0.3687970042942635	2.900274861363985	0.212245784959769	21.32378961161677	4.711518771454279
0.3258651078615723	0.3691907459625782	2.906541413242559	0.2123761370432683	21.32430581262254	4.708626938610649
0.3259651278455691	0.3695849657195828	2.912824185112625	0.2125065291427565	21.32483498625538	4.705737767371023
0.3260651478295659	0.3699796643807687	2.919123227237798	0.2126369612582333	21.32537713903257	4.702851254470135
0.3261651678135627	0.3703748427635096	2.925438590064276	0.212767433389699	21.32593227751158	4.699967396647716
0.3262651877975595	0.3707705016870655	2.931770324221586	0.2128979455371536	21.32650040829005	4.697086190648498
0.3263652077815563	0.3711666419725885	2.938118480523342	0.2130284977005968	21.32708153800582	4.694207633222202
0.3264652277655531	0.3715632644431284	2.94448310996804	0.2131590898800289	21.3276756733371	4.691331721123524
0.3265652477495499	0.3719603699236386	2.950864263739812	0.2132897220754499	21.32828282100248	4.688458451112129
0.3266652677335467	0.3723579592409802	2.957261993209204	0.2134203942868595	21.32890298776098	4.685587819952645
0.3267652877175435	0.3727560332239291	2.963676349933972	0.213551106514258	21.32953618041216	4.682719824414649
0.3268653077015403	0.3731545927031806	2.970107385659854	0.2136818587576453	21.3301824057962	4.679854461272657
0.3269653276855371	0.3735536385113551	2.976555152321361	0.2138126510170213	21.33084167079392	4.676991727306125
0.3270653476695339	0.3739531714830038	2.98301970204257	0.2139434832923861	21.3315139823269	4.674131619299423
0.3271653676535307	0.3743531924546146	2.989501087137934	0.2140743555837399	21.33219934735752	4.671274134041843
0.3272653876375275	0.3747537022646164	2.995999360113043	0.2142052678910823	21.33289777288902	4.668419268327582
0.3273654076215243	0.3751547017533866	3.002514573665481	0.2143362202144136	21.33360926596565	4.665567018955728
0.3274654276055211	0.3755561917632551	3.009046780685586	0.2144672125537336	21.33433383367261	4.662717382730265
0.3275654475895179	0.3759581731385112	3.015596034257295	0.2145982449090424	21.33507148313627	4.659870356460048
0.3276654675735147	0.3763606467254085	3.022162387658946	0.2147293172803401	21.33582222152414	4.657025936958804
0.3277654875575115	0.3767636133721705	3.028745894364086	0.2148604296676264	21.33658605604498	4.654184121045126
0.3278655075415083	0.3771670739289974	3.03534660804232	0.2149915820709017	21.33736299394886	4.65134490554245
0.3279655275255051	0.3775710292480706	3.041964582560118	0.2151227744901657	21.33815304252725	4.648508287279062
0.3280655475095019	0.3779754801835588	3.048599871981647	0.2152540069254185	21.3389562091131	4.64567426308808
0.3281655674934987	0.3783804275916243	3.055252530569616	0.2153852793766601	21.33977250108088	4.642842829807447
0.3282655874774955	0.3787858723304284	3.061922612786117	0.2155165918438905	21.3406019258467	4.640013984279921
0.3283656074614923	0.3791918152601371	3.068610173293444	0.2156479443271097	21.34144449086834	4.637187723353073
0.3284656274454891	0.3795982572429272	3.075315266954973	0.2157793368263176	21.34230020364537	4.634364043879268
0.3285656474294859	0.3800051991429922	3.082037948835993	0.2159107693415145	21.3431690717192	4.63154294271566
0.3286656674134827	0.3804126418265477	3.088778274204558	0.2160422418727	21.34405110267314	4.628724416724191
0.3287656873974795	0.3808205861618382	3.095536298532367	0.2161737544198745	21.34494630413255	4.625908462771569
0.3288657073814763	0.3812290330191416	3.102312077495599	0.2163053069830376	21.34585468376481	4.623095077729271
0.3289657273654731	0.381637983270777	3.109105666975808	0.2164368995621895	21.34677624927949	4.620284258473527
0.3290657473494699	0.3820474377911093	3.115917123060783	0.2165685321573303	21.34771100842837	4.61747600188531
0.3291657673334667	0.3824573974565555	3.122746502045415	0.2167002047684599	21.34865896900557	4.614670304850341
0.3292657873174635	0.3828678631455907	3.129593860432591	0.2168319173955782	21.34962013884757	4.61186716425906
0.3293658073014603	0.3832788357387548	3.136459254934081	0.2169636700386854	21.35059452583334	4.609066577006632
0.3294658272854571	0.3836903161186568	3.143342742471399	0.2170954626977813	21.35158213788438	4.606268539992937
0.3295658472694539	0.3841023051699834	3.150244380176736	0.217227295372866	21.35258298296484	4.603473050122552
0.3296658672534507	0.3845148037795031	3.157164225393831	0.2173591680639396	21.35359706908156	4.600680104304754
0.3297658872374475	0.3849278128360725	3.164102335678873	0.2174910807710018	21.35462440428417	4.597889699453506
0.3298659072214443	0.3853413332306438	3.171058768801422	0.217623033494053	21.35566499666519	4.595101832487448
0.3299659272054411	0.3857553658562697	3.178033582745308	0.2177550262330929	21.35671885436009	4.592316500329887
0.3300659471894379	0.3861699116081091	3.185026835709537	0.2178870589881216	21.35778598554734	4.589533699908797
0.3301659671734347	0.3865849713834355	3.192038586109241	0.2180191317591391	21.35886639844857	4.5867534281568
0.3302659871574315	0.3870005460816413	3.199068892576572	0.2181512445461454	21.35996010132858	4.583975682011159
0.3303660071414283	0.387416636604244	3.206117813961632	0.2182833973491405	21.36106710249546	4.581200458413782
0.3304660271254251	0.3878332438548939	3.21318540933343	0.2184155901681244	21.36218741030068	4.578427754311194
0.3305660471094219	0.388250368739379	3.220271737980788	0.2185478230030971	21.36332103313917	4.575657566654549
0.3306660670934187	0.3886680121656321	3.227376859413306	0.2186800958540585	21.36446797944931	4.5728898923996
0.3307660870774155	0.3890861750437373	3.234500833362304	0.2188124087210088	21.36562825771322	4.570124728506712
0.3308661070614123	0.389504858285935	3.241643719781755	0.2189447616039479	21.36680187645663	4.567362071940837
0.3309661270454091	0.3899240628066298	3.248805578849263	0.2190771545028757	21.36798884424911	4.564601919671517
0.3310661470294059	0.3903437895223968	3.255986470967019	0.2192095874177924	21.36918916970408	4.561844268672866
0.3311661670134027	0.3907640393519866	3.263186456762748	0.2193420603486978	21.37040286147893	4.559089115923574
0.3312661869973995	0.3911848132163334	3.270405597090702	0.2194745732955921	21.37162992827511	4.556336458406884
0.3313662069813963	0.3916061120385606	3.277643953032622	0.2196071262584751	21.37287037883816	4.553586293110594
0.3314662269653931	0.3920279367439873	3.284901585898713	0.2197397192373469	21.37412422195789	4.550838617027049
0.3315662469493899	0.3924502882601353	3.292178557228643	0.2198723522322076	21.37539146646841	4.548093427153125
0.3316662669333867	0.3928731675167352	3.299474928792514	0.220005025243057	21.37667212124821	4.545350720490228
0.3317662869173835	0.3932965754457329	3.30679076259187	0.2201377382698952	21.3779661952203	4.542610494044284
0.3318663069013803	0.3937205129812969	3.31412612086068	0.2202704913127223	21.3792736973522	4.539872744825727
0.3319663268853771	0.3941449810598237	3.321481066066357	0.2204032843715381	21.38059463665618	4.5371374698495
0.3320663468693739	0.3945699806199455	3.328855660910755	0.2205361174463426	21.3819290221892	4.534404666135035
0.3321663668533707	0.394995512602537	3.336249968331194	0.2206689905371361	21.38327686305309	4.53167433070625
0.3322663868373675	0.3954215779507204	3.343664051501456	0.2208019036439182	21.38463816839463	4.52894646059155
0.3323664068213643	0.3958481776098743	3.35109797383283	0.2209348567666892	21.38601294740559	4.526221052823802
0.3324664268053611	0.3962753125276391	3.358551798975135	0.2210678499054491	21.3874012093229	4.523498104440338
0.3325664467893579	0.3967029836539237	3.366025590817737	0.2212008830601976	21.38880296342868	4.520777612482949
0.3326664667733547	0.3971311919409131	3.373519413490611	0.2213339562309349	21.39021821905034	4.518059573997865
0.3327664867573515	0.3975599383430748	3.381033331365376	0.2214670694176612	21.39164698556072	4.515343986035758
0.3328665067413483	0.397989223817165	3.38856740905632	0.2216002226203761	21.3930892723781	4.512630845651732
0.332966526725345	0.3984190493222364	3.396121711421491	0.2217334158390798	21.39454508896641	4.509920149905313
0.3330665467093419	0.3988494158196451	3.40369630356374	0.2218666490737724	21.3960144448352	4.507211895860436
0.3331665666933387	0.399280324273056	3.411291250831766	0.2219999223244538	21.3974973495398	4.504506080585452
0.3332665866773354	0.3997117756484519	3.418906618821213	0.2221332355911239	21.39899381268144	4.501802701153102
0.3333666066613323	0.4001437709141391	3.426542473375739	0.2222665888737829	21.40050384390727	4.499101754640522
0.3334666266453291	0.4005763110407539	3.434198880588071	0.2223999821724306	21.40202745291052	4.496403238129231
0.3335666466293259	0.4010093970012716	3.441875906801132	0.2225334154870671	21.40356464943059	4.493707148705119
0.3336666666133227	0.4014430297710112	3.449573618609082	0.2226668888176924	21.40511544325307	4.491013483458448
0.3337666865973195	0.4018772103276438	3.45729208285846	0.2228004021643065	21.40667984420998	4.488322239483838
0.3338667065813163	0.4023119396512002	3.465031366649264	0.2229339555269095	21.40825786217971	4.485633413880255
0.3339667265653131	0.402747218724076	3.472791537336043	0.2230675489055012	21.40984950708724	4.482947003751018
0.3340667465493098	0.4031830485310406	3.480572662529039	0.2232011823000817	21.41145478890419	4.480263006203772
0.3341667665333067	0.4036194300592438	3.488374810095285	0.223334855710651	21.41307371764889	4.477581418350496
0.3342667865173035	0.4040563642982222	3.496198048159728	0.2234685691372091	21.41470630338654	4.474902237307488
0.3343668065013002	0.4044938522399079	3.504042445106369	0.2236023225797559	21.41635255622925	4.472225460195359
0.3344668264852971	0.4049318948786347	3.511908069579396	0.2237361160382916	21.41801248633619	4.46955108413902
0.3345668464692939	0.4053704932111447	3.519794990484302	0.2238699495128161	21.41968610391369	4.466879106267687
0.3346668664532906	0.4058096482365977	3.52770327698906	0.2240038230033293	21.42137341921527	4.464209523714858
0.3347668864372875	0.4062493609565767	3.535632998525267	0.2241377365098315	21.42307444254185	4.461542333618313
0.3348669064212842	0.4066896323750951	3.543584224789271	0.2242716900323223	21.42478918424176	4.458877533120114
0.334966926405281	0.4071304634986063	3.551557025743384	0.2244056835708019	21.42651765471085	4.45621511936658
0.3350669463892779	0.4075718553360083	3.559551471617018	0.2245397171252704	21.42825986439271	4.453555089508291
0.3351669663732746	0.4080138088986526	3.567567632907852	0.2246737906957276	21.43001582377861	4.450897440700082
0.3352669863572715	0.4084563252003521	3.57560558038305	0.2248079042821737	21.43178554340768	4.448242170101025
0.3353670063412683	0.4088994052573867	3.583665385080397	0.2249420578846085	21.43356903386706	4.445589274874435
0.335467026325265	0.409343050088513	3.591747118309536	0.2250762515030321	21.43536630579191	4.442938752187849
0.3355670463092619	0.4097872607149706	3.599850851653145	0.2252104851374446	21.43717736986558	4.440290599213025
0.3356670662932587	0.4102320381604895	3.607976656968134	0.2253447587878458	21.43900223681971	4.437644813125941
0.3357670862772554	0.4106773834512984	3.616124606386874	0.2254790724542358	21.44084091743431	4.435001391106771
0.3358671062612523	0.4111232976161318	3.624294772318397	0.2256134261366146	21.44269342253789	4.432360330339892
0.335967126245249	0.4115697816862377	3.632487227449621	0.2257478198349822	21.44455976300755	4.429721628013874
0.3360671462292458	0.4120168366953857	3.640702044746591	0.2258822535493386	21.4464399497691	4.427085281321464
0.3361671662132427	0.4124644636798742	3.648939297455699	0.2260167272796838	21.44833399379716	4.424451287459589
0.3362671861972394	0.4129126636785379	3.657199059104925	0.2261512410260178	21.45024190611529	4.421819643629345
0.3363672061812362	0.4133614377327564	3.665481403505092	0.2262857947883406	21.45216369779607	4.419190347035983
0.3364672261652331	0.4138107868864617	3.673786404751121	0.2264203885666522	21.45409937996121	4.416563394888912
0.3365672461492298	0.4142607121861449	3.682114137223267	0.2265550223609525	21.45604896378169	4.413938784401688
0.3366672661332267	0.414711214680866	3.690464675588421	0.2266896961712417	21.45801246047786	4.411316512791999
0.3367672861172235	0.4151622954222597	3.698838094801348	0.2268244099975197	21.4599898813195	4.408696577281673
0.3368673061012202	0.4156139554645453	3.707234470105991	0.2269591638397864	21.46198123762604	4.406078975096655
0.3369673260852171	0.4160661958645331	3.715653877036743	0.227093957698042	21.46398654076654	4.403463703467007
0.3370673460692138	0.4165190176816327	3.724096391419734	0.2272287915722863	21.46600580215993	4.400850759626905
0.3371673660532106	0.4169724219778614	3.73256208937414	0.2273636654625195	21.46803903327502	4.398240140814621
0.3372673860372075	0.4174264098178523	3.741051047313489	0.2274985793687414	21.47008624563069	4.395631844272524
0.3373674060212042	0.4178809822688615	3.749563341946954	0.2276335332909522	21.47214745079593	4.39302586724707
0.337467426005201	0.4183361404007767	3.758099050280685	0.2277685272291516	21.47422266039002	4.390422206988798
0.3375674459891979	0.4187918852861257	3.766658249619143	0.22790356118334	21.47631188608263	4.387820860752311
0.3376674659731946	0.4192482180000836	3.775241017566399	0.2280386351535171	21.47841513959391	4.385221825796289
0.3377674859571914	0.419705139620482	3.783847432027508	0.228173749139683	21.48053243269463	4.382625099383461
0.3378675059411883	0.4201626512278162	3.792477571209826	0.2283089031418377	21.48266377720627	4.380030678780609
0.337967525925185	0.4206207539052541	3.801131513624378	0.2284440971599812	21.4848091850012	4.377438561258565
0.3380675459091818	0.421079448738644	3.809809338087202	0.2285793311941135	21.48696866800268	4.374848744092189
0.3381675658931786	0.4215387368165238	3.818511123720736	0.2287146052442346	21.48914223818513	4.372261224560375
0.3382675858771754	0.4219986192301274	3.827236949955158	0.2288499193103445	21.49132990757412	4.369675999946039
0.3383676058611723	0.4224590970733957	3.835986896529802	0.2289852733924432	21.49353168824655	4.367093067536111
0.338467625845169	0.4229201714429822	3.844761043494505	0.2291206674905307	21.49574759233078	4.364512424621533
0.3385676458291658	0.4233818434382637	3.853559471211035	0.2292561016046069	21.4979776320067	4.361934068497241
0.3386676658131627	0.4238441141613475	3.862382260354472	0.229391575734672	21.50022181950591	4.35935799646217
0.3387676857971594	0.4243069847170798	3.87122949191461	0.2295270898807259	21.50248016711176	4.356784205819242
0.3388677057811562	0.4247704562130549	3.880101247197391	0.2296626440427685	21.50475268715959	4.354212693875356
0.338967725765153	0.4252345297596238	3.888997607826319	0.2297982382208	21.50703939203675	4.351643457941384
0.3390677457491498	0.4256992064699011	3.897918655743863	0.2299338724148202	21.50934029418275	4.349076495332167
0.3391677657331466	0.426164487459776	3.906864473212942	0.2300695466248292	21.51165540608942	4.346511803366502
0.3392677857171434	0.4266303738479196	3.915835142818333	0.2302052608508271	21.51398474030099	4.343949379367135
0.3393678057011402	0.4270968667557928	3.924830747468115	0.2303410150928137	21.51632830941422	4.341389220660765
0.339467825685137	0.4275639673076568	3.933851370395164	0.2304768093507891	21.51868612607855	4.338831324578019
0.3395678456691338	0.4280316766305813	3.942897095158596	0.2306126436247534	21.52105820299622	4.33627568845346
0.3396678656531306	0.4284999958544514	3.951968005645223	0.2307485179147064	21.52344455292237	4.333722309625577
0.3397678856371274	0.4289689261119791	3.961064186071068	0.2308844322206482	21.5258451886652	4.331171185436768
0.3398679056211242	0.429438468538711	3.970185720982846	0.2310203865425788	21.52826012308607	4.32862231323335
0.339967925605121	0.4299086242730359	3.979332695259421	0.2311563808804982	21.53068936909964	4.326075690365536
0.3400679455891178	0.4303793944561964	3.988505194113379	0.2312924152344064	21.53313293967402	4.323531314187439
0.3401679655731146	0.4308507802322946	3.997703303092459	0.2314284896043034	21.53559084783083	4.320989182057061
0.3402679855571114	0.431322782748304	4.006927108081149	0.2315646039901892	21.53806310664544	4.318449291336286
0.3403680055411082	0.4317954031540768	4.016176695302161	0.2317007583920638	21.54054972924698	4.315911639390871
0.340468025525105	0.4322686426023531	4.025452151317978	0.2318369528099271	21.54305072881854	4.313376223590446
0.3405680455091018	0.4327425022487704	4.034753563032414	0.2319731872437793	21.54556611859734	4.310843041308502
0.3406680654930986	0.433216983251873	4.044081017692147	0.2321094616936203	21.54809591187473	4.308312089922381
0.3407680854770954	0.4336920867731193	4.053434602888268	0.23224577615945	21.55064012199647	4.305783366813279
0.3408681054610922	0.4341678139768934	4.062814406557878	0.2323821306412685	21.55319876236276	4.303256869366233
0.340968125445089	0.434644166030513	4.072220516985645	0.2325185251390759	21.55577184642842	4.300732594970106
0.3410681454290858	0.4351211441042382	4.081653022805377	0.2326549596528721	21.55835938770302	4.298210541017604
0.3411681654130826	0.4355987493712818	4.09111201300163	0.232791434182657	21.560961399751	4.295690704905242
0.3412681853970794	0.4360769830078187	4.10059757691131	0.2329279487284308	21.5635778961918	4.293173084033354
0.3413682053810762	0.4365558461929931	4.110109804225252	0.2330645032901933	21.56620889070006	4.290657675806083
0.341468225365073	0.4370353401089314	4.119648784989878	0.2332010978679446	21.56885439700565	4.288144477631373
0.3415682453490698	0.4375154659407478	4.129214609608773	0.2333377324616847	21.57151442889388	4.28563348692096
0.3416682653330666	0.4379962248765569	4.138807368844365	0.2334744070714136	21.57418900020565	4.283124701090371
0.3417682853170634	0.4384776181074818	4.148427153819541	0.2336111216971314	21.57687812483753	4.280618117558911
0.3418683053010602	0.4389596468276628	4.158074056019283	0.2337478763388378	21.57958181674193	4.278113733749663
0.341968325285057	0.4394423122342683	4.167748167292356	0.2338846709965331	21.58230008992725	4.275611547089476
0.3420683452690538	0.4399256155275048	4.17744957985297	0.2340215056702172	21.58503295845799	4.27311155500896
0.3421683652530506	0.440409557910624	4.187178386282429	0.2341583803598901	21.58778043645495	4.270613754942481
0.3422683852370474	0.4408941405899353	4.196934679530838	0.2342952950655518	21.59054253809528	4.268118144328153
0.3423684052210442	0.441379364774814	4.206718552918799	0.2344322497872023	21.59331927761269	4.265624720607831
0.342468425205041	0.441865231677711	4.216530100139094	0.2345692445248415	21.59611066929759	4.263133481227106
0.3425684451890378	0.4423517425141633	4.226369415258411	0.2347062792784696	21.5989167274972	4.260644423635297
0.3426684651730346	0.4428388985028036	4.236236592719068	0.2348433540480865	21.60173746661574	4.258157545285442
0.3427684851570314	0.4433267008653688	4.246131727340707	0.2349804688336921	21.6045729011145	4.255672843634302
0.3428685051410282	0.4438151508267123	4.256054914322078	0.2351176236352865	21.60742304551208	4.25319031614234
0.342968525125025	0.4443042496148123	4.266006249242761	0.2352548184528698	21.61028791438443	4.250709960273722
0.3430685451090218	0.4447939984607814	4.275985828064913	0.2353920532864418	21.61316752236514	4.248231773496316
0.3431685650930186	0.4452843985988784	4.285993747135056	0.2355293281360027	21.61606188414539	4.245755753281671
0.3432685850770154	0.4457754512665163	4.296030103185834	0.2356666430015523	21.61897101447431	4.243281897105026
0.3433686050610122	0.4462671577042736	4.306094993337801	0.2358039978830907	21.62189492815897	4.240810202445296
0.343468625045009	0.4467595191559046	4.316188515101223	0.235941392780618	21.62483364006459	4.238340666785059
0.3435686450290058	0.4472525368683481	4.326310766377858	0.236078827694134	21.62778716511471	4.235873287610567
0.3436686650130026	0.4477462120917393	4.336461845462785	0.2362163026236388	21.63075551829128	4.233408062411724
0.3437686849969994	0.448240546079419	4.346641851046232	0.2363538175691324	21.63373871463487	4.230944988682083
0.3438687049809962	0.448735540087944	4.35685088221538	0.2364913725306148	21.6367367692448	4.228484063918847
0.343968724964993	0.4492311953770977	4.367089038456224	0.236628967508086	21.63974969727926	4.226025285622854
0.3440687449489898	0.4497275132099007	4.377356419655437	0.236766602501546	21.64277751395555	4.223568651298573
0.3441687649329866	0.4502244948526196	4.387653126102173	0.2369042775109948	21.64582023455013	4.221114158454103
0.3442687849169834	0.4507221415747798	4.397979258489999	0.2370419925364323	21.64887787439879	4.218661804601159
0.3443688049009802	0.4512204546491744	4.408334917918758	0.2371797475778587	21.65195044889693	4.216211587255067
0.344468824884977	0.4517194353518745	4.418720205896419	0.2373175426352739	21.65503797349953	4.213763503934766
0.3445688448689738	0.452219084962241	4.429135224341027	0.2374553777086778	21.65814046372144	4.211317552162791
0.3446688648529706	0.4527194047629346	4.4395800755826	0.2375932527980706	21.66125793513749	4.208873729465269
0.3447688848369674	0.4532203960399253	4.450054862365012	0.2377311679034522	21.66439040338265	4.206432033371922
0.3448689048209642	0.4537220600825053	4.460559687847978	0.2378691230248225	21.66753788415218	4.203992461416046
0.344968924804961	0.4542243981832976	4.471094655608944	0.2380071181621817	21.67070039320179	4.201555011134519
0.3450689447889578	0.4547274116382681	4.481659869645074	0.2381451533155296	21.67387794634786	4.199119680067785
0.3451689647729546	0.4552311017467365	4.4922554343752	0.2382832284848664	21.67707055946748	4.196686465759847
0.3452689847569514	0.455735469811385	4.50288145464176	0.2384213436701919	21.68027824849871	4.194255365758275
0.3453690047409482	0.4562405171382723	4.513538035712837	0.2385594988715062	21.68350102944072	4.191826377614182
0.345469024724945	0.4567462450368425	4.52422528328411	0.2386976940888093	21.68673891835393	4.189399498882223
0.3455690447089418	0.4572526548199359	4.534943303480848	0.2388359293221012	21.68999193136017	4.186974727120601
0.3456690646929386	0.4577597478038016	4.545692202859973	0.2389742045713819	21.69326008464292	4.184552059891045
0.3457690846769354	0.4582675253081074	4.556472088412038	0.2391125198366514	21.69654339444734	4.182131494758807
0.3458691046609322	0.4587759886559504	4.56728306756326	0.2392508751179097	21.69984187708054	4.179713029292667
0.345969124644929	0.4592851391738695	4.5781252481776	0.2393892704151568	21.70315554891173	4.177296661064913
0.3460691446289258	0.4597949781918559	4.588998738558796	0.2395277057283927	21.70648442637237	4.174882387651341
0.3461691646129226	0.4603055070433638	4.599903647452418	0.2396661810576174	21.70982852595632	4.172470206631253
0.3462691845969194	0.4608167270653226	4.610840084047979	0.2398046964028309	21.71318786422004	4.17006011558744
0.3463692045809162	0.4613286395981476	4.621808157980993	0.2399432517640331	21.71656245778275	4.16765211210619
0.346469224564913	0.4618412459857517	4.632807979335089	0.2400818471412242	21.71995232332656	4.165246193777269
0.3465692445489098	0.4623545475755568	4.643839658644137	0.2402204825344041	21.72335747759675	4.162842358193919
0.3466692645329066	0.4628685457185044	4.654903306894329	0.2403591579435727	21.72677793740179	4.160440602952862
0.3467692845169034	0.4633832417690683	4.665999035526355	0.2404978733687302	21.73021371961365	4.158040925654277
0.3468693045009002	0.4638986370852659	4.677126956437531	0.2406366288098764	21.73366484116787	4.155643323901806
0.346969324484897	0.4644147330286685	4.68828718198395	0.2407754242670115	21.73713131906378	4.153247795302544
0.3470693444688938	0.4649315309644148	4.699479824982665	0.2409142597401353	21.7406131703647	4.150854337467034
0.3471693644528906	0.4654490322612218	4.710704998713871	0.241053135229248	21.74411041219807	4.148462948009257
0.3472693844368874	0.4659672382913949	4.721962816923054	0.2411920507343494	21.74762306175559	4.146073624546636
0.3473694044208842	0.4664861504308429	4.733253393823263	0.2413310062554395	21.75115113629352	4.143686364700019
0.347469424404881	0.4670057700590872	4.744576844097279	0.2414700017925186	21.75469465313276	4.141301166093679
0.3475694443888778	0.4675260985592745	4.755933282899842	0.2416090373455864	21.758253629659	4.138918026355307
0.3476694643728745	0.4680471373181887	4.767322825859919	0.241748112914643	21.76182808332302	4.136536943116005
0.3477694843568714	0.4685688877262635	4.77874558908294	0.2418872284996884	21.76541803164078	4.134157914010281
0.3478695043408682	0.4690913511775924	4.790201689153035	0.2420263841007226	21.76902349219357	4.131780936676046
0.347969524324865	0.4696145290699437	4.801691243135367	0.2421655797177456	21.7726444826283	4.1294060087546
0.3480695443088618	0.4701384228047691	4.813214368578355	0.2423048153507574	21.77628102065759	4.127033127890639
0.3481695642928586	0.4706630337872196	4.824771183516035	0.2424440909997579	21.77993312405998	4.124662291732235
0.3482695842768554	0.4711883634261547	4.83636180647034	0.2425834066647474	21.78360081068015	4.122293497930836
0.3483696042608522	0.4717144131341556	4.84798635645341	0.2427227623457255	21.78728409842903	4.119926744141269
0.348469624244849	0.4722411843275381	4.859644952969966	0.2428621580426925	21.79098300528405	4.117562028021719
0.3485696442288458	0.4727686784263645	4.871337716019652	0.2430015937556483	21.79469754928929	4.115199347233731
0.3486696642128426	0.4732968968544553	4.883064766099372	0.2431410694845928	21.7984277485557	4.112838699442208
0.3487696841968393	0.4738258410394027	4.894826224205692	0.2432805852295261	21.80217362126124	4.110480082315395
0.3488697041808362	0.4743555124125828	4.906622211837229	0.2434201409904483	21.80593518565108	4.108123493524883
0.348969724164833	0.4748859124091671	4.918452850997032	0.2435597367673592	21.80971246003787	4.105768930745599
0.3490697441488297	0.4754170424681367	4.930318264195017	0.2436993725602589	21.81350546280179	4.1034163916558
0.3491697641328266	0.4759489040322941	4.942218574450394	0.2438390483691475	21.81731421239083	4.101065873937064
0.3492697841168234	0.4764814985482751	4.954153905294083	0.2439787641940248	21.821138727321	4.098717375274298
0.3493698041008202	0.4770148274665638	4.966124380771218	0.244118520034891	21.82497902617644	4.09637089335571
0.349469824084817	0.477548892241502	4.978130125443545	0.2442583158917458	21.82883512760969	4.094026425872826
0.3495698440688138	0.4780836943313056	4.990171264391977	0.2443981517645895	21.83270705034183	4.09168397052047
0.3496698640528106	0.4786192351980755	5.00224792321905	0.2445380276534221	21.83659481316273	4.089343524996759
0.3497698840368074	0.4791555163078098	5.014360228051411	0.2446779435582433	21.84049843493118	4.087005087003108
0.3498699040208041	0.4796925391304191	5.026508305542389	0.2448178994790534	21.84441793457513	4.084668654244212
0.349969924004801	0.4802303051397379	5.038692282874507	0.2449578954158523	21.84835333109189	4.082334224428046
0.3500699439887978	0.4807688158135375	5.050912287762015	0.24509793136864	21.85230464354831	4.080001795265861
0.3501699639727945	0.4813080726335404	5.063168448453488	0.2452380073374165	21.85627189108099	4.077671364472174
0.3502699839567914	0.4818480770854327	5.075460893734378	0.2453781233221818	21.86025509289646	4.075342929764765
0.3503700039407882	0.4823888306588768	5.087789752929602	0.2455182793229358	21.86425426827138	4.073016488864672
0.3504700239247849	0.4829303348475262	5.100155155906183	0.2456584753396787	21.86826943655279	4.070692039496186
0.3505700439087818	0.4834725911490378	5.11255723307584	0.2457987113724104	21.87230061715828	4.068369579386839
0.3506700638927785	0.4840156010650845	5.124996115397606	0.2459389874211308	21.87634782957616	4.066049106267408
0.3507700838767753	0.4845593661013711	5.137471934380541	0.24607930348584	21.88041109336574	4.063730617871903
0.3508701038607722	0.4851038877676459	5.149984822086333	0.2462196595665381	21.88449042815746	4.061414111937562
0.3509701238447689	0.4856491675777138	5.162534911131985	0.2463600556632249	21.88858585365312	4.05909958620485
0.3510701438287658	0.4861952070494521	5.175122334692552	0.2465004917759006	21.89269738962613	4.056787038417447
0.3511701638127626	0.486742007704822	5.187747226503789	0.246640967904565	21.89682505592165	4.054476466322249
0.3512701837967593	0.4872895710698841	5.200409720864934	0.2467814840492182	21.90096887245686	4.052167867669358
0.3513702037807562	0.4878378986748111	5.213109952641397	0.2469220402098602	21.90512885922112	4.049861240212073
0.351470223764753	0.4883869920539012	5.225848057267528	0.247062636386491	21.90930503627622	4.047556581706898
0.3515702437487497	0.4889368527455933	5.238624170749387	0.2472032725791106	21.91349742375654	4.045253889913523
0.3516702637327466	0.4894874822924809	5.251438429667559	0.2473439487877191	21.91770604186933	4.04295316259482
0.3517702837167433	0.4900388822413243	5.26429097117988	0.2474846650123162	21.92193091089489	4.04065439751685
0.3518703037007401	0.4905910541430666	5.277181933024311	0.2476254212529022	21.92617205118675	4.038357592448841
0.351970323684737	0.4911439995528478	5.290111453521765	0.247766217509477	21.93042948317194	4.03606274516319
0.3520703436687337	0.4916977200300168	5.303079671578908	0.2479070537820406	21.9347032273512	4.033769853435467
0.3521703636527305	0.4922522171381484	5.316086726691071	0.2480479300705929	21.93899330429915	4.031478915044388
0.3522703836367274	0.4928074924450567	5.329132758945116	0.2481888463751341	21.94329973466456	4.029189927771828
0.3523704036207241	0.4933635475228073	5.342217909022278	0.2483298026956641	21.94762253917055	4.026902889402812
0.3524704236047209	0.4939203839477356	5.355342318201152	0.2484707990321828	21.95196173861478	4.024617797725504
0.3525704435887178	0.4944780033004584	5.368506128360577	0.2486118353846904	21.95631735386974	4.022334650531204
0.3526704635727145	0.4950364071658884	5.381709481982554	0.2487529117531867	21.96068940588291	4.020053445614347
0.3527704835567114	0.4955955971332516	5.394952522155275	0.2488940281376719	21.96507791567701	4.01777418077249
0.3528705035407081	0.4961555747960981	5.408235392576016	0.2490351845381459	21.9694829043502	4.015496853806316
0.3529705235247049	0.4967163417523197	5.421558237554179	0.2491763809546086	21.97390439307635	4.01322146251962
0.3530705435087018	0.4972778996041637	5.434921202014297	0.2493176173870601	21.97834240310523	4.010948004719305
0.3531705634926985	0.4978402499582473	5.448324431499026	0.2494588938355004	21.98279695576273	4.008676478215387
0.3532705834766953	0.498403394425573	5.461768072172225	0.2496002102999295	21.98726807245112	4.006406880820975
0.3533706034606922	0.4989673346215442	5.475252270822	0.2497415667803475	21.99175577464925	4.004139210352273
0.3534706234446889	0.4995320721659783	5.488777174863753	0.2498829632767542	21.99626008391281	4.001873464628578
0.3535706434286857	0.5000976086831237	5.50234293234332	0.2500243997891496	22.00078102187452	3.999609641472269
0.3536706634126826	0.5006639458016745	5.515949691940058	0.250165876317534	22.00531861024439	3.9973477387088
0.3537706833966793	0.5012310851547842	5.529597602969949	0.2503073928619071	22.00987287080996	3.995087754166707
0.3538707033806761	0.5017990283800832	5.543286815388791	0.2504489494222689	22.01444382543651	3.992829685677588
0.3539707233646729	0.5023677771196932	5.557017479795342	0.2505905459986196	22.01903149606729	3.990573531076103
0.3540707433486697	0.5029373330202415	5.570789747434471	0.2507321825909591	22.02363590472381	3.988319288199975
0.3541707633326666	0.5035076977328784	5.584603770200409	0.2508738591992874	22.028257073506	3.986066954889976
0.3542707833166633	0.504078872913291	5.598459700639907	0.2510155758236045	22.03289502459251	3.983816528989928
0.3543708033006601	0.50465086022172	5.612357691955522	0.2511573324639103	22.03754978024092	3.981568008346695
0.354470823284657	0.5052236613229751	5.626297898008844	0.251299129120205	22.04222136278796	3.979321390810175
0.3545708432686537	0.5057972778864493	5.640280473323748	0.2514409657924884	22.0469097946498	3.977076674233305
0.3546708632526505	0.5063717115861373	5.654305573089735	0.2515828424807606	22.05161509832228	3.974833856472042
0.3547708832366473	0.5069469641006494	5.668373353165201	0.2517247591850217	22.05633729638112	3.972592935385367
0.3548709032206441	0.507523037113227	5.682483970080742	0.2518667159052715	22.06107641148219	3.970353908835281
0.3549709232046409	0.5080999323117606	5.696637581042562	0.2520087126415101	22.06583246636176	3.968116774686793
0.3550709431886377	0.5086776513888046	5.710834343935791	0.2521507493937376	22.07060548383671	3.965881530807919
0.3551709631726345	0.5092561960415926	5.725074417327867	0.2522928261619538	22.07539548680484	3.963648175069679
0.3552709831566313	0.5098355679720553	5.739357960471967	0.2524349429461588	22.08020249824506	3.961416705346088
0.3553710031406281	0.510415768886836	5.753685133310406	0.2525770997463527	22.08502654121767	3.959187119514149
0.3554710231246249	0.5109968004973058	5.768056096478067	0.2527192965625352	22.08986763886461	3.95695941545386
0.3555710431086217	0.5115786645195821	5.782471011305903	0.2528615333947066	22.09472581440969	3.95473359104819
0.3556710630926185	0.5121613626745436	5.796930039824376	0.2530038102428669	22.09960109115888	3.95250964418309
0.3557710830766153	0.5127448966878464	5.811433344766955	0.2531461271070158	22.10449349250051	3.950287572747485
0.3558711030606121	0.5133292682899424	5.825981089573687	0.2532884839871536	22.10940304190559	3.948067374633259
0.3559711230446089	0.513914479216094	5.840573438394664	0.2534308808832802	22.11432976292803	3.945849047735263
0.3560711430286057	0.5145005312063922	5.85521055609364	0.2535733177953955	22.11927367920488	3.943632589951301
0.3561711630126025	0.5150874260057731	5.869892608251597	0.2537157947234998	22.12423481445662	3.941417999182128
0.3562711829965993	0.5156751653640328	5.884619761170292	0.2538583116675927	22.12921319248742	3.93920527333145
0.3563712029805961	0.5162637510358483	5.899392181875979	0.2540008686276745	22.1342088371854	3.93699441030591
0.3564712229645929	0.5168531847807913	5.914210038122969	0.2541434656037451	22.13922177252284	3.934785408015086
0.3565712429485897	0.5174434683633453	5.929073498397296	0.2542861025958044	22.14425202255651	3.932578264371494
0.3566712629325865	0.5180346035529251	5.943982731920459	0.2544287796038525	22.14929961142795	3.93037297729057
0.3567712829165833	0.5186265921238916	5.958937908653065	0.2545714966278895	22.15436456336361	3.928169544690674
0.3568713029005801	0.5192194358555704	5.973939199298584	0.2547142536679152	22.15944690267529	3.925967964493083
0.3569713228845769	0.5198131365322683	5.988986775307075	0.2548570507239297	22.16454665376028	3.923768234621987
0.3570713428685737	0.5204076959432923	6.004080808878987	0.2549998877959331	22.16966384110163	3.92157035300448
0.3571713628525705	0.5210031158829644	6.019221472968914	0.2551427648839252	22.17479848926855	3.91937431757056
0.3572713828365673	0.5215993981506422	6.034408941289422	0.2552856819879061	22.17995062291651	3.917180126253121
0.3573714028205641	0.5221965445507346	6.049643388314893	0.2554286391078758	22.18512026678765	3.91498777698795
0.3574714228045609	0.5227945568927196	6.064924989285341	0.2555716362438343	22.19030744571096	3.912797267713722
0.3575714427885577	0.5233934369911637	6.080253920210356	0.2557146733957816	22.19551218460261	3.910608596371992
0.3576714627725545	0.5239931866657371	6.095630357872913	0.2558577505637177	22.20073450846619	3.908421760907198
0.3577714827565513	0.5245938077412348	6.111054479833391	0.2560008677476426	22.20597444239304	3.906236759266644
0.3578715027405481	0.5251953020475916	6.126526464433444	0.2561440249475563	22.21123201156248	3.904053589400506
0.3579715227245449	0.5257976714199023	6.142046490799992	0.2562872221634587	22.21650724124208	3.901872249261826
0.3580715427085417	0.5264009176984391	6.157614738849233	0.25643045939535	22.22180015678801	3.899692736806498
0.3581715626925385	0.5270050427286703	6.173231389290636	0.2565737366432301	22.22711078364527	3.897515049993273
0.3582715826765353	0.5276100483612769	6.18889662363094	0.2567170539070989	22.23243914734794	3.895339186783755
0.3583716026605321	0.5282159364521741	6.204610624178306	0.2568604111869566	22.23778527351955	3.893165145142383
0.3584716226445289	0.5288227088625272	6.220373574046318	0.2570038084828031	22.24314918787332	3.890992923036443
0.3585716426285257	0.5294303674587707	6.236185657158111	0.2571472457946383	22.24853091621244	3.888822518436053
0.3586716626125225	0.5300389141126276	6.252047058250514	0.2572907231224623	22.25393048443037	3.886653929314161
0.3587716825965193	0.5306483507011286	6.267957962878221	0.2574342404662752	22.25934791851114	3.884487153646539
0.3588717025805161	0.5312586791066283	6.283918557417901	0.2575777978260768	22.26478324452961	3.882322189411783
0.3589717225645129	0.5318699012168274	6.299929029072492	0.2577213952018673	22.27023648865184	3.880159034591299
0.3590717425485097	0.5324820189247895	6.315989565875353	0.2578650325936465	22.27570767713526	3.877997687169311
0.3591717625325065	0.5330950341289609	6.332100356694556	0.2580087100014145	22.28119683632906	3.875838145132844
0.3592717825165033	0.5337089487331899	6.348261591237162	0.2581524274251713	22.28670399267448	3.873680406471725
0.3593718025005001	0.5343237646467448	6.364473460053484	0.2582961848649169	22.29222917270507	3.871524469178581
0.3594718224844969	0.5349394837843351	6.380736154541469	0.2584399823206513	22.29777240304702	3.869370331248829
0.3595718424684937	0.5355561080661296	6.397049866951011	0.2585838197923745	22.30333371041942	3.867217990680673
0.3596718624524905	0.5361736394177753	6.413414790388319	0.2587276972800865	22.30891312163462	3.865067445475105
0.3597718824364873	0.536792079770419	6.429831118820372	0.2588716147837872	22.31451066359849	3.862918693635887
0.3598719024204841	0.5374114310607255	6.446299047079307	0.2590155723034769	22.32012636331073	3.86077173316956
0.3599719224044809	0.5380316952308963	6.462818770866852	0.2591595698391552	22.32576024786522	3.858626562085436
0.3600719423884777	0.5386528742286918	6.479390486758858	0.2593036073908224	22.33141234445024	3.856483178395587
0.3601719623724745	0.5392749700074497	6.496014392209787	0.2594476849584784	22.33708268034889	3.854341580114845
0.3602719823564713	0.5398979845261047	6.512690685557213	0.2595918025421231	22.34277128293928	3.852201765260801
0.3603720023404681	0.5405219197492097	6.529419566026426	0.2597359601417566	22.34847817969494	3.850063731853794
0.3604720223244649	0.5411467776469551	6.546201233735001	0.259880157757379	22.3542033981851	3.847927477916909
0.3605720423084617	0.5417725601951884	6.563035889697377	0.2600243953889901	22.35994696607496	3.845793001475975
0.3606720622924585	0.542399269375437	6.57992373582958	0.2601686730365901	22.3657089111261	3.843660300559553
0.3607720822764553	0.5430269071749254	6.596864974953785	0.2603129907001789	22.37148926119668	3.841529373198941
0.3608721022604521	0.5436554755865974	6.613859810803089	0.2604573483797564	22.37728804424189	3.839400217428165
0.3609721222444489	0.5442849766091375	6.630908448026217	0.2606017460753227	22.38310528831414	3.837272831283971
0.3610721422284457	0.5449154122469894	6.648011092192236	0.2607461837868778	22.38894102156348	3.835147212805826
0.3611721622124425	0.5455467845103781	6.665167949795381	0.2608906615144217	22.39479527223788	3.83302336003591
0.3612721821964393	0.5461790954153315	6.682379228259843	0.2610351792579545	22.40066806868353	3.830901271019113
0.3613722021804361	0.5468123469836981	6.699645135944558	0.2611797370174759	22.40655943934524	3.828780943803035
0.3614722221644329	0.5474465412431726	6.716965882148167	0.2613243347929862	22.41246941276669	3.826662376437969
0.3615722421484297	0.5480816802273137	6.734341677113826	0.2614689725844854	22.41839801759083	3.824545566976907
0.3616722621324265	0.5487177659755655	6.751772732034136	0.2616136503919732	22.42434528256013	3.822430513475538
0.3617722821164233	0.5493548005332812	6.769259259056144	0.2617583682154499	22.43031123651696	3.820317213992231
0.3618723021004201	0.5499927859517415	6.786801471286267	0.2619031260549154	22.43629590840395	3.818205666588041
0.3619723220844169	0.5506317242881779	6.804399582795322	0.2620479239103697	22.44229932726425	3.816095869326703
0.3620723420684137	0.5512716176057935	6.822053808623563	0.2621927617818127	22.44832152224194	3.813987820274626
0.3621723620524105	0.5519124679737856	6.839764364785764	0.2623376396692446	22.45436252258233	3.811881517500883
0.3622723820364073	0.5525542774673659	6.857531468276276	0.2624825575726653	22.4604223576323	3.80977695907722
0.3623724020204041	0.5531970481677844	6.875355337074211	0.2626275154920747	22.46650105684063	3.807674143078038
0.3624724220044009	0.553840782162349	6.893236190148543	0.262772513427473	22.47259864975837	3.805573067580399
0.3625724419883977	0.5544854815444493	6.911174247463341	0.26291755137886	22.47871516603921	3.803473730664014
0.3626724619723945	0.555131148413579	6.929169729982998	0.2630626293462359	22.48485063543975	3.801376130411239
0.3627724819563913	0.5557777848753558	6.947222859677403	0.2632077473296004	22.49100508781986	3.799280264907079
0.3628725019403881	0.5564253930415467	6.965333859527339	0.2633529053289539	22.4971785531431	3.797186132239175
0.3629725219243849	0.5570739750300882	6.983502953529706	0.2634981033442961	22.50337106147701	3.795093730497801
0.3630725419083817	0.5577235329651095	7.001730366702901	0.2636433413756271	22.50958264299349	3.793003057775866
0.3631725618923785	0.558374068976956	7.020016325092207	0.2637886194229469	22.51581332796909	3.790914112168898
0.3632725818763753	0.5590255852022115	7.038361055775204	0.2639339374862556	22.52206314678548	3.78882689177505
0.3633726018603721	0.559678083783719	7.056764786867146	0.2640792955655529	22.52833212992969	3.786741394695095
0.3634726218443688	0.5603315668706078	7.075227747526554	0.2642246936608391	22.53462030799454	3.784657619032413
0.3635726418283657	0.5609860366183131	7.093750167960633	0.2643701317721142	22.540927711679	3.782575562892995
0.3636726618123625	0.5616414951886002	7.112332279430824	0.2645156098993779	22.54725437178848	3.780495224385439
0.3637726817963593	0.5622979447495878	7.130974314258414	0.2646611280426305	22.55360031923528	3.778416601620938
0.3638727017803561	0.5629553874757717	7.149676505830119	0.2648066862018719	22.55996558503892	3.776339692713284
0.3639727217643529	0.5636138255480473	7.16843908860372	0.2649522843771021	22.56635020032647	3.774264495778859
0.3640727417483497	0.5642732611537344	7.187262298113779	0.265097922568321	22.57275419633301	3.772191008936632
0.3641727617323465	0.5649336964865994	7.206146370977281	0.2652436007755288	22.5791776044019	3.770119230308155
0.3642727817163433	0.5655951337468804	7.225091544899439	0.2653893189987253	22.5856204559852	3.768049158017558
0.3643728017003401	0.5662575751413105	7.244098058679449	0.2655350772379107	22.59208278264406	3.765980790191545
0.3644728216843369	0.5669210228831409	7.263166152216288	0.2656808754930848	22.59856461604905	3.763914124959394
0.3645728416683336	0.5675854791921668	7.282296066514591	0.2658267137642478	22.60506598798055	3.761849160452942
0.3646728616523305	0.5682509462947504	7.301488043690529	0.2659725920513996	22.61158693032919	3.759785894806592
0.3647728816363273	0.5689174264238441	7.320742326977686	0.26611851035454	22.61812747509611	3.757724326157306
0.364872901620324	0.5695849218190179	7.340059160733094	0.2662644686736693	22.62468765439348	3.755664452644594
0.3649729216043209	0.5702534347264818	7.359438790443171	0.2664104670087875	22.63126750044474	3.753606272410517
0.3650729415883177	0.5709229673991094	7.378881462729721	0.2665565053598944	22.63786704558512	3.751549783599684
0.3651729615723144	0.5715935220964656	7.398387425356076	0.2667025837269901	22.64448632226193	3.749494984359242
0.3652729815563113	0.5722651010848293	7.417956927233149	0.2668487021100746	22.65112536303501	3.747441872838871
0.3653730015403081	0.5729377066372182	7.437590218425556	0.2669948605091479	22.65778420057708	3.74539044719079
0.3654730215243049	0.5736113410334157	7.457287550157841	0.26714105892421	22.66446286767413	3.743340705569741
0.3655730415083017	0.5742860065599935	7.477049174820638	0.2672872973552609	22.67116139722588	3.741292646132992
0.3656730614922984	0.5749617055103391	7.496875345976954	0.2674335758023005	22.67787982224608	3.739246267040332
0.3657730814762953	0.5756384401846807	7.516766318368476	0.2675798942653291	22.68461817586303	3.737201566454062
0.3658731014602921	0.5763162128901113	7.536722347921818	0.2677262527443464	22.69137649131977	3.735158542538997
0.3659731214442888	0.5769950259406156	7.556743691754973	0.2678726512393524	22.69815480197477	3.733117193462462
0.3660731414282857	0.5776748816570964	7.576830608183695	0.2680190897503473	22.7049531413021	3.731077517394279
0.3661731614122825	0.5783557823673983	7.596983356727891	0.2681655682773309	22.71177154289192	3.729039512506774
0.3662731813962792	0.5790377304063355	7.617202198118179	0.2683120868203033	22.71861004045089	3.727003176974767
0.3663732013802761	0.579720728115718	7.637487394302383	0.2684586453792647	22.72546866780262	3.724968508975567
0.3664732213642728	0.5804047778443747	7.657839208452024	0.2686052439542146	22.73234745888794	3.722935506688976
0.3665732413482696	0.5810898819481848	7.678257904969066	0.2687518825451535	22.7392464477655	3.72090416829727
0.3666732613322665	0.5817760427901003	7.698743749492443	0.2688985611520812	22.74616566861203	3.718874491985211
0.3667732813162632	0.582463262740173	7.719297008904758	0.2690452797749975	22.75310515572284	3.716846475940033
0.3668733013002601	0.5831515441755839	7.739917951339084	0.2691920384139028	22.76006494351222	3.714820118351441
0.3669733212842569	0.5838408894806656	7.760606846185612	0.2693388370687968	22.76704506651387	3.712795417411606
0.3670733412682536	0.5845313010469334	7.781363964098566	0.2694856757396796	22.77404555938126	3.710772371315163
0.3671733612522505	0.5852227812731108	7.802189577003019	0.2696325544265513	22.78106645688818	3.708750978259204
0.3672733812362473	0.5859153325651543	7.823083958101714	0.2697794731294116	22.78810779392903	3.706731236443278
0.367373401220244	0.5866089573362849	7.844047381882115	0.2699264318482608	22.79516960551932	3.704713144069382
0.3674734212042409	0.5873036580070129	7.865080124123318	0.2700734305830989	22.80225192679613	3.70269669934196
0.3675734411882376	0.5879994370051652	7.886182461903051	0.2702204693339256	22.80935479301844	3.700681900467901
0.3676734611722344	0.5886962967659141	7.907354673604792	0.2703675481007412	22.81647823956769	3.698668745656531
0.3677734811562313	0.5893942397318056	7.92859703892487	0.2705146668835456	22.8236223019481	3.696657233119608
0.367873501140228	0.5900932683527844	7.94990983887954	0.2706618256823387	22.8307870157872	3.694647361071326
0.3679735211242248	0.5907933850862259	7.971293355812291	0.2708090244971207	22.83797241683621	3.692639127728301
0.3680735411082217	0.5914945923969611	7.992747873401004	0.2709562633278915	22.84517854097053	3.690632531309575
0.3681735610922184	0.5921968927573064	8.014273676665255	0.271103542174651	22.85240542419012	3.688627570036608
0.3682735810762152	0.5929002886470918	8.035871051973668	0.2712508610373993	22.85965310262002	3.686624242133273
0.3683736010602121	0.5936047825536902	8.057540287051289	0.2713982199161366	22.86692161251075	3.684622545825854
0.3684736210442088	0.5943103769720433	8.079281670986934	0.2715456188108624	22.87421099023878	3.682622479343046
0.3685736410282057	0.5950170744046945	8.10109549424079	0.2716930577215772	22.881521272307	3.680624040915943
0.3686736610122024	0.5957248773618145	8.122982048651796	0.2718405366482807	22.88885249534511	3.678627228778039
0.3687736809961992	0.5964337883612315	8.144941627445283	0.271988055590973	22.89620469611016	3.676632041165226
0.3688737009801961	0.5971438099284619	8.166974525240581	0.2721356145496542	22.90357791148696	3.674638476315781
0.3689737209641928	0.597854944596736	8.189081038058594	0.2722832135243241	22.91097217848854	3.672646532470377
0.3690737409481896	0.5985671949070319	8.211261463329627	0.2724308525149828	22.91838753425663	3.670656207872063
0.3691737609321865	0.5992805634081013	8.23351609990103	0.2725785315216303	22.92582401606217	3.668667500766272
0.3692737809161832	0.5999950526565014	8.255845248045041	0.2727262505442666	22.93328166130565	3.666680409400813
0.36937380090018	0.6007106652166244	8.278249209466646	0.2728740095828917	22.94076050751772	3.664694932025863
0.3694738208841769	0.6014274036607276	8.300728287311463	0.2730218086375056	22.94826059235959	3.662711066893972
0.3695738408681736	0.6021452705689621	8.323282786173658	0.2731696477081083	22.9557819536235	3.660728812260052
0.3696738608521704	0.6028642685294053	8.345913012103999	0.2733175267946997	22.96332462923323	3.658748166381375
0.3697738808361672	0.6035844001380902	8.36861927261787	0.27346544589728	22.97088865724459	3.65676912751757
0.369873900820164	0.604305667999036	8.391401876703357	0.2736134050158491	22.97847407584582	3.65479169393062
0.3699739208041608	0.6050280747242784	8.414261134829415	0.2737614041504069	22.98608092335817	3.652815863884857
0.3700739407881576	0.6057516229339024	8.437197358954093	0.2739094433009536	22.99370923823634	3.650841635646954
0.3701739607721544	0.6064763152560695	8.460210862532689	0.274057522467489	23.00135905906898	3.648869007485931
0.3702739807561513	0.6072021543270536	8.483301960526186	0.2742056416500133	23.00903042457915	3.646897977673142
0.370374000740148	0.6079291427912682	8.506470969409484	0.2743538008485263	23.01672337362485	3.644928544482279
0.3704740207241448	0.6086572833013004	8.529718207179908	0.2745020000630282	23.02443794519952	3.642960706189357
0.3705740407081416	0.6093865785179415	8.5530439933656	0.2746502392935188	23.03217417843252	3.640994461072723
0.3706740606921384	0.6101170311102183	8.576448649034042	0.2747985185399983	23.03993211258958	3.639029807413045
0.3707740806761352	0.6108486437554257	8.599932496800655	0.2749468378024664	23.04771178707343	3.63706674349331
0.370874100660132	0.6115814191391593	8.62349586083743	0.2750951970809235	23.05551324142419	3.635105267598818
0.3709741206441288	0.6123153599553453	8.647139066881509	0.2752435963753693	23.06333651531989	3.633145378017183
0.3710741406281256	0.6130504689062757	8.67086244224406	0.2753920356858039	23.07118164857705	3.631187073038324
0.3711741606121224	0.6137867487026384	8.694666315818948	0.2755405150122273	23.07904868115115	3.629230350954466
0.3712741805961192	0.6145242020635509	8.718551018091611	0.2756890343546395	23.08693765313708	3.627275210060132
0.371374200580116	0.6152628317165934	8.742516881148005	0.2758375937130405	23.09484860476979	3.625321648652144
0.3714742205641128	0.6160026403978413	8.7665642386835	0.2759861930874303	23.10278157642469	3.623369665029612
0.3715742405481096	0.6167436308518973	8.790693426011901	0.2761348324778088	23.11073660861824	3.62141925749394
0.3716742605321064	0.617485805831927	8.814904780074562	0.2762835118841763	23.11871374200846	3.619470424348814
0.3717742805161032	0.6182291680996893	8.839198639449446	0.2764322313065324	23.12671301739544	3.617523163900203
0.3718743005001	0.6189737204255725	8.86357534436036	0.2765809907448774	23.13473447572187	3.615577474456354
0.3719743204840968	0.6197194655886274	8.888035236686218	0.2767297901992112	23.14277815807361	3.613633354327786
0.3720743404680936	0.6204664063765994	8.912578659970249	0.2768786296695337	23.15084410568018	3.611690801827292
0.3721743604520904	0.6212145455859651	8.937205959429463	0.277027509155845	23.15893235991529	3.609749815269929
0.3722743804360872	0.6219638860219653	8.961917481964051	0.2771764286581452	23.16704296229748	3.607810392973016
0.372374400420084	0.6227144304986379	8.986713576166784	0.2773253881764342	23.17517595449048	3.605872533256136
0.3724744204040808	0.6234661818388553	9.011594592332672	0.2774743877107119	23.18333137830394	3.603936234441126
0.3725744403880776	0.6242191428743573	9.036560882468516	0.2776234272609784	23.19150927569386	3.602001494852073
0.3726744603720744	0.6249733164457852	9.061612800302537	0.2777725068272337	23.19970968876319	3.600068312815316
0.3727744803560712	0.6257287054027194	9.086750701294193	0.2779216264094778	23.20793265976238	3.598136686659436
0.372874500340068	0.626485312603712	9.111974942643895	0.2780707860077108	23.2161782310899	3.596206614715256
0.3729745203240648	0.6272431409163224	9.137285883302859	0.2782199856219325	23.22444644529284	3.594278095315841
0.3730745403080616	0.6280021932171548	9.162683883983085	0.2783692252521429	23.23273734506745	3.592351126796484
0.3731745602920584	0.6287624723918925	9.188169307167316	0.2785185048983423	23.24105097325971	3.590425707494712
0.3732745802760552	0.6295239813353323	9.213742517118995	0.2786678245605304	23.24938737286587	3.58850183575028
0.373374600260052	0.6302867229514237	9.23940387989254	0.2788171842387073	23.2577465870331	3.586579509905161
0.3734746202440488	0.6310507001533012	9.265153763343326	0.2789665839328729	23.26612865905993	3.584658728303558
0.3735746402280456	0.6318159158633252	9.290992537138122	0.2791160236430274	23.27453363239696	3.582739489291879
0.3736746602120424	0.6325823730131147	9.316920572765255	0.2792655033691707	23.28296155064734	3.580821791218751
0.3737746801960392	0.6333500745435852	9.342938243545019	0.2794150231113028	23.29141245756738	3.57890563243501
0.373874700180036	0.6341190234049858	9.369045924640142	0.2795645828694236	23.29988639706717	3.576991011293697
0.3739747201640328	0.6348892225569375	9.395243993066307	0.2797141826435333	23.3083834132111	3.575077926150052
0.3740747401480296	0.6356606749684666	9.421532827702636	0.2798638224336317	23.31690355021851	3.57316637536152
0.3741747601320264	0.6364333836180465	9.447912809302453	0.2800135022397189	23.32544685246422	3.571256357287736
0.3742747801160232	0.6372073514936332	9.474384320503944	0.2801632220617951	23.33401336447918	3.569347870290526
0.37437480010002	0.6379825815927015	9.500947745840886	0.2803129818998599	23.34260313095104	3.56744091273391
0.3744748200840168	0.6387590769222863	9.527603471753617	0.2804627817539135	23.35121619672476	3.565535482984085
0.3745748400680136	0.6395368404990188	9.554351886599875	0.2806126216239559	23.35985260680317	3.563631579409434
0.3746748600520104	0.6403158753491639	9.581193380665802	0.2807625015099872	23.36851240634766	3.561729200380516
0.3747748800360072	0.6410961845086606	9.60812834617704	0.2809124214120071	23.3771956406787	3.559828344270065
0.374874900020004	0.6418777710231603	9.635157177309882	0.281062381330016	23.38590235527652	3.557929009452982
0.3749749200040008	0.6426606379480639	9.662280270202412	0.2812123812640136	23.3946325957817	3.556031194306339
0.3750749399879976	0.6434447883485629	9.689498022965859	0.281362421214	23.40338640799575	3.554134897209372
0.3751749599719944	0.6442302252996777	9.716810835695936	0.2815125011799752	23.41216383788178	3.552240116543474
0.3752749799559912	0.6450169518862966	9.744219110484261	0.2816626211619392	23.42096493156514	3.550346850692196
0.375374999939988	0.6458049712032172	9.771723251429902	0.281812781159892	23.42978973533397	3.548455098041243
0.3754750199239848	0.6465942863551835	9.799323664650888	0.2819629811738336	23.43863829563987	3.54656485697847
0.3755750399079816	0.6473849004569279	9.827020758295959	0.2821132212037639	23.4475106590986	3.544676125893876
0.3756750598919784	0.6481768166332113	9.854814942556244	0.2822635012496831	23.45640687249059	3.542788903179605
0.3757750798759752	0.6489700380188617	9.882706629677067	0.2824138213115911	23.46532698276167	3.540903187229941
0.375875099859972	0.6497645677588165	9.910696233969869	0.2825641813894878	23.47427103702367	3.539018976441304
0.3759751198439688	0.6505604090081641	9.938784171824214	0.2827145814833734	23.48323908255511	3.537136269212243
0.3760751398279656	0.651357564932181	9.966970861719698	0.2828650215932477	23.49223116680178	3.535255063943442
0.3761751598119624	0.6521560387063773	9.995256724238246	0.2830155017191108	23.50124733737745	3.533375359037707
0.3762751797959592	0.6529558335165363	10.02364218207623	0.2831660218609628	23.51028764206452	3.531497152899967
0.376375199779956	0.6537569525587543	10.05212766005672	0.2833165820188036	23.51935212881461	3.529620443937272
0.3764752197639528	0.6545593990394859	10.08071358514195	0.2834671821926331	23.52844084574934	3.527745230558786
0.3765752397479496	0.6553631761755827	10.1094003864457	0.2836178223824514	23.5375538411609	3.525871511175787
0.3766752597319464	0.6561682871943377	10.13818849524586	0.2837685025882585	23.54669116351273	3.52399928420166
0.3767752797159432	0.6569747353335269	10.16707834499702	0.2839192228100545	23.55585286144023	3.522128548051896
0.37687529969994	0.6577825238414509	10.1960703713432	0.2840699830478392	23.5650389837514	3.52025930114409
0.3769753196839368	0.658591655976979	10.22516501213059	0.2842207833016127	23.57424957942754	3.518391541897936
0.3770753396679336	0.659402135009593	10.2543627074205	0.284371623571375	23.58348469762393	3.516525268735219
0.3771753596519304	0.6602139642194268	10.28366389950221	0.2845225038571261	23.59274438767047	3.514660480079823
0.3772753796359272	0.661027146897314	10.31306903290608	0.2846734241588659	23.60202869907246	3.512797174357717
0.377375399619924	0.66184168634483	10.3425785544167	0.2848243844765947	23.61133768151119	3.510935349996954
0.3774754196039208	0.6626575858743334	10.37219291308598	0.2849753848103121	23.62067138484468	3.509075005427675
0.3775754395879176	0.663474848809014	10.4019125602466	0.2851264251600183	23.63002985910842	3.507216139082097
0.3776754595719144	0.664293478482936	10.43173794952534	0.2852775055257135	23.63941315451599	3.505358749394508
0.3777754795559112	0.6651134782410787	10.4616695368565	0.2854286259073973	23.64882132145982	3.503502834801278
0.377875499539908	0.6659348514393877	10.4917077804956	0.28557978630507	23.65825441051188	3.501648393740838
0.3779755195239048	0.6667576014448147	10.52185314103293	0.2857309867187315	23.66771247242441	3.499795424653688
0.3780755395079016	0.6675817316353638	10.55210608140733	0.2858822271483817	23.6771955581306	3.497943925982391
0.3781755594918984	0.6684072454001394	10.58246706692012	0.2860335075940208	23.68670371874536	3.496093896171568
0.3782755794758952	0.6692341461393874	10.61293656524885	0.2861848280556486	23.69623700556599	3.494245333667898
0.378375599459892	0.6700624372645452	10.64351504646155	0.2863361885332652	23.70579547007295	3.492398236920111
0.3784756194438888	0.6708921221982859	10.67420298303072	0.2864875890268707	23.71537916393055	3.490552604378986
0.3785756394278856	0.6717232043745636	10.70500084984755	0.2866390295364649	23.72498813898772	3.48870843449735
0.3786756594118824	0.6725556872386618	10.73590912423631	0.2867905100620479	23.73462244727873	3.486865725730072
0.3787756793958792	0.6733895742472393	10.76692828596871	0.2869420306036197	23.74428214102394	3.48502447653406
0.378875699379876	0.6742248688683766	10.7980588172784	0.2870935911611803	23.75396727263054	3.483184685368261
0.3789757193638728	0.6750615745816237	10.82930120287561	0.2872451917347297	23.76367789469329	3.481346350693654
0.3790757393478696	0.6758996948780489	10.86065592996187	0.2873968323242679	23.77341405999527	3.479509470973245
0.3791757593318664	0.6767392332602825	10.89212348824471	0.2875485129297949	23.78317582150867	3.477674044672074
0.3792757793158631	0.6775801932425696	10.92370436995273	0.2877002335513106	23.7929632323955	3.475840070257199
0.37937579929986	0.6784225783508152	10.95539906985048	0.2878519941888153	23.80277634600844	3.474007546197697
0.3794758192838568	0.6792663921226321	10.98720808525356	0.2880037948423086	23.81261521589145	3.47217647096467
0.3795758392678535	0.6801116381073921	11.01913191604394	0.2881556355117908	23.82247989578073	3.470346843031227
0.3796758592518504	0.6809583198662734	11.05117106468519	0.2883075161972618	23.83237043960536	3.468518660872489
0.3797758792358472	0.6818064409723088	11.08332603623788	0.2884594368987216	23.84228690148812	3.466691922965589
0.379875899219844	0.6826560050104373	11.11559733837516	0.2886113976161702	23.85222933574632	3.464866627789659
0.3799759192038408	0.6835070155775507	11.14798548139833	0.2887633983496075	23.86219779689249	3.463042773825838
0.3800759391878376	0.6843594762825469	11.18049097825265	0.2889154390990336	23.87219233963527	3.461220359557258
0.3801759591718344	0.6852133907463783	11.21311434454312	0.2890675198644486	23.88221301888015	3.459399383469048
0.3802759791558312	0.6860687626021	11.24585609855038	0.2892196406458523	23.89225988973027	3.45757984404833
0.3803759991398279	0.6869255954949249	11.27871676124689	0.2893718014432448	23.90233300748723	3.455761739784215
0.3804760191238248	0.6877838930822717	11.31169685631304	0.2895240022566262	23.91243242765194	3.453945069167797
0.3805760391078216	0.6886436590338147	11.34479691015333	0.2896762430859963	23.92255820592536	3.452129830692156
0.3806760590918183	0.6895048970315393	11.37801745191293	0.2898285239313552	23.93271039820932	3.450316022852348
0.3807760790758152	0.6903676107697904	11.41135901349408	0.2899808447927029	23.94288906060746	3.448503644145408
0.380876099059812	0.6912318039553241	11.44482212957266	0.2901332056700394	23.95309424942587	3.446692693070344
0.3809761190438087	0.6920974803073632	11.47840733761507	0.2902856065633647	23.96332602117407	3.444883168128132
0.3810761390278056	0.6929646435576458	11.51211517789489	0.2904380474726788	23.97358443256577	3.443075067821715
0.3811761590118024	0.6938332974504791	11.54594619350993	0.2905905283979817	23.98386954051967	3.441268390656004
0.3812761789957992	0.6947034457427945	11.57990093039936	0.2907430493392734	23.99418140216045	3.439463135137864
0.381376198979796	0.6955750922041972	11.61397993736074	0.2908956102965539	24.0045200748194	3.437659299776125
0.3814762189637927	0.6964482406170228	11.64818376606748	0.2910482112698231	24.0148856160355	3.435856883081568
0.3815762389477896	0.6973228947763899	11.68251297108622	0.2912008522590812	24.02527808355608	3.434055883566923
0.3816762589317864	0.698199058490253	11.71696810989432	0.2913535332643281	24.03569753533779	3.432256299746873
0.3817762789157831	0.6990767355794586	11.75154974289759	0.2915062542855637	24.04614402954742	3.430458130138044
0.38187629889978	0.6999559298777992	11.78625843344812	0.2916590153227882	24.0566176245628	3.428661373259005
0.3819763188837768	0.7008366452320669	11.82109474786203	0.2918118163760014	24.0671183789736	3.426866027630264
0.3820763388677735	0.701718885502111	11.85605925543774	0.2919646574452034	24.0776463515823	3.425072091774266
0.3821763588517704	0.7026026545608912	11.89115252847393	0.2921175385303943	24.08820160140503	3.423279564215388
0.3822763788357671	0.7034879562945341	11.92637514228794	0.2922704596315739	24.09878418767243	3.421488443479938
0.3823763988197639	0.7043747946023892	11.96172767523412	0.2924234207487423	24.10939416983053	3.419698728096152
0.3824764188037608	0.7052631733970857	11.99721070872246	0.2925764218818996	24.12003160754174	3.417910416594187
0.3825764387877575	0.7061530966045875	12.03282482723714	0.2927294630310456	24.13069656068564	3.416123507506125
0.3826764587717543	0.707044568164252	12.06857061835544	0.2928825441961804	24.14138908935995	3.414337999365964
0.3827764787557512	0.7079375920288861	12.10444867276665	0.293035665377304	24.15210925388141	3.412553890709616
0.3828764987397479	0.7088321721648031	12.14045958429104	0.2931888265744164	24.16285711478666	3.410771180074909
0.3829765187237448	0.7097283125518822	12.17660394989919	0.2933420277875177	24.17363273283326	3.408989866001574
0.3830765387077416	0.7106260171836237	12.21288236973119	0.2934952690166076	24.1844361690005	3.407209947031256
0.3831765586917383	0.7115252900672115	12.24929544711627	0.2936485502616864	24.19526748449038	3.405431421707497
0.3832765786757352	0.7124261352235675	12.28584378859223	0.293801871522754	24.20612674072856	3.403654288575739
0.3833765986597319	0.7133285566874127	12.32252800392528	0.2939552327998104	24.21701399936526	3.401878546183326
0.3834766186437287	0.7142325585073257	12.35934870612985	0.2941086340928555	24.2279293222762	3.400104193079491
0.3835766386277256	0.7151381447458037	12.39630651148869	0.2942620754018895	24.23887277156358	3.398331227815362
0.3836766586117223	0.7160453194793195	12.43340203957295	0.2944155567269123	24.24984440955702	3.396559648943954
0.3837766785957191	0.7169540867983846	12.47063591326251	0.2945690780679238	24.26084429881448	3.394789455020167
0.383876698579716	0.7178644508076081	12.50800875876642	0.2947226394249242	24.27187250212329	3.393020644600781
0.3839767185637127	0.7187764156257564	12.54552120564343	0.2948762407979133	24.28292908250103	3.391253216244462
0.3840767385477095	0.719689985385818	12.58317388682283	0.2950298821868912	24.29401410319658	3.389487168511746
0.3841767585317064	0.7206051642350608	12.62096743862523	0.295183563591858	24.30512762769106	3.387722499965045
0.3842767785157031	0.7215219563350951	12.65890250078355	0.2953372850128135	24.31626971969881	3.385959209168642
0.3843767984997	0.7224403658619377	12.69697971646433	0.2954910464497579	24.32744044316837	3.384197294688688
0.3844768184836967	0.723360397006071	12.73519973228888	0.295644847902691	24.33863986228353	3.382436755093198
0.3845768384676935	0.7242820539725083	12.77356319835489	0.2957986893716129	24.34986804146422	3.380677588952048
0.3846768584516904	0.7252053409808561	12.812070768258	0.2959525708565237	24.36112504536764	3.378919794836974
0.3847768784356871	0.726130262265375	12.85072309911346	0.2961064923574231	24.37241093888915	3.37716337132157
0.3848768984196839	0.7270568220750473	12.88952085157823	0.2962604538743114	24.38372578716332	3.375408316981282
0.3849769184036808	0.7279850246736398	12.92846468987303	0.2964144554071885	24.39506965556505	3.373654630393402
0.3850769383876775	0.7289148743397654	12.96755528180445	0.2965684969560544	24.4064426097104	3.371902310137075
0.3851769583716743	0.7298463753669511	13.00679329878747	0.2967225785209091	24.41784471545779	3.37015135479329
0.3852769783556712	0.7307795320637023	13.04617941586802	0.2968767001017526	24.42927603890898	3.368401762944873
0.3853769983396679	0.7317143487535658	13.08571431174557	0.2970308616985848	24.44073664641005	3.366653533176497
0.3854770183236647	0.732650829775199	13.12539866879617	0.2971850633114059	24.4522266045525	3.364906664074662
0.3855770383076615	0.7335889794824344	13.16523317309541	0.2973393049402158	24.46374598017436	3.363161154227706
0.3856770582916583	0.7345288022443434	13.20521851444152	0.2974935865850144	24.47529484036108	3.361417002225798
0.3857770782756551	0.7354703024453084	13.24535538637901	0.2976479082458018	24.4868732524468	3.359674206660932
0.3858770982596519	0.7364134844850858	13.28564448622195	0.2978022699225781	24.49848128401522	3.357932766126925
0.3859771182436487	0.7373583527788735	13.32608651507776	0.2979566716153432	24.51011900290083	3.356192679219422
0.3860771382276456	0.7383049117573817	13.36668217787115	0.2981111133240971	24.52178647718986	3.35445394453588
0.3861771582116423	0.7392531658668966	13.40743218336803	0.2982655950488396	24.5334837752215	3.352716560675577
0.3862771781956391	0.7402031195693541	13.44833724419989	0.2984201167895711	24.54521096558886	3.350980526239601
0.386377198179636	0.7411547773424043	13.48939807688809	0.2985746785462913	24.55696811714017	3.349245839830851
0.3864772181636327	0.7421081436794824	13.5306154018684	0.2987292803190003	24.5687552989798	3.347512500054037
0.3865772381476295	0.7430632230898792	13.57198994351583	0.2988839221076981	24.5805725804694	3.345780505515669
0.3866772581316263	0.7440200200988101	13.61352243016953	0.2990386039123848	24.59242003122908	3.34404985482406
0.3867772781156231	0.7449785392474836	13.65521359415778	0.2991933257330602	24.60429772113839	3.342320546589326
0.3868772980996199	0.7459387850931758	13.69706417182344	0.2993480875697243	24.61620572033757	3.340592579423376
0.3869773180836167	0.7469007622093	13.73907490354934	0.2995028894223773	24.62814409922863	3.338865951939912
0.3870773380676135	0.7478644751854759	13.78124653378386	0.2996577312910191	24.64011292847647	3.337140662754428
0.3871773580516103	0.7488299286276041	13.82357981106684	0.2998126131756497	24.65211227901008	3.335416710484209
0.3872773780356071	0.7497971271579387	13.86607548805565	0.2999675350762691	24.66414222202366	3.333694093748319
0.3873773980196039	0.7507660754151562	13.9087343215512	0.3001224969928772	24.67620282897772	3.331972811167611
0.3874774180036007	0.7517367780544331	13.95155707252455	0.3002774989254742	24.68829417160035	3.330252861364714
0.3875774379875975	0.7527092397475172	13.99454450614345	0.30043254087406	24.70041632188834	3.328534242964032
0.3876774579715943	0.7536834651827996	14.03769739179894	0.3005876228386345	24.71256935210829	3.326816954591751
0.3877774779555911	0.7546594590653926	14.08101650313261	0.3007427448191979	24.72475333479792	3.32510099487582
0.3878774979395879	0.7556372261172007	14.12450261806352	0.3008979068157501	24.73696834276714	3.323386362445963
0.3879775179235847	0.7566167710769987	14.16815651881576	0.301053108828291	24.74921444909931	3.321673055933666
0.3880775379075815	0.7575980987005048	14.2119789919459	0.3012083508568208	24.76149172715244	3.31996107397218
0.3881775578915783	0.7585812137604564	14.25597082837073	0.3013636329013393	24.77380025056034	3.318250415196518
0.3882775778755751	0.7595661210466884	14.30013282339539	0.3015189549618466	24.78614009323391	3.316541078243447
0.3883775978595719	0.7605528253662086	14.34446577674144	0.3016743170383427	24.79851132936232	3.314833061751492
0.3884776178435687	0.7615413315432724	14.38897049257515	0.3018297191308276	24.81091403341422	3.313126364360932
0.3885776378275655	0.7625316444194643	14.43364777953627	0.3019851612393013	24.82334828013901	3.311420984713791
0.3886776578115623	0.7635237688537739	14.47849845076676	0.3021406433637639	24.83581414456807	3.309716921453842
0.3887776777955591	0.7645177097226715	14.52352332393967	0.3022961655042151	24.84831170201596	3.308014173226608
0.3888776977795559	0.7655134719201927	14.56872322128859	0.3024517276606552	24.86084102808178	3.306312738679344
0.3889777177635527	0.7665110603580123	14.61409896963692	0.3026073298330841	24.8734021986503	3.304612616461049
0.3890777377475495	0.7675104799655255	14.65965140042755	0.3027629720215018	24.88599528989333	3.302913805222461
0.3891777577315463	0.7685117356899288	14.70538134975278	0.3029186542259084	24.89862037827095	3.301216303616045
0.3892777777155431	0.7695148324962983	14.75128965838432	0.3030743764463036	24.91127754053278	3.299520110296003
0.3893777976995399	0.7705197753676735	14.79737717180371	0.3032301386826876	24.9239668537193	3.297825223918262
0.3894778176835367	0.7715265693051369	14.84364474023283	0.3033859409350605	24.93668839516314	3.296131643140474
0.3895778376675335	0.7725352193278935	14.8900932186645	0.3035417832034222	24.94944224249033	3.294439366622018
0.3896778576515303	0.7735457304733574	14.93672346689371	0.3036976654877726	24.9622284736217	3.292748393023988
0.3897778776355271	0.7745581077972321	14.98353634954869	0.3038535877881119	24.97504716677411	3.291058721009199
0.3898778976195239	0.775572356373592	15.03053273612234	0.3040095501044399	24.98789840046184	3.289370349242181
0.3899779176035207	0.7765884812949693	15.07771350100399	0.3041655524367567	25.00078225349786	3.287683276389175
0.3900779375875175	0.7776064876724357	15.12507952351129	0.3043215947850624	25.01369880499523	3.285997501118132
0.3901779575715143	0.778626380635686	15.17263168792226	0.3044776771493568	25.0266481343684	3.284313022098712
0.3902779775555111	0.7796481653331269	15.22037088350786	0.30463379952964	25.03963032133458	3.282629838002276
0.3903779975395079	0.7806718469319582	15.26829800456449	0.3047899619259121	25.0526454459151	3.280947947501888
0.3904780175235047	0.7816974306182594	15.31641395044682	0.3049461643381729	25.06569358843678	3.279267349272315
0.3905780375075015	0.7827249215970783	15.36471962560106	0.3051024067664225	25.07877482953329	3.277588041990016
0.3906780574914983	0.7837543250925164	15.41321593959822	0.3052586892106609	25.09188925014655	3.275910024333144
0.3907780774754951	0.7847856463478146	15.4619038071677	0.3054150116708881	25.10503693152812	3.274233294981549
0.3908780974594919	0.7858188906254434	15.51078414823126	0.3055713741471041	25.11821795524062	3.272557852616762
0.3909781174434887	0.7868540632071893	15.55985788793697	0.3057277766393089	25.13143240315904	3.270883695922005
0.3910781374274855	0.7878911693942448	15.60912595669376	0.3058842191475025	25.14468035747229	3.269210823582185
0.3911781574114823	0.7889302145072971	15.65858929020592	0.3060407016716849	25.15796190068452	3.267539234283884
0.3912781773954791	0.789971203886616	15.708248829508	0.306197224211856	25.17127711561659	3.265868926715371
0.3913781973794759	0.7910141428921479	15.75810552100004	0.3063537867680159	25.18462608540753	3.264199899566583
0.3914782173634727	0.792059036903604	15.80816031648295	0.3065103893401648	25.19800889351593	3.262532151529133
0.3915782373474695	0.7931058913205495	15.85841417319403	0.3066670319283023	25.21142562372141	3.260865681296308
0.3916782573314663	0.7941547115625001	15.90886805384317	0.3068237145324286	25.22487636012611	3.259200487563058
0.3917782773154631	0.7952055030690106	15.95952292664892	0.3069804371525438	25.23836118715617	3.257536569026003
0.3918782972994599	0.7962582712997679	16.01037976537496	0.3071371997886477	25.25188018956313	3.255873924383423
0.3919783172834567	0.7973130217346859	16.06143954936692	0.3072940024407405	25.2654334524255	3.254212552335261
0.3920783372674535	0.7983697598739981	16.11270326358944	0.307450845108822	25.2790210611502	3.252552451583116
0.3921783572514503	0.7994284912383509	16.16417189866339	0.3076077277928924	25.29264310147411	3.250893620830244
0.3922783772354471	0.8004892213689002	16.21584645090356	0.3077646504929514	25.30629965946552	3.249236058781554
0.3923783972194439	0.801551955827407	16.26772792235659	0.3079216132089994	25.31999082152572	3.247579764143603
0.3924784172034407	0.8026167001963295	16.31981732083894	0.3080786159410361	25.33371667439047	3.245924735624599
0.3925784371874375	0.8036834600789249	16.37211565997563	0.3082356586890617	25.34747730513158	3.244270971934393
0.3926784571714343	0.8047522410993408	16.42462395923871	0.3083927414530759	25.36127280115841	3.242618471784482
0.3927784771554311	0.8058230489027173	16.47734324398654	0.308549864233079	25.37510325021948	3.240967233888
0.3928784971394279	0.8068958891552838	16.5302745455031	0.3087070270290709	25.38896874040398	3.23931725695972
0.3929785171234247	0.8079707675444532	16.58341890103739	0.3088642298410516	25.40286936014336	3.237668539716051
0.3930785371074215	0.8090476897789286	16.63677735384375	0.309021472669021	25.41680519821292	3.236021080875033
0.3931785570914183	0.810126661588797	16.69035095322185	0.3091787555129794	25.43077634373343	3.23437487915634
0.3932785770754151	0.8112076887256311	16.74414075455729	0.3093360783729264	25.44478288617263	3.23272993328127
0.3933785970594119	0.8122907769625907	16.79814781936252	0.3094934412488622	25.45882491534695	3.231086241972749
0.3934786170434087	0.8133759320945254	16.85237321531808	0.309650844140787	25.47290252142305	3.229443803955323
0.3935786370274055	0.8144631599380719	16.90681801631384	0.3098082870487004	25.48701579491947	3.227802617955164
0.3936786570114023	0.8155524663317619	16.96148330249114	0.3099657699726026	25.5011648267083	3.226162682700056
0.3937786769953991	0.8166438571361223	17.0163701602847	0.3101232929124937	25.51534970801676	3.2245239969194
0.3938786969793959	0.8177373382337781	17.07147968246512	0.3102808558683735	25.52957053042887	3.222886559344213
0.3939787169633927	0.8188329155295595	17.12681296818173	0.3104384588402422	25.54382738588719	3.221250368707119
0.3940787369473895	0.8199305949506034	17.18237112300559	0.3105961018280996	25.55812036669437	3.219615423742353
0.3941787569313863	0.8210303824464613	17.23815525897302	0.3107537848319458	25.57244956551489	3.217981723185754
0.3942787769153831	0.8221322839892058	17.2941664946294	0.3109115078517808	25.58681507537682	3.216349265774764
0.3943787968993799	0.8232363055735333	17.35040595507311	0.3110692708876047	25.60121698967338	3.214718050248426
0.3944788168833767	0.8243424532168753	17.40687477200017	0.3112270739394172	25.61565540216478	3.213088075347384
0.3945788368673735	0.8254507329595059	17.46357408374901	0.3113849170072187	25.63013040697984	3.211459339813872
0.3946788568513703	0.8265611508646464	17.52050503534545	0.3115428000910089	25.64464209861779	3.209831842391725
0.3947788768353671	0.8276737130185795	17.5776687785484	0.3117007231907878	25.65919057195	3.208205581826364
0.3948788968193639	0.8287884255307562	17.63506647189561	0.3118586863065557	25.6737759222217	3.206580556864799
0.3949789168033607	0.8299052945339055	17.69269928074982	0.3120166894383122	25.68839824505375	3.204956766255629
0.3950789367873574	0.8310243261841471	17.75056837734537	0.3121747325860575	25.70305763644442	3.203334208749034
0.3951789567713543	0.8321455266611035	17.80867494083522	0.3123328157497918	25.71775419277121	3.201712883096776
0.3952789767553511	0.8332689021680088	17.86702015733797	0.3124909389295147	25.73248801079254	3.200092788052198
0.3953789967393478	0.8343944589318247	17.92560521998574	0.3126491021252265	25.74725918764963	3.198473922370218
0.3954790167233447	0.8355222032033547	17.98443132897218	0.3128073053369271	25.76206782086833	3.196856284807327
0.3955790367073415	0.8366521412573535	18.04349969160066	0.3129655485646164	25.77691400836084	3.195239874121592
0.3956790566913383	0.8377842793926487	18.10281152233335	0.3131238318082946	25.79179784842767	3.193624689072645
0.3957790766753351	0.838918623932249	18.16236804284004	0.3132821550679615	25.80671943975936	3.192010728421688
0.3958790966593319	0.8400551812234667	18.22217048204797	0.3134405183436172	25.82167888143844	3.190397990931486
0.3959791166433287	0.8411939576380312	18.28222007619161	0.3135989216352618	25.83667627294124	3.188786475366367
0.3960791366273255	0.8423349595722062	18.34251806886293	0.3137573649428951	25.85171171413974	3.18717618049222
0.3961791566113222	0.8434781934469091	18.40306571106223	0.3139158482665172	25.86678530530353	3.18556710507649
0.3962791765953191	0.8446236657078313	18.46386426124925	0.3140743716061282	25.88189714710166	3.183959247888178
0.3963791965793159	0.8457713828255531	18.52491498539445	0.3142329349617278	25.89704734060453	3.182352607697839
0.3964792165633126	0.8469213512956694	18.58621915703129	0.3143915383333163	25.91223598728586	3.180747183277576
0.3965792365473095	0.8480735776389067	18.64777805730824	0.3145501817208937	25.92746318902459	3.179142973401042
0.3966792565313063	0.8492280684012466	18.70959297504165	0.3147088651244598	25.94272904810681	3.177539976843436
0.396779276515303	0.8503848301540474	18.77166520676889	0.3148675885440146	25.95803366722776	3.175938192381501
0.3968792964992999	0.8515438694941683	18.83399605680194	0.3150263519795584	25.97337714949373	3.174337618793518
0.3969793164832967	0.8527051930440912	18.89658683728128	0.3151851554310908	25.98875959842409	3.172738254859312
0.3970793364672934	0.853868807452047	18.95943886823041	0.315343998898612	26.00418111795323	3.17114009936024
0.3971793564512903	0.8550347193921417	19.02255347761078	0.3155028823821222	26.01964181243266	3.169543151079194
0.397279376435287	0.856202935564477	19.08593200137671	0.315661805881621	26.03514178663284	3.167947408800602
0.3973793964192839	0.8573734626952855	19.14957578353162	0.3158207693971087	26.0506811457454	3.166352871310416
0.3974794164032807	0.8585463075370492	19.21348617618375	0.3159797729285851	26.06625999538503	3.164759537396119
0.3975794363872774	0.8597214768686353	19.27766453960304	0.3161388164760504	26.08187844159159	3.163167405846719
0.3976794563712743	0.8608989774954211	19.34211224227817	0.3162979000395045	26.09753659083222	3.161576475452741
0.3977794763552711	0.8620788162494225	19.40683066097382	0.3164570236189473	26.11323455000325	3.15998674500624
0.3978794963392678	0.8632609999894286	19.47182118078898	0.3166161872143789	26.12897242643243	3.158398213300782
0.3979795163232647	0.8644455356011305	19.5370851952152	0.3167753908257994	26.14475032788098	3.156810879131449
0.3980795363072615	0.8656324299972521	19.60262410619547	0.3169346344532086	26.16056836254571	3.155224741294841
0.3981795562912582	0.8668216901176855	19.66843932418371	0.3170939180966066	26.17642663906111	3.153639798589066
0.3982795762752551	0.8680133229296237	19.73453226820452	0.3172532417559935	26.19232526650146	3.152056049813739
0.3983795962592518	0.8692073354276927	19.80090436591346	0.317412605431369	26.20826435438306	3.150473493769989
0.3984796162432486	0.8704037346340906	19.86755705365803	0.3175720091227334	26.22424401266633	3.148892129260441
0.3985796362272455	0.8716025275987217	19.93449177653887	0.3177314528300866	26.240264351758	3.147311955089226
0.3986796562112422	0.8728037213993304	20.0017099884714	0.3178909365534286	26.25632548251324	3.145732970061976
0.3987796761952391	0.8740073231416449	20.06921315224841	0.3180504602927595	26.27242751623795	3.144155172985817
0.3988796961792359	0.8752133399595086	20.13700273960251	0.318210024048079	26.2885705646909	3.142578562669377
0.3989797161632326	0.8764217790150249	20.20508023126968	0.3183696278193873	26.30475474008594	3.14100313792277
0.3990797361472295	0.8776326474986966	20.27344711705304	0.3185292716066846	26.32098015509435	3.139428897557603
0.3991797561312262	0.8788459526295608	20.3421048958869	0.3186889554099705	26.33724692284692	3.137855840386974
0.399279776115223	0.8800617016553393	20.41105507590196	0.3188486792292453	26.35355515693636	3.136283965225466
0.3993797960992199	0.8812799018525754	20.48029917449046	0.3190084430645089	26.36990497141949	3.134713270889145
0.3994798160832166	0.8825005605267775	20.54983871837199	0.3191682469157612	26.38629648081956	3.13314375619556
0.3995798360672134	0.8837236850125667	20.61967524366017	0.3193280907830023	26.40272980012855	3.131575419963741
0.3996798560512103	0.88494928267382	20.68981029592942	0.3194879746662323	26.4192050448095	3.130008261014192
0.399779876035207	0.8861773609038135	20.7602454302824	0.319647898565451	26.43572233079881	3.128442278168897
0.3998798960192038	0.8874079271253745	20.83098221141824	0.3198078624806585	26.45228177450861	3.126877470251309
0.3999799160032007	0.8886409887910264	20.9020222137011	0.3199678664118549	26.46888349282913	3.125313836086353
0.4000799359871974	0.8898765533831361	20.97336702122916	0.32012791035904	26.48552760313103	3.123751374500425
0.4001799559711942	0.8911146284140663	21.04501822790456	0.3202879943222139	26.50221422326782	3.122190084321384
0.400279975955191	0.8923552214263248	21.11697743750364	0.3204481183013766	26.5189434715783	3.120629964378555
0.4003799959391878	0.893598339992714	21.18924626374761	0.3206082822965281	26.53571546688888	3.119071013502726
0.4004800159231847	0.8948439917164874	21.26182633037435	0.3207684863076685	26.55253032851609	3.117513230526142
0.4005800359071814	0.8960921842314977	21.33471927121009	0.3209287303347976	26.56938817626898	3.115956614282509
0.4006800558911782	0.8973429252023543	21.40792673024222	0.3210890143779154	26.58628913045164	3.114401163606986
0.4007800758751751	0.898596222324578	21.48145036169253	0.3212493384370221	26.60323331186562	3.112846877336186
0.4008800958591718	0.8998520833247553	21.55529183009084	0.3214097025121176	26.62022084181243	3.111293754308175
0.4009801158431686	0.9011105159606968	21.62945281034963	0.3215701066032018	26.63725184209608	3.109741793362465
0.4010801358271655	0.9023715280215953	21.70393498783898	0.321730550710275	26.65432643502556	3.108190993340016
0.4011801558111622	0.9036351273281819	21.77874005846209	0.3218910348333368	26.67144474341738	3.106641353083234
0.401280175795159	0.9049013217328895	21.85386972873182	0.3220515589723875	26.68860689059817	3.105092871435966
0.4013801957791558	0.9061701191200118	21.92932571584738	0.322212123127427	26.70581300040718	3.103545547243499
0.4014802157631526	0.907441527405863	22.0051097477719	0.3223727272984552	26.72306319719893	3.10199937935256
0.4015802357471494	0.9087155545389449	22.0812235633107	0.3225333714854722	26.74035760584574	3.10045436661131
0.4016802557311462	0.9099922085001083	22.15766891219006	0.3226940556884781	26.75769635174042	3.098910507869344
0.401780275715143	0.911271497302715	22.23444755513656	0.3228547799074727	26.77507956079882	3.097367801977692
0.4018802956991399	0.9125534289928093	22.3115612639575	0.3230155441424562	26.79250735946257	3.095826247788807
0.4019803156831366	0.9138380116492785	22.38901182162131	0.3231763483934283	26.80997987470161	3.094285844156579
0.4020803356671334	0.9151252533840266	22.46680102233946	0.3233371926603893	26.82749723401706	3.092746589936314
0.4021803556511303	0.9164151623421395	22.54493067164829	0.3234980769433392	26.84505956544372	3.091208483984745
0.402280375635127	0.9177077467020538	22.62340258649186	0.3236590012422778	26.86266699755292	3.089671525160028
0.4023803956191238	0.919003014675731	22.70221859530558	0.3238199655572052	26.88031965945517	3.088135712321737
0.4024804156031206	0.9203009745088286	22.78138053810049	0.3239809698881214	26.89801768080298	3.086601044330858
0.4025804355871174	0.92160163448087	22.86089026654784	0.3241420142350264	26.91576119179352	3.0850675200498
0.4026804555711142	0.9229050029054218	22.94074964406506	0.3243030985979202	26.93355032317151	3.083535138342379
0.402780475555111	0.9242110881302695	23.02096054590206	0.3244642229768028	26.95138520623195	3.082003898073822
0.4028804955391078	0.9255198985375885	23.10152485922796	0.3246253873716741	26.96926597282295	3.080473798110767
0.4029805155231046	0.9268314425441292	23.18244448321941	0.3247865917825343	26.98719275534858	3.078944837321255
0.4030805355071014	0.9281457286013894	23.26372132914871	0.3249478362093833	27.0051656867717	3.077417014574733
0.4031805554910982	0.9294627651957934	23.3453573204731	0.325109120652221	27.0231849006168	3.075890328742053
0.403280575475095	0.9307825608488783	23.4273543929251	0.3252704451110476	27.04125053097297	3.074364778695462
0.4033805954590918	0.932105124117471	23.50971449460299	0.325431809585863	27.05936271249675	3.072840363308605
0.4034806154430886	0.9334304635938703	23.59243958606234	0.3255932140766671	27.07752158041499	3.071317081456529
0.4035806354270854	0.9347585879060364	23.67553164040865	0.3257546585834601	27.09572727052792	3.069794932015668
0.4036806554110822	0.9360895057177691	23.75899264338998	0.3259161431062418	27.11397991921201	3.068273913863852
0.403780675395079	0.9374232257288988	23.84282459349121	0.3260776676450123	27.13227966342298	3.0667540258803
0.4038806953790758	0.9387597566754738	23.92702950202859	0.3262392321997717	27.15062664069881	3.065235266945616
0.4039807153630726	0.9400991073299457	24.0116093932451	0.3264008367705198	27.16902098916272	3.063717635941793
0.4040807353470694	0.9414412865013627	24.0965663044069	0.3265624813572567	27.18746284752621	3.062201131752206
0.4041807553310662	0.942786303035559	24.1819022859004	0.3267241659599824	27.20595235509217	3.060685753261609
0.404280775315063	0.9441341658153458	24.26761940132999	0.3268858905786969	27.22448965175781	3.059171499356142
0.4043807952990598	0.9454848837607073	24.35371972761708	0.3270476552134002	27.24307487801795	3.057658368923315
0.4044808152830566	0.9468384658289948	24.4402053550996	0.3272094598640923	27.26170817496796	3.056146360852017
0.4045808352670534	0.9481949210151196	24.52707838763226	0.3273713045307732	27.28038968430694	3.054635474032511
0.4046808552510502	0.9495542583517534	24.61434094268808	0.3275331892134429	27.29911954834091	3.05312570735643
0.404780875235047	0.9509164869095269	24.70199515146059	0.3276951139121014	27.31789790998597	3.051617059716773
0.4048808952190438	0.9522816157972245	24.7900431589665	0.3278570786267487	27.33672491277142	3.050109530007914
0.4049809152030406	0.9536496541619911	24.87848712415005	0.3280190833573847	27.35560070084302	3.048603117125585
0.4050809351870374	0.9550206111895331	24.96732921998773	0.3281811281040096	27.3745254189663	3.047097819966883
0.4051809551710342	0.9563944961043158	25.0565716335936	0.3283432128666233	27.39349921252959	3.045593637430268
0.405280975155031	0.9577713181697767	25.14621656632647	0.3285053376452258	27.41252222754754	3.044090568415557
0.4053809951390278	0.9591510866885242	25.23626623389695	0.328667502439817	27.43159461066424	3.042588611823927
0.4054810151230246	0.9605338110025511	25.3267228664763	0.328829707250397	27.45071650915663	3.041087766557906
0.4055810351070214	0.9619195004934386	25.41758870880554	0.3289919520769659	27.46988807093777	3.039588031521377
0.4056810550910182	0.9633081645825661	25.50886602030575	0.3291542369195235	27.48910944456021	3.038089405619575
0.405781075075015	0.9646998127313268	25.60055707518963	0.3293165617780699	27.50838077921939	3.036591887759083
0.4058810950590118	0.966094454441337	25.69266416257357	0.3294789266526052	27.52770222475705	3.03509547684783
0.4059811150430086	0.9674920992546484	25.78518958659065	0.3296413315431292	27.54707393166456	3.033600171795093
0.4060811350270054	0.9688927567539676	25.87813566650522	0.3298037764496419	27.56649605108646	3.03210597151149
0.4061811550110022	0.9702964365628721	25.97150473682796	0.3299662613721436	27.58596873482392	3.03061287490898
0.406281174994999	0.9717031483460229	26.06529914743169	0.330128786310634	27.60549213533808	3.029120880900862
0.4063811949789958	0.9731129018093923	26.15952126366919	0.3302913512651132	27.62506640575383	3.027629988401772
0.4064812149629926	0.9745257067004793	26.25417346649088	0.3304539562355812	27.64469169986302	3.026140196327679
0.4065812349469894	0.9759415728085316	26.34925815256418	0.330616601222038	27.66436817212828	3.02465150359589
0.4066812549309862	0.9773605099647742	26.44477773439404	0.3307792862244836	27.68409597768646	3.023163909125039
0.406781274914983	0.9787825280426281	26.5407346404438	0.3309420112429179	27.70387527235224	3.021677411835091
0.4068812948989798	0.9802076369579426	26.63713131525796	0.3311047762773411	27.72370621262176	3.020192010647339
0.4069813148829766	0.9816358466692212	26.73397021958552	0.3312675813277531	27.74358895567634	3.018707704484397
0.4070813348669734	0.9830671671778484	26.83125383050421	0.3314304263941539	27.76352365938599	3.01722449227021
0.4071813548509702	0.9845016085283256	26.92898464154655	0.3315933114765434	27.78351048231328	3.015742372930037
0.407281374834967	0.9859391808085015	27.02716516282633	0.3317562365749218	27.80354958371694	3.014261345390461
0.4073813948189638	0.9873798941498039	27.1257979211663	0.3319192016892889	27.82364112355563	3.012781408579383
0.4074814148029606	0.9888237587274802	27.22488546022745	0.3320822068196448	27.84378526249171	3.011302561426014
0.4075814347869574	0.9902707847608304	27.32443034063883	0.3322452519659896	27.86398216189506	3.009824802860885
0.4076814547709542	0.9917209825134458	27.42443514012872	0.3324083371283231	27.88423198384681	3.008348131815838
0.407781474754951	0.9931743622934525	27.52490245365732	0.3325714623066454	27.90453489114328	3.00687254722402
0.4078814947389478	0.9946309344537513	27.62583489355007	0.3327346275009566	27.92489104729979	3.005398048019889
0.4079815147229446	0.9960907093922579	27.72723508963222	0.3328978327112565	27.94530061655454	3.003924633139212
0.4080815347069414	0.9975536975521536	27.82910568936514	0.3330610779375452	27.96576376387257	3.002452301519055
0.4081815546909382	0.9990199094221289	27.93144935798315	0.3332243631798227	27.98628065494964	3.000981052097789
0.408281574674935	1.00048935553663	28.03426877863186	0.333387688438089	28.00685145621625	2.999510883815083
0.4083815946589318	1.001962046476112	28.13756665250789	0.3335510537123442	28.02747633484161	2.998041795611907
0.4084816146429286	1.003437992867287	28.24134569899942	0.333714459002588	28.04815545873764	2.996573786430527
0.4085816346269254	1.00491720538338	28.34560865582855	0.3338779043088207	28.06888899656308	2.995106855214501
0.4086816546109222	1.006399694744383	28.45035827919433	0.3340413896310422	28.08967711772749	2.993641000908681
0.408781674594919	1.007885471717308	28.55559734391736	0.3342049149692525	28.11051999239536	2.992176222459212
0.4088816945789158	1.009374547116451	28.66132864358588	0.3343684803234515	28.13141779149027	2.990712518813524
0.4089817145629126	1.010866931803649	28.76755499070284	0.3345320856936395	28.15237068669905	2.989249888920336
0.4090817345469094	1.012362636688535	28.8742792168341	0.334695731079816	28.17337885047586	2.987788331729653
0.4091817545309062	1.013861672728814	28.9815041727588	0.3348594164819815	28.19444245604656	2.98632784619276
0.409281774514903	1.015364050930522	29.0892327286201	0.3350231419001358	28.21556167741279	2.984868431262224
0.4093817944988998	1.016869782348284	29.19746777407763	0.3351869073342788	28.23673668935634	2.983410085891897
0.4094818144828966	1.018378878085598	29.3062122184618	0.3353507127844106	28.25796766744337	2.9819528090369
0.4095818344668934	1.019891349295097	29.41546899092872	0.3355145582505313	28.27925478802881	2.980496599653635
0.4096818544508902	1.021407207178818	29.52524104061678	0.3356784437326407	28.30059822826063	2.979041456699777
0.409781874434887	1.022926462988482	29.63553133680508	0.3358423692307389	28.32199816608426	2.977587379134271
0.4098818944188838	1.02444912802577	29.74634286907269	0.336006334744826	28.34345478024698	2.976134365917333
0.4099819144028806	1.025975213642593	29.85767864745938	0.3361703402749018	28.36496825030238	2.97468241601045
0.4100819343868774	1.027504731241379	29.96954170262849	0.3363343858209664	28.38653875661482	2.973231528376371
0.4101819543708742	1.029037692275353	30.08193508603031	0.3364984713830198	28.40816648036388	2.971781701979112
0.410281974354871	1.030574108248816	30.19486187006769	0.336662596961062	28.42985160354896	2.97033293578395
0.4103819943388678	1.032113990717435	30.30832514826287	0.336826762555093	28.45159430899382	2.968885228757424
0.4104820143228646	1.033657351288525	30.42232803542552	0.3369909681651128	28.47339478035108	2.967438579867333
0.4105820343068614	1.035204201621344	30.53687366782298	0.3371552137911213	28.49525320210697	2.965992988082731
0.4106820542908582	1.036754553427379	30.6519652033516	0.3373194994331188	28.51716975958591	2.964548452373927
0.410782074274855	1.038308418470638	30.7676058217094	0.3374838250911049	28.53914463895518	2.963104971712486
0.4108820942588517	1.039865808567951	30.88379872457103	0.3376481907650798	28.56117802722965	2.961662545071222
0.4109821142428486	1.04142673558926	31.0005471357638	0.3378125964550437	28.58327011227656	2.9602211714242
0.4110821342268454	1.04299121145792	31.11785430144509	0.3379770421609962	28.6054210828202	2.958780849746733
0.4111821542108421	1.044559248151003	31.23572349028225	0.3381415278829376	28.6276311284468	2.957341579015381
0.411282174194839	1.046130857699594	31.35415799363333	0.3383060536208677	28.64990043960941	2.955903358207945
0.4113821941788358	1.047706052189104	31.47316112572965	0.3384706193747867	28.67222920763259	2.954466186303472
0.4114822141628326	1.049284843759569	31.59273622386047	0.3386352251446945	28.6946176247176	2.953030062282247
0.4115822341468294	1.050867244605963	31.71288664855863	0.3387998709305909	28.717065883947	2.951594985125798
0.4116822541308262	1.052453266978512	31.83361578378878	0.3389645567324763	28.73957417928996	2.950160953816885
0.411782274114823	1.054042923183001	31.95492703713642	0.3391292825503505	28.76214270560703	2.948727967339506
0.4118822940988198	1.055636225581092	32.07682383999926	0.3392940483842133	28.78477165865527	2.947296024678893
0.4119823140828165	1.057233186590644	32.19930964778037	0.339458854234065	28.80746123509332	2.945865124821508
0.4120823340668134	1.058833818686029	32.32238794008283	0.3396237000999056	28.83021163248655	2.944435266755042
0.4121823540508102	1.060438134398454	32.44606222090616	0.3397885859817348	28.8530230493121	2.943006449468419
0.4122823740348069	1.062046146316288	32.57033601884494	0.3399535118795529	28.87589568496418	2.941578671951783
0.4123823940188038	1.063657867085388	32.69521288728897	0.3401184777933599	28.89882973975922	2.940151933196506
0.4124824140028006	1.065273309409421	32.82069640462519	0.3402834837231555	28.9218254149411	2.938726232195184
0.4125824339867973	1.066892486050204	32.94679017444179	0.34044852966894	28.94488291268652	2.93730156794163
0.4126824539707942	1.068515409828032	33.07349782573422	0.3406136156307133	28.96800243611027	2.935877939430879
0.412782473954791	1.070142093622013	33.20082301311248	0.3407787416084753	28.99118418927057	2.934455345659183
0.4128824939387877	1.071772550370406	33.32876941701135	0.3409439076022261	29.01442837717452	2.93303378562401
0.4129825139227846	1.073406793070966	33.45734074390183	0.3411091136119659	29.03773520578353	2.931613258324039
0.4130825339067813	1.075044834781276	33.58654072650452	0.3412743596376943	29.06110488201875	2.930193762759165
0.4131825538907782	1.076686688619102	33.71637312400583	0.3414396456794117	29.08453761376662	2.92877529793049
0.413282573874775	1.078332367762732	33.84684172227493	0.3416049717371176	29.10803360988437	2.92735786284033
0.4133825938587717	1.079981885451333	33.9779503340842	0.3417703378108125	29.13159308020572	2.9259414564922
0.4134826138427686	1.081635254985297	34.10970279933041	0.3419357439004961	29.15521623554639	2.924526077890826
0.4135826338267654	1.083292489726595	34.24210298525865	0.3421011900061686	29.17890328770979	2.923111726042136
0.4136826538107621	1.084953603099141	34.37515478668849	0.3422666761278297	29.20265444949278	2.921698399953258
0.413782673794759	1.086618608589144	34.50886212624195	0.3424322022654798	29.22646993469133	2.92028609863252
0.4138826937787558	1.088287519745469	34.64322895457347	0.3425977684191186	29.2503499581064	2.918874821089451
0.4139827137627525	1.089960350180009	34.77825925060267	0.3427633745887462	29.27429473554968	2.917464566334774
0.4140827337467494	1.091637113568046	34.91395702174884	0.3429290207743627	29.29830448384954	2.916055333380405
0.4141827537307461	1.093317823648621	35.05032630416733	0.3430947069759678	29.32237942085684	2.914647121239458
0.4142827737147429	1.095002494224905	35.18737116298921	0.3432604331935618	29.34651976545094	2.913239928926233
0.4143827936987398	1.096691139164579	35.32509569256221	0.3434261994271446	29.3707257375457	2.911833755456222
0.4144828136827365	1.098383772400203	35.46350401669423	0.3435920056767162	29.39499755809546	2.910428599846105
0.4145828336667333	1.100080407929606	35.60260028889968	0.3437578519422765	29.41933544910119	2.909024461113746
0.4146828536507302	1.101781059816257	35.74238869264727	0.3439237382238258	29.44373963361652	2.907621338278195
0.4147828736347269	1.10348574218966	35.88287344161068	0.3440896645213637	29.46821033575393	2.906219230359686
0.4148828936187238	1.105194469245737	36.02405877992201	0.3442556308348905	29.49274778069104	2.904818136379628
0.4149829136027205	1.106907255247218	36.16594898242649	0.344421637164406	29.51735219467671	2.903418055360618
0.4150829335867173	1.108624114524038	36.30854835494095	0.3445876835099104	29.54202380503746	2.902018986326422
0.4151829535707142	1.110345061473734	36.45186123451391	0.3447537698714036	29.56676284018372	2.900620928301986
0.4152829735547109	1.112070110561835	36.59589198968806	0.3449198962488855	29.59156952961622	2.899223880313432
0.4153829935387077	1.113799276322276	36.74064502076632	0.3450860626423562	29.61644410393252	2.897827841388048
0.4154830135227046	1.115532573357797	36.88612476007911	0.3452522690518158	29.64138679483335	2.8964328105543
0.4155830335067013	1.117270016340346	37.0323356722549	0.3454185154772641	29.66639783512917	2.895038786841817
0.4156830534906981	1.119011620011498	37.17928225449348	0.3455848019187012	29.69147745874677	2.893645769281399
0.415783073474695	1.120757399182866	37.32696903684167	0.3457511283761271	29.71662590073588	2.89225375690501
0.4158830934586917	1.122507368736512	37.47540058247119	0.3459174948495418	29.74184339727576	2.890862748745778
0.4159831134426885	1.124261543625374	37.62458148796034	0.3460839013389453	29.76713018568197	2.889472743837994
0.4160831334266853	1.126019938873682	37.77451638357729	0.3462503478443377	29.79248650441314	2.888083741217109
0.4161831534106821	1.127782569577388	37.92520993356668	0.3464168343657187	29.81791259307768	2.886695739919733
0.416283173394679	1.129549450904594	38.07666683643917	0.3465833609030887	29.84340869244076	2.885308738983632
0.4163831933786757	1.131320598095976	38.22889182526284	0.3467499274564473	29.86897504443108	2.883922737447732
0.4164832133626725	1.133096026465232	38.38188966795902	0.3469165340257948	29.89461189214793	2.882537734352106
0.4165832333466694	1.134875751399509	38.53566516759939	0.3470831806111311	29.92031947986811	2.881153728737985
0.4166832533306661	1.136659788359847	38.69022316270678	0.3472498672124562	29.94609805305306	2.879770719647748
0.4167832733146629	1.138448152881625	38.84556852755895	0.34741659382977	29.97194785835584	2.878388706124924
0.4168832932986598	1.140240860575006	39.00170617249525	0.3475833604630728	29.99786914362846	2.877007687214187
0.4169833132826565	1.142037927125386	39.15864104422565	0.3477501671123642	30.02386215792891	2.87562766196136
0.4170833332666533	1.143839368293854	39.31637812614402	0.3479170137776444	30.04992715152848	2.874248629413407
0.4171833532506501	1.145645199917644	39.47492243864345	0.3480839004589135	30.07606437591917	2.872870588618436
0.4172833732346469	1.147455437910592	39.63427903943486	0.3482508271561713	30.10227408382087	2.871493538625696
0.4173833932186437	1.149270098263611	39.79445302386922	0.3484177938694179	30.12855652918891	2.870117478485573
0.4174834132026405	1.151089197045146	39.95544952526244	0.3485848005986534	30.15491196722152	2.868742407249592
0.4175834331866373	1.152912750401651	40.11727371522342	0.3487518473438776	30.18134065436724	2.867368323970414
0.4176834531706341	1.154740774558062	40.27993080398588	0.3489189341050906	30.20784284833266	2.865995227701833
0.4177834731546309	1.156573285818276	40.44342604074311	0.3490860608822924	30.23441880808996	2.864623117498776
0.4178834931386277	1.158410300565625	40.60776471398547	0.3492532276754831	30.26106879388459	2.863251992417301
0.4179835131226246	1.16025183526337	40.77295215184251	0.3494204344846625	30.28779306724311	2.861881851514595
0.4180835331066213	1.162097906455181	40.93899372242722	0.3495876813098306	30.31459189098085	2.860512693848973
0.4181835530906181	1.163948530765634	41.10589483418461	0.3497549681509876	30.3414655292099	2.859144518479876
0.4182835730746149	1.165803724900702	41.27366093624319	0.3499222950081335	30.36841424734699	2.857777324467869
0.4183835930586117	1.167663505648257	41.44229751876981	0.3500896618812681	30.39543831212139	2.85641111087464
0.4184836130426085	1.169527889878568	41.6118101133289	0.3502570687703914	30.42253799158308	2.855045876762999
0.4185836330266053	1.171396894544815	41.78220429324455	0.3504245156755036	30.44971355511079	2.853681621196873
0.4186836530106021	1.17327053668359	41.953485673966	0.3505920025966046	30.47696527342007	2.85231834324131
0.4187836729945989	1.175148833415417	42.12565991343754	0.3507595295336943	30.50429341857161	2.850956041962473
0.4188836929785957	1.177031801945266	42.29873271247183	0.3509270964867729	30.53169826397952	2.849594716427638
0.4189837129625925	1.178919459563074	42.47270981512623	0.3510947034558402	30.55918008441958	2.848234365705199
0.4190837329465893	1.180811823644274	42.64759700908424	0.3512623504408963	30.5867391560377	2.846874988864657
0.4191837529305861	1.182708911650322	42.82340012603975	0.3514300374419413	30.6143757563584	2.845516584976624
0.4192837729145829	1.184610741129226	43.00012504208511	0.3515977644589751	30.64209016429326	2.844159153112822
0.4193837928985797	1.18651732971609	43.17777767810408	0.3517655314919976	30.6698826601496	2.842802692346078
0.4194838128825765	1.188428695133649	43.35636400016757	0.3519333385410089	30.69775352563903	2.841447201750326
0.4195838328665733	1.190344855192818	43.53589001993419	0.3521011856060091	30.72570304388627	2.840092680400601
0.4196838528505701	1.192265827793238	43.71636179505456	0.352269072686998	30.7537314994379	2.838739127373044
0.4197838728345669	1.194191630923832	43.89778542957924	0.3524369997839757	30.7818391782711	2.837386541744892
0.4198838928185637	1.19612228266336	44.08016707437199	0.3526049668969422	30.81002636780273	2.836034922594484
0.4199839128025605	1.198057801180983	44.26351292752602	0.3527729740258975	30.83829335689825	2.834684269001255
0.4200839327865573	1.199998204736825	44.44782923478462	0.3529410211708416	30.86664043588067	2.833334580045737
0.4201839527705541	1.201943511682544	44.63312228996715	0.3531091083317744	30.89506789653983	2.831985854809555
0.4202839727545509	1.203893740461913	44.81939843539801	0.3532772355086962	30.92357603214146	2.830638092375426
0.4203839927385477	1.205848909611386	45.00666406234041	0.3534454027016067	30.9521651374365	2.829291291827161
0.4204840127225445	1.20780903776069	45.19492561143517	0.3536136099105059	30.98083550867037	2.827945452249659
0.4205840327065413	1.209774143633415	45.38418957314352	0.3537818571353941	31.00958744359246	2.826600572728903
0.4206840526905381	1.211744246047593	45.57446248819356	0.3539501443762709	31.03842124146543	2.825256652351972
0.4207840726745349	1.213719363916307	45.76575094803334	0.3541184716331365	31.06733720307494	2.823913690207019
0.4208840926585317	1.215699516248287	45.95806159528683	0.354286838905991	31.09633563073917	2.822571685383287
0.4209841126425285	1.217684722148514	46.15140112421479	0.3544552461948343	31.12541682831842	2.821230636971099
0.4210841326265253	1.219675000818832	46.34577628118135	0.3546236934996663	31.15458110122502	2.819890544061859
0.4211841526105221	1.221670371558559	46.54119386512438	0.3547921808204871	31.18382875643304	2.818551405748049
0.4212841725945189	1.223670853765115	46.73766072803134	0.3549607081572967	31.21316010248829	2.817213221123228
0.4213841925785157	1.225676466934637	46.93518377541963	0.3551292755100953	31.24257544951826	2.81587598928203
0.4214842125625125	1.227687230662609	47.13376996682172	0.3552978828788825	31.27207510924207	2.814539709320165
0.4215842325465093	1.229703164644499	47.33342631627624	0.3554665302636584	31.30165939498082	2.813204380334416
0.4216842525305061	1.231724288676401	47.53415989282342	0.3556352176644233	31.33132862166767	2.811870001422632
0.4217842725145029	1.233750622655665	47.73597782100519	0.3558039450811769	31.36108310585812	2.810536571683738
0.4218842924984997	1.235782186581559	47.93888728137165	0.3559727125139193	31.39092316574039	2.809204090217724
0.4219843124824965	1.237819000555917	48.14289551099227	0.3561415199626505	31.42084912114597	2.807872556125645
0.4220843324664933	1.239861084783794	48.34800980397161	0.3563103674273705	31.45086129355995	2.806541968509625
0.4221843524504901	1.241908459574137	48.55423751197212	0.3564792549080792	31.48096000613188	2.805212326472847
0.4222843724344869	1.243961145340446	48.76158604474089	0.3566481824047769	31.51114558368625	2.803883629119558
0.4223843924184837	1.246019162601451	48.97006287064207	0.3568171499174632	31.54141835273336	2.802555875555068
0.4224844124024805	1.248082531981794	49.17967551719623	0.3569861574461384	31.57177864148018	2.801229064885741
0.4225844323864773	1.250151274212707	49.39043157162359	0.3571552049908024	31.60222677984131	2.799903196219
0.4226844523704741	1.252225410132703	49.6023386813935	0.3573242925514551	31.6327630994499	2.798578268663328
0.4227844723544709	1.254304960688277	49.81540455478097	0.3574934201280968	31.66338793366895	2.797254281328257
0.4228844923384677	1.256389946934597	50.02963696142665	0.3576625877207271	31.6941016176023	2.795931233324375
0.4229845123224645	1.258480390036217	50.24504373290522	0.3578317953293462	31.72490448810612	2.79460912376332
0.4230845323064613	1.260576311267786	50.4616327632978	0.3580010429539542	31.75579688380014	2.79328795175778
0.4231845522904581	1.262677732014759	50.67941200977123	0.3581703305945509	31.78677914507913	2.791967716421494
0.4232845722744549	1.26478467377413	50.89838949316386	0.3583396582511364	31.81785161412457	2.790648416869245
0.4233845922584517	1.266897158155154	51.11857329857708	0.3585090259237108	31.84901463491619	2.78933005221686
0.4234846122424485	1.269015206880078	51.33997157597221	0.3586784336122739	31.88026855324368	2.788012621581216
0.4235846322264453	1.271138841784886	51.56259254077582	0.3588478813168258	31.91161371671864	2.786696124080228
0.4236846522104421	1.273268084820044	51.7864444744899	0.3590173690373666	31.9430504747864	2.785380558832851
0.4237846721944389	1.275402958051243	52.01153572530816	0.359186896773896	31.97457917873805	2.784065924959084
0.4238846921784357	1.277543483660168	52.2378747087409	0.3593564645264143	32.00620018172262	2.782752221579961
0.4239847121624325	1.279689683945256	52.46546990824461	0.3595260722949215	32.03791383875922	2.781439447817553
0.4240847321464293	1.28184158132246	52.69432987585866	0.3596957200794174	32.06972050674928	2.780127602794967
0.4241847521304261	1.283999198326031	52.92446323284977	0.3598654078799021	32.10162054448917	2.778816685636342
0.4242847721144229	1.286162557609296	53.15587867036227	0.3600351356963755	32.13361431268245	2.777506695466853
0.4243847920984197	1.28833168194545	53.38858495007599	0.3602049035288378	32.16570217395261	2.776197631412701
0.4244848120824165	1.290506594228344	53.62259090487103	0.3603747113772889	32.19788449285574	2.774889492601119
0.4245848320664133	1.292687317473286	53.85790543949896	0.3605445592417287	32.2301616358933	2.773582278160369
0.4246848520504101	1.294873874817851	54.09453753126306	0.3607144471221574	32.26253397152508	2.772275987219736
0.4247848720344069	1.297066289522693	54.33249623070388	0.3608843750185749	32.29500187018214	2.770970618909532
0.4248848920184037	1.299264584972359	54.57179066229303	0.3610543429309811	32.32756570427993	2.769666172361093
0.4249849120024005	1.301468784676125	54.81243002513517	0.3612243508593762	32.36022584823156	2.768362646706777
0.4250849319863973	1.30367891226882	55.05442359367617	0.36139439880376	32.39298267846105	2.767060041079961
0.4251849519703941	1.305894991511667	55.29778071842001	0.3615644867641326	32.42583657341676	2.765758354615043
0.4252849719543909	1.308117046293133	55.54251082665323	0.361734614740494	32.45878791358499	2.764457586447438
0.4253849919383877	1.310345100629778	55.78862342317703	0.3619047827328443	32.4918370815036	2.763157735713576
0.4254850119223845	1.312579178667114	56.03612809104695	0.3620749907411833	32.52498446177563	2.761858801550906
0.4255850319063813	1.314819304680475	56.28503449232193	0.3622452387655111	32.55823044108337	2.760560783097886
0.4256850518903781	1.317065503075891	56.53535236882047	0.3624155268058278	32.59157540820223	2.759263679493987
0.4257850718743749	1.319317798390961	56.78709154288435	0.3625858548621331	32.62501975401477	2.757967489879693
0.4258850918583717	1.321576215295754	57.04026191815321	0.3627562229344274	32.65856387152506	2.756672213396494
0.4259851118423685	1.32384077859369	57.29487348034449	0.3629266310227104	32.69220815587282	2.755377849186891
0.4260851318263653	1.32611151322245	57.55093629804437	0.3630970791269821	32.72595300434797	2.754084396394388
0.4261851518103621	1.328388444254889	57.80846052350644	0.3632675672472428	32.75979881640521	2.752791854163496
0.4262851717943589	1.330671596899942	58.06745639345831	0.3634380953834921	32.79374599367853	2.75150022163973
0.4263851917783557	1.332960996503558	58.327934229919	0.3636086635357302	32.82779493999614	2.750209497969606
0.4264852117623525	1.335256668549633	58.58990444102409	0.3637792717039573	32.8619460613954	2.748919682300639
0.4265852317463493	1.337558638660936	58.85337752185918	0.363949919888173	32.89619976613766	2.747630773781347
0.426685251730346	1.339866932600073	59.11836405530484	0.3641206080883775	32.93055646472366	2.746342771561243
0.4267852717143429	1.342181576270436	59.38487471288924	0.3642913363045709	32.96501656990866	2.745055674790838
0.4268852916983397	1.34450259571716	59.65292025564991	0.3644621045367531	32.99958049671784	2.743769482621637
0.4269853116823364	1.346830017128101	59.92251153500661	0.364632912784924	33.03424866246191	2.74248419420614
0.4270853316663333	1.349163866834816	60.193659493643	0.3648037610490838	33.06902148675272	2.741199808697837
0.4271853516503301	1.351504171313541	60.46637516639723	0.3649746493292323	33.10389939151907	2.739916325251212
0.4272853716343268	1.353850957186195	60.74066968116465	0.3651455776253696	33.1388828010226	2.738633743021737
0.4273853916183237	1.356204251221382	61.01655425980866	0.3653165459374958	33.17397214187385	2.737352061165869
0.4274854116023205	1.358564080335395	61.29404021908194	0.3654875542656107	33.20916784304844	2.736071278841058
0.4275854315863173	1.360930471593248	61.57313897155955	0.3656586026097144	33.24447033590343	2.734791395205734
0.4276854515703141	1.363303452209693	61.85386202658036	0.3658296909698069	33.2798800541937	2.733512409419314
0.4277854715543108	1.365683049550263	62.13622099120061	0.3660008193458882	33.31539743408861	2.732234320642196
0.4278854915383077	1.368069291132323	62.42022757115774	0.3661719877379583	33.35102291418869	2.730957128035759
0.4279855115223045	1.370462204626109	62.70589357184407	0.3663431961460172	33.38675693554247	2.729680830762364
0.4280855315063012	1.372861817855804	62.99323089929321	0.3665144445700649	33.42259994166356	2.728405427985348
0.4281855514902981	1.37526815880061	63.28225156117668	0.3666857330101014	33.45855237854781	2.727130918869025
0.4282855714742949	1.377681255595817	63.57296766781075	0.3668570614661267	33.49461469469045	2.725857302578688
0.4283855914582916	1.38010113653391	63.86539143317712	0.3670284299381407	33.53078734110374	2.7245845782806
0.4284856114422885	1.382527830065653	64.15953517595295	0.3671998384261436	33.56707077133445	2.723312745142
0.4285856314262853	1.384961364801208	64.45541132055324	0.3673712869301353	33.60346544148153	2.722041802331097
0.428685651410282	1.387401769511245	64.75303239818565	0.3675427754501157	33.63997181021406	2.720771749017072
0.4287856713942789	1.389849073128079	65.05241104791705	0.367714303986085	33.6765903387894	2.719502584370071
0.4288856913782756	1.392303304746791	65.3535600177506	0.367885872538043	33.71332149107108	2.718234307561213
0.4289857113622725	1.394764493626394	65.65649216571866	0.3680574811059899	33.75016573354746	2.716966917762579
0.4290857313462693	1.397232669190972	65.96122046098401	0.3682291296899255	33.78712353534998	2.715700414147217
0.429185751330266	1.399707861030855	66.26775798495727	0.3684008182898499	33.82419536827196	2.714434795889137
0.4292857713142629	1.402190098903793	66.57611793242451	0.3685725469057632	33.86138170678733	2.713170062163313
0.4293857912982597	1.40467941273614	66.88631361268912	0.3687443155376652	33.8986830280696	2.711906212145677
0.4294858112822564	1.407175832624051	67.19835845072681	0.368916124185556	33.93609981201107	2.710643245013124
0.4295858312662533	1.40967938883469	67.51226598835339	0.3690879728494357	33.97363254124203	2.709381159943502
0.4296858512502501	1.412190111807437	67.82804988540542	0.369259861529304	34.01128170115024	2.708119956115624
0.4297858712342468	1.414708032155132	68.14572392093679	0.3694317902251612	34.0490477799006	2.706859632709249
0.4298858912182437	1.417233180665294	68.46530199442633	0.3696037589370073	34.08693126845489	2.705600188905095
0.4299859112022404	1.419765588301378	68.78679812700069	0.369775767664842	34.12493266059173	2.704341623884834
0.4300859311862372	1.422305286204036	69.11022646267213	0.3699478164086656	34.16305245292676	2.703083936831087
0.4301859511702341	1.424852305692379	69.43560126958911	0.370119905168478	34.20129114493292	2.701827126927425
0.4302859711542308	1.42740667826526	69.76293694130226	0.3702920339442792	34.23964923896091	2.70057119335837
0.4303859911382276	1.429968435602566	70.09224799804497	0.3704642027360691	34.27812724025984	2.699316135309389
0.4304860111222245	1.432537609566526	70.42354908802966	0.3706364115438479	34.31672565699821	2.698061951966896
0.4305860311062212	1.435114232203009	70.75685498875663	0.3708086603676155	34.35544500028465	2.69680864251825
0.4306860510902181	1.437698335742867	71.09218060834189	0.3709809492073718	34.39428578418938	2.695556206151755
0.4307860710742148	1.440289952603259	71.42954098685719	0.371153278063117	34.43324852576545	2.694304642056653
0.4308860910582116	1.442889115389004	71.76895129768788	0.3713256469348509	34.47233374507034	2.693053949423133
0.4309861110422085	1.445495856893946	72.11042684890602	0.3714980558225737	34.51154196518776	2.691804127442317
0.4310861310262052	1.448110210102311	72.45398308465879	0.3716705047262852	34.55087371224951	2.69055517530627
0.431186151010202	1.450732208190105	72.79963558657471	0.3718429936459855	34.59032951545765	2.689307092207992
0.4312861709941989	1.453361884526506	73.14740007518593	0.3720155225816747	34.62990990710693	2.688059877341418
0.4313861909781956	1.455999272675266	73.49729241136593	0.3721880915333526	34.6696154226071	2.68681352990142
0.4314862109621924	1.458644406396137	73.84932859778665	0.3723607005010192	34.7094466005058	2.685568049083802
0.4315862309461893	1.461297319646308	74.20352478039146	0.3725333494846748	34.74940398251152	2.684323434085296
0.431686250930186	1.463958046581836	74.55989724988427	0.3727060384843191	34.7894881135165	2.68307968410357
0.4317862709141828	1.466626621559116	74.91846244323952	0.3728787674999521	34.82969954162029	2.681836798337219
0.4318862908981796	1.469303079136353	75.27923694522785	0.3730515365315741	34.87003881815318	2.680594775985764
0.4319863108821764	1.471987454075036	75.64223748995947	0.3732243455791848	34.91050649769989	2.679353616249656
0.4320863308661732	1.474679781341442	76.00748096244796	0.3733971946427842	34.95110313812361	2.678113318330269
0.43218635085017	1.477380096108147	76.37498440019165	0.3735700837223725	34.99182930059015	2.6768738814299
0.4322863708341668	1.480088433755544	76.74476499477282	0.3737430128179496	35.03268554959225	2.675635304751772
0.4323863908181637	1.482804829873387	77.11684009347867	0.3739159819295155	35.07367245297424	2.674397587500027
0.4324864108021604	1.485529320262333	77.49122720093851	0.3740889910570702	35.11479058195678	2.673160728879729
0.4325864307861572	1.488261940935517	77.86794398078385	0.3742620402006136	35.15604051116198	2.671924728096859
0.4326864507701541	1.491002728120124	78.24700825732606	0.3744351293601459	35.1974228186386	2.670689584358315
0.4327864707541508	1.493751718258981	78.62843801725485	0.3746082585356669	35.23893808588752	2.669455296871916
0.4328864907381476	1.496508948012168	79.01225141135797	0.3747814277271767	35.28058689788747	2.66822186484639
0.4329865107221444	1.499274454258637	79.39846675626127	0.3749546369346754	35.32236984312096	2.666989287491383
0.4330865307061412	1.502048274097847	79.78710253618873	0.3751278861581628	35.36428751360046	2.665757564017452
0.433186550690138	1.504830444851416	80.17817740474568	0.375301175397639	35.40634050489478	2.664526693636065
0.4332865706741348	1.507621004064786	80.57171018672287	0.3754745046531041	35.44852941615577	2.663296675559601
0.4333865906581316	1.510419989508902	80.96771987992103	0.3756478739245579	35.49085485014514	2.662067509001347
0.4334866106421284	1.51322743918191	81.3662256570005	0.3758212832120005	35.53331741326156	2.660839193175499
0.4335866306261252	1.516043391310868	81.7672468673511	0.3759947325154319	35.5759177155682	2.659611727297156
0.433686650610122	1.518867884353467	82.17080303898514	0.3761682218348521	35.61865637082013	2.658385110582326
0.4337866705941189	1.52170095699978	82.57691388045491	0.3763417511702611	35.66153399649232	2.657159342247916
0.4338866905781156	1.524542648174014	82.98559928279168	0.3765153205216589	35.70455121380771	2.655934421511741
0.4339867105621124	1.527392997036288	83.39687932147035	0.3766889298890455	35.74770864776563	2.654710347592514
0.4340867305461092	1.530252042984424	83.81077425839736	0.3768625792724209	35.79100692717047	2.653487119709847
0.434186750530106	1.533119825655743	84.22730454392182	0.377036268671785	35.83444668466039	2.652264737084254
0.4342867705141028	1.535996384928902	84.64649081887443	0.377209998087138	35.87802855673672	2.651043198937143
0.4343867904980996	1.538881760925725	85.06835391662837	0.3773837675184798	35.92175318379324	2.649822504490821
0.4344868104820964	1.541775994013058	85.49291486518749	0.3775575769658103	35.96562121014591	2.64860265296849
0.4345868304660932	1.544679124804649	85.92019488930016	0.3777314264291297	36.00963328406286	2.647383643594243
0.43468685045009	1.547591194163034	86.35021541259886	0.3779053159084379	36.05379005779467	2.646165475593067
0.4347868704340868	1.550512243201439	86.78299805976545	0.3780792454037348	36.09809218760472	2.644948148190844
0.4348868904180836	1.553442313285723	87.21856465872645	0.3782532149150205	36.14254033380023	2.64373166061434
0.4349869104020804	1.556381446036302	87.65693724287199	0.3784272244422951	36.18713516076327	2.642516012091213
0.4350869303860772	1.559329683330119	88.0981380533038	0.3786012739855584	36.23187733698194	2.641301201850009
0.435186950370074	1.562287067302628	88.542189541113	0.3787753635448105	36.27676753508236	2.64008722912016
0.4352869703540708	1.565253640349781	88.98911436968335	0.3789494931200514	36.32180643186046	2.638874093131982
0.4353869903380676	1.568229445130051	89.43893541702535	0.3791236627112811	36.36699470831418	2.637661793116677
0.4354870103220644	1.57121452456647	89.89167577813964	0.3792978723184997	36.41233304967617	2.636450328306327
0.4355870303060612	1.574208921848671	90.34735876740804	0.379472121941707	36.45782214544654	2.6352396979339
0.435687050290058	1.577212680434974	90.80600792101788	0.3796464115809031	36.50346268942607	2.63402990123324
0.4357870702740548	1.580225844054475	91.26764699941435	0.379820741236088	36.54925537974975	2.632820937439071
0.4358870902580516	1.583248456709152	91.73229998978415	0.3799951109072617	36.59520091892042	2.631612805786997
0.4359871102420484	1.586280562676002	92.19999110857178	0.3801695205944241	36.64130001384304	2.630405505513497
0.4360871302260452	1.5893222065092	92.67074480402708	0.3803439702975754	36.68755337585904	2.629199035855925
0.436187150210042	1.592373433042252	93.14458575878339	0.3805184600167155	36.73396172078105	2.627993396052511
0.4362871701940388	1.595434287390206	93.62153889247148	0.3806929897518443	36.78052576892801	2.626788585342358
0.4363871901780356	1.59850481495186	94.101629364365	0.3808675595029621	36.82724624516064	2.625584602965438
0.4364872101620324	1.601585061411988	94.58488257605838	0.3810421692700685	36.87412387891701	2.624381448162597
0.4365872301460292	1.604675072743609	95.07132417418217	0.3812168190531637	36.92115940424885	2.623179120175551
0.436687250130026	1.607774895210257	95.56098005315077	0.3813915088522478	36.96835355985785	2.621977618246878
0.4367872701140228	1.610884575368271	96.05387635794419	0.3815662386673206	37.01570708913241	2.620776941620032
0.4368872900980196	1.614004160069133	96.55003948692935	0.3817410084983823	37.06322074018478	2.619577089539328
0.4369873100820164	1.617133696461794	97.04949609471338	0.3819158183454327	37.11089526588859	2.618378061249945
0.4370873300660132	1.620273231995051	97.55227309503732	0.3820906682084719	37.15873142391668	2.617179855997926
0.43718735005001	1.623422814419926	98.05839766370384	0.3822655580875	37.20672997677917	2.615982473030179
0.4372873700340068	1.626582491792076	98.56789724154429	0.3824404879825168	37.25489169186216	2.614785911594472
0.4373873900180036	1.629752312474235	99.08079953742511	0.3826154578935224	37.30321734146663	2.613590170939432
0.4374874100020004	1.632932325138663	99.59713253129132	0.3827904678205168	37.35170770284771	2.612395250314543
0.4375874299859972	1.636122578769623	100.116924477249	0.3829655177635	37.40036355825428	2.611201148970151
0.437687449969994	1.639323122665895	100.6402039066911	0.383140607722472	37.44918569496923	2.610007866157456
0.4377874699539908	1.642534006443298	101.1669996314605	0.3833157376974328	37.49817490534979	2.608815401128513
0.4378874899379876	1.645755280037243	101.697340747055	0.3834909076883824	37.54733198686835	2.607623753136232
0.4379875099219844	1.648986993705309	102.2312566358756	0.3836661176953207	37.5966577421537	2.606432921434376
0.4380875299059812	1.652229198029855	102.768776970516	0.3838413677182479	37.64615297903279	2.605242905277559
0.438187549889978	1.65548194392063	103.3099317170946	0.3840166577571639	37.69581851057256	2.604053703921245
0.4382875698739748	1.658745282617442	103.8547511386315	0.3841919878120686	37.74565515512256	2.602865316621751
0.4383875898579716	1.662019265692833	104.4032657984702	0.3843673578829623	37.7956637363578	2.601677742636237
0.4384876098419684	1.665303945054775	104.9555065637406	0.3845427679698446	37.84584508332183	2.600490981222715
0.4385876298259652	1.668599372949417	105.5115046088737	0.3847182180727158	37.89620003047075	2.599305031640039
0.438687649809962	1.67190560196383	106.0712914191565	0.3848937081915757	37.94672941771709	2.598119893147911
0.4387876697939588	1.675222685028799	106.6348987943388	0.3850692383264244	37.99743409047453	2.596935565006875
0.4388876897779556	1.678550675421635	107.2023588522842	0.385244808477262	38.0483148997028	2.595752046478317
0.4389877097619524	1.681889626769014	107.7737040326713	0.3854204186440883	38.09937270195316	2.594569336824465
0.4390877297459492	1.685239593049844	108.3489671007437	0.3855960688269034	38.15060835941429	2.593387435308389
0.439187749729946	1.688600628598169	108.9281811511106	0.3857717590257074	38.20202273995869	2.592206341193994
0.4392877697139428	1.691972788106082	109.5113796115953	0.3859474892405	38.25361671718937	2.591026053746027
0.4393877896979396	1.69535612662669	110.0985962471391	0.3861232594712815	38.30539117048718	2.589846572230069
0.4394878096819364	1.698750699577096	110.6898651637543	0.3862990697180519	38.35734698505861	2.588667895912538
0.4395878296659332	1.702156562741402	111.2852208125302	0.386474919980811	38.40948505198381	2.587490024060685
0.43968784964993	1.705573772273769	111.8846979936956	0.3866508102595588	38.46180626826551	2.586312955942597
0.4397878696339268	1.709002384701477	112.488331860733	0.3868267405542956	38.51431153687802	2.585136690827191
0.4398878896179236	1.712442456928031	113.0961579245478	0.387002710865021	38.56700176681692	2.583961227984215
0.4399879096019204	1.715894046236305	113.7082120576979	0.3871787211917353	38.61987787314938	2.582786566684249
0.4400879295859172	1.719357210291701	114.324530498675	0.3873547715344384	38.67294077706461	2.581612706198698
0.440187949569914	1.722832007145342	114.9451498562465	0.3875308618931302	38.72619140592508	2.5804396457998
0.4402879695539108	1.726318495237322	115.570107113858	0.387706992267811	38.77963069331837	2.579267384760613
0.4403879895379076	1.729816733399943	116.1994396340901	0.3878831626584804	38.83325957910915	2.578095922355027
0.4404880095219044	1.733326780861034	116.8331851631824	0.3880593730651386	38.88707900949204	2.576925257857752
0.4405880295059012	1.736848697247271	117.4713818356144	0.3882356234877857	38.94108993704498	2.575755390544322
0.440688049489898	1.740382542587531	118.1140681787488	0.3884119139264215	38.99529332078269	2.574586319691095
0.4407880694738948	1.743928377316307	118.7612831175424	0.3885882443810462	39.0496901262114	2.573418044575247
0.4408880894578916	1.747486262277126	119.4130659793171	0.3887646148516596	39.10428132538357	2.572250564474775
0.4409881094418884	1.751056258726019	120.0694564985973	0.3889410253382619	39.1590678969533	2.571083878668496
0.4410881294258852	1.754638428335025	120.7304948220158	0.3891174758408528	39.21405082623249	2.569917986436043
0.441188149409882	1.758232833195729	121.3962215132851	0.3892939663594327	39.26923110524741	2.568752887057865
0.4412881693938788	1.761839535822828	122.0666775582361	0.3894704968940013	39.32460973279571	2.567588579815228
0.4413881893778756	1.765458599157752	122.7419043699305	0.3896470674445587	39.38018771450445	2.566425063990212
0.4414882093618724	1.769090086572304	123.4219437938389	0.3898236780111049	39.43596606288828	2.565262338865709
0.4415882293458692	1.772734061872344	124.106838113094	0.3900003285936399	39.49194579740836	2.564100403725424
0.441688249329866	1.776390589301521	124.7966300538159	0.3901770191921637	39.54812794453209	2.562939257853872
0.4417882693138628	1.780059733545018	125.4913627905089	0.3903537498066763	39.60451353779305	2.561778900536379
0.4418882892978596	1.783741559733369	126.1910799515383	0.3905305204371777	39.66110361785206	2.560619331059079
0.4419883092818564	1.787436133446288	126.8958256246789	0.3907073310836679	39.71789923255844	2.559460548708914
0.4420883292658532	1.791143520716546	127.6056443627423	0.3908841817461468	39.77490143701201	2.558302552773633
0.44218834924985	1.794863788033903	128.3205811892852	0.3910610724246146	39.83211129362602	2.557145342541788
0.4422883692338468	1.798597002349053	129.0406816043943	0.3912380031190712	39.88952987219032	2.555988917302738
0.4423883892178436	1.80234323107763	129.7659915905534	0.3914149738295165	39.94715824993538	2.554833276346645
0.4424884092018403	1.806102542104259	130.4965576185954	0.3915919845559506	40.00499751159708	2.553678418964472
0.4425884291858372	1.809875003786632	131.2324266537349	0.3917690352983736	40.06304874948208	2.552524344447983
0.442688449169834	1.813660684959635	131.9736461616858	0.3919461260567854	40.12131306353365	2.551371052089744
0.4427884691538307	1.817459654939526	132.7202641148695	0.3921232568311858	40.17979156139866	2.550218541183118
0.4428884891378276	1.821271983528154	133.472328998707	0.3923004276215752	40.23848535849498	2.549066811022266
0.4429885091218244	1.825097741017196	134.229889817999	0.3924776384279533	40.29739557807945	2.547915860902147
0.4430885291058211	1.828936998192493	134.992996103403	0.3926548892503202	40.35652335131692	2.546765690118513
0.443188549089818	1.832789826338377	135.7616979179959	0.392832180088676	40.41586981734986	2.545616297967913
0.4432885690738148	1.836656297242069	136.5360458639326	0.3930095109430204	40.4754361233685	2.544467683747691
0.4433885890578116	1.840536483198139	137.3160910892022	0.3931868818133538	40.53522342468217	2.543319846755979
0.4434886090418084	1.844430457012968	138.1018852944752	0.3933642926996759	40.59523288479089	2.542172786291703
0.4435886290258051	1.848338292009313	138.8934807400548	0.3935417436019867	40.65546567545817	2.54102650165458
0.443688649009802	1.852260062030878	139.6909302529247	0.3937192345202865	40.71592297678426	2.539880992145114
0.4437886689937988	1.856195841446942	140.4942872338966	0.393896765454575	40.77660597728028	2.538736257064599
0.4438886889777955	1.860145705157064	141.3036056648663	0.3940743364048522	40.83751587394326	2.537592295715116
0.4439887089617924	1.864109728595802	142.118940116169	0.3942519473711183	40.8986538723319	2.536449107399531
0.4440887289457892	1.868087987737499	142.9403457540427	0.3944295983533732	40.96002118664297	2.535306691421495
0.4441887489297859	1.872080559101126	143.7678783482011	0.3946072893516168	41.02161903978892	2.534165047085446
0.4442887689137828	1.876087519755172	144.6015942795158	0.3947850203658493	41.08344866347596	2.533024173696598
0.4443887888977796	1.880108947322572	145.4415505478064	0.3949627913960705	41.14551129828308	2.531884070560954
0.4444888088817763	1.884144919985722	146.2878047797514	0.3951406024422806	41.20780819374213	2.530744736985294
0.4445888288657732	1.888195516491513	147.1404152369082	0.3953184535044795	41.27034060841856	2.529606172277178
0.4446888488497699	1.892260816156438	147.9994408238508	0.3954963445826671	41.33310980999289	2.528468375744947
0.4447888688337667	1.896340898871757	148.8649410964318	0.3956742756768435	41.39611707534354	2.527331346697716
0.4448888888177636	1.90043584510871	149.7369762701594	0.3958522467870088	41.45936369063011	2.526195084445377
0.4449889088017603	1.904545735923783	150.6156072287002	0.3960302579131628	41.52285095137773	2.525059588298602
0.4450889287857572	1.908670652964051	151.5008955325085	0.3962083090553056	41.58658016256249	2.523924857568832
0.445188948769754	1.912810678472552	152.3929034275792	0.3963864002134372	41.65055263869741	2.522790891568284
0.4452889687537507	1.916965895293746	153.2916938543337	0.3965645313875576	41.71476970391983	2.521657689609948
0.4453889887377476	1.92113638687902	154.1973304566359	0.3967427025776669	41.77923269207948	2.520525251007582
0.4454890087217444	1.925322237292248	155.1098775909392	0.3969209137837648	41.8439429468274	2.519393575075718
0.4455890287057411	1.929523531215432	156.0294003355749	0.3970991650058516	41.90890182170622	2.518262661129655
0.445689048689738	1.933740353954392	156.9559645001746	0.3972774562439272	41.9741106802412	2.517132508485462
0.4457890686737347	1.937972791444506	157.8896366352317	0.3974557874979916	42.03957089603203	2.516003116459974
0.4458890886577315	1.94222093025655	158.8304840418124	0.3976341587680448	42.10528385284638	2.514874484370791
0.4459891086417284	1.946484857602569	159.7785747814051	0.3978125700540868	42.17125094471366	2.513746611536281
0.4460891286257251	1.950764661341823	160.7339776859197	0.3979910213561175	42.23747357602031	2.512619497275574
0.4461891486097219	1.955060429986814	161.6967623678398	0.398169512674137	42.30395316160615	2.511493140908562
0.4462891685937188	1.959372252709359	162.6669992305228	0.3983480440081454	42.37069112686154	2.510367541755902
0.4463891885777155	1.963700219346737	163.6447594786582	0.3985266153581425	42.43768890782581	2.509242699139011
0.4464892085617124	1.968044420407922	164.6301151288852	0.3987052267241286	42.50494795128688	2.508118612380064
0.4465892285457091	1.972404947079856	165.6231390205657	0.3988838781061033	42.57246971488168	2.506995280801997
0.4466892485297059	1.976781891233822	166.6239048267276	0.3990625695040668	42.64025566719817	2.505872703728504
0.4467892685137028	1.981175345431874	167.6324870651686	0.3992413009180192	42.70830728787805	2.504750880484035
0.4468892884976995	1.985585402933327	168.6489611097295	0.3994200723479603	42.77662606772083	2.503629810393796
0.4469893084816963	1.990012157701354	169.6734032017438	0.3995988837938901	42.84521350878916	2.502509492783748
0.4470893284656932	1.994455704409635	170.7058904616589	0.399777735255809	42.91407112451537	2.501389926980606
0.4471893484496899	1.998916138449067	171.7465009008306	0.3999566267337164	42.98320043980874	2.500271112311839
0.4472893684336867	2.003393555934594	172.7953134335096	0.4001355582276127	43.05260299116485	2.499153048105665
0.4473893884176836	2.007888053712081	173.8524078890024	0.4003145297374979	43.12228032677541	2.498035733691055
0.4474894084016803	2.012399729365257	174.9178650240199	0.4004935412633717	43.19223400663957	2.49691916839773
0.4475894283856771	2.016928681222785	175.9917665352242	0.4006725928052344	43.26246560267687	2.495803351556159
0.4476894483696739	2.021475008365368	177.074195071961	0.4008516843630859	43.33297669884101	2.494688282497558
0.4477894683536707	2.026038810632944	178.1652342491899	0.4010308159369261	43.40376889123489	2.493573960553892
0.4478894883376675	2.030620188631996	179.2649686606226	0.4012099875267552	43.47484378822768	2.492460385057871
0.4479895083216643	2.035219243742904	180.3734838920553	0.4013891991325731	43.54620301057237	2.491347555342948
0.4480895283056611	2.039836078127398	181.4908665349127	0.4015684507543797	43.61784819152502	2.490235470743324
0.448189548289658	2.044470794736123	182.6172042000086	0.4017477423921753	43.68978097696585	2.489124130593936
0.4482895682736547	2.049123497316236	183.7525855315092	0.4019270740459595	43.76200302552073	2.488013534230471
0.4483895882576515	2.053794290419156	184.897100221129	0.4021064457157325	43.83451600868521	2.486903680989351
0.4484896082416484	2.058483279408353	186.0508390225391	0.4022858574014944	43.90732161094913	2.48579457020774
0.4485896282256451	2.063190570467247	187.2138937660037	0.402465309103245	43.98042152992303	2.484686201223541
0.4486896482096419	2.067916270607212	188.386357373253	0.4026448008209844	44.05381747646618	2.483578573375393
0.4487896681936387	2.072660487675655	189.5683238725838	0.4028243325547127	44.12751117481581	2.482471686002675
0.4488896881776355	2.077423330364186	190.7598884141996	0.4030039043044297	44.20150436271798	2.4813655384455
0.4489897081616323	2.082204908216912	191.9611472857991	0.4031835160701355	44.27579879156002	2.480260130044716
0.4490897281456291	2.087005331638809	193.1721979284078	0.4033631678518302	44.35039622650476	2.479155460141904
0.4491897481296259	2.091824711904173	194.3931389524569	0.4035428596495135	44.42529844662553	2.47805152807938
0.4492897681136227	2.096663161165226	195.6240701541304	0.4037225914631857	44.50050724504398	2.476948333200192
0.4493897880976195	2.101520792460766	196.8650925319612	0.4039023632928468	44.57602442906849	2.475845874848116
0.4494898080816163	2.106397719724953	198.1163083036971	0.4040821751384965	44.65185182033455	2.474744152367663
0.4495898280656131	2.111294057796197	199.3778209234409	0.4042620270001351	44.7279912549473	2.473643165104067
0.4496898480496099	2.116209922426143	200.6497350990598	0.4044419188777625	44.80444458362489	2.472542912403294
0.4497898680336067	2.121145430288758	201.9321568098747	0.4046218507713787	44.8812136718442	2.471443393612039
0.4498898880176035	2.126100698989552	203.2251933246427	0.4048018226809837	44.95830039998825	2.470344608077716
0.4499899080016003	2.131075847074877	204.5289532198189	0.4049818346065774	45.03570666349498	2.469246555148473
0.4500899279855971	2.136070994041369	205.8435463981231	0.40516188654816	45.11343437300825	2.468149234173175
0.4501899479695939	2.141086260345481	207.1690841074019	0.4053419785057314	45.19148545453051	2.467052644501414
0.4502899679535907	2.146121767413135	208.5056789597983	0.4055221104792915	45.26986184957718	2.465956785483504
0.4503899879375875	2.151177637649506	209.8534449512361	0.4057022824688404	45.34856551533305	2.464861656470478
0.4504900079215843	2.156253994448909	211.2124974812205	0.4058824944743782	45.42759842481072	2.463767256814092
0.4505900279055811	2.161350962204799	212.5829533729576	0.4060627464959047	45.5069625670104	2.462673585866822
0.4506900478895779	2.166468666319924	213.9649308938143	0.40624303853342	45.58665994708249	2.461580642981859
0.4507900678735747	2.171607233216574	215.3585497761041	0.4064233705869242	45.6666925864914	2.460488427513112
0.4508900878575715	2.176766790346949	216.7639312382159	0.4066037426564171	45.7470625231816	2.459396938815211
0.4509901078415683	2.181947466203692	218.1811980060986	0.4067841547418988	45.82777181174605	2.458306176243497
0.4510901278255651	2.187149390330518	219.6104743350936	0.4069646068433694	45.90882252359633	2.457216139154025
0.4511901478095619	2.192372693332967	221.0518860321244	0.4071450989608286	45.99021674713463	2.45612682690357
0.4512901677935587	2.19761750688934	222.5055604782696	0.4073256310942768	46.07195658792864	2.455038238849612
0.4513901877775555	2.202883963761697	223.9716266516925	0.4075062032437137	46.15404416888786	2.453950374350347
0.4514902077615523	2.20817219780706	225.4502151509656	0.4076868154091393	46.23648163044233	2.452863232764683
0.4515902277455491	2.213482343988713	226.9414582187799	0.4078674675905539	46.31927113072387	2.451776813452233
0.4516902477295459	2.218814538387646	228.4454897660459	0.4080481597879571	46.40241484574899	2.450691115773323
0.4517902677135427	2.224168918214165	229.9624453964083	0.4082288920013492	46.48591496960461	2.449606139088987
0.4518902876975395	2.229545621819625	231.492462431164	0.4084096642307301	46.56977371463593	2.448521882760963
0.4519903076815363	2.234944788708301	233.0356799345984	0.4085904764760997	46.65399331163623	2.447438346151699
0.4520903276655331	2.240366559549454	234.5922387397599	0.4087713287374581	46.73857601003996	2.446355528624344
0.4521903476495299	2.245811076189491	236.1622814746555	0.4089522210148054	46.82352407811737	2.445273429542755
0.4522903676335267	2.251278481664309	237.7459525888978	0.4091331533081415	46.90883980317191	2.444192048271491
0.4523903876175235	2.256768920211795	239.3433983808036	0.4093141256174663	46.99452549174034	2.443111384175812
0.4524904076015203	2.262282537284484	240.9547670249527	0.40949513794278	47.08058346979512	2.44203143662168
0.4525904275855171	2.267819479562351	242.5802086002107	0.4096761902840824	47.16701608294914	2.44095220497576
0.4526904475695139	2.273379894965811	244.2198751182409	0.4098572826413736	47.25382569666378	2.439873688605414
0.4527904675535107	2.278963932668838	245.8739205524932	0.4100384150146537	47.34101469645882	2.438795886878703
0.4528904875375075	2.284571743112287	247.5425008676952	0.4102195874039224	47.42858548812536	2.437718799164386
0.4529905075215043	2.290203478017368	249.2257740498515	0.4104007998091802	47.51654049794173	2.43664242483192
0.4530905275055011	2.295859290399283	250.9239001367508	0.4105820522304265	47.60488217289145	2.435566763251456
0.4531905474894979	2.301539334581077	252.6370412490139	0.4107633446676617	47.69361298088492	2.43449181379384
0.4532905674734947	2.307243766207616	254.3653616216631	0.4109446771208857	47.78273541098309	2.433417575830614
0.4533905874574915	2.312972742259777	256.1090276362457	0.4111260495900985	47.87225197362446	2.432344048734011
0.4534906074414883	2.318726421068819	257.8682078535177	0.4113074620753001	47.96216520085504	2.431271231876958
0.4535906274254851	2.324504962330937	259.6430730466925	0.4114889145764905	48.05247764656112	2.430199124633071
0.4536906474094819	2.33030852712198	261.433796235265	0.4116704070936696	48.143191886705	2.42912772637666
0.4537906673934787	2.336137277912414	263.2405527194387	0.4118519396268376	48.23431051956406	2.428057036482722
0.4538906873774755	2.341991378582429	265.0635201151444	0.4120335121759944	48.32583616597272	2.42698705432694
0.4539907073614723	2.347870994437252	266.9028783896745	0.4122151247411399	48.41777146956741	2.42591777928569
0.4540907273454691	2.353776292222703	268.758809897955	0.4123967773222743	48.51011909703532	2.424849210736032
0.4541907473294659	2.359707440140895	270.6314994194423	0.4125784699193975	48.60288173836573	2.423781348055711
0.4542907673134627	2.365664607866163	272.5211341956761	0.4127602025325094	48.69606210710494	2.42271419062316
0.4543907872974595	2.371647966561236	274.4279039685075	0.4129419751616101	48.78966294061477	2.421647737817492
0.4544908072814563	2.377657688893572	276.3520010189912	0.4131237878066997	48.88368700033416	2.420581989018505
0.4545908272654531	2.383693949051918	278.2936202069707	0.413305640467778	48.97813707204403	2.419516943606681
0.4546908472494499	2.389756922763137	280.2529590113832	0.4134875331448452	49.07301596613654	2.41845260096318
0.4547908672334467	2.395846787309186	282.230217571263	0.4136694658379011	49.16832651788665	2.417388960469845
0.4548908872174435	2.401963721544381	284.225598727498	0.4138514385469458	49.26407158772849	2.416326021509198
0.4549909072014403	2.40810790591286	286.2393080653227	0.4140334512719793	49.36025406153462	2.415263783464439
0.4550909271854371	2.414279522466278	288.271553957578	0.4142155040130016	49.45687685089934	2.414202245719444
0.4551909471694339	2.420478754881762	290.3225476087539	0.4143975967700126	49.55394289342574	2.413141407658771
0.4552909671534307	2.426705788480093	292.3925030998268	0.4145797295430126	49.65145515301678	2.412081268667647
0.4553909871374275	2.432960810244109	294.4816374338974	0.4147619023320013	49.7494166201697	2.411021828131982
0.4554910071214243	2.439244008837413	296.5901705826777	0.4149441151369788	49.84783031227532	2.409963085438352
0.4555910271054211	2.445555574623282	298.7183255338017	0.4151263679579451	49.94669927392053	2.408905039974012
0.4556910470894179	2.451895699683844	300.866328339008	0.4153086607949001	50.04602657719528	2.407847691126888
0.4557910670734147	2.458264577839542	303.0344081632055	0.415490993647844	50.14581532200382	2.406791038285576
0.4558910870574115	2.464662404668831	305.2227973344292	0.4156733665167767	50.24606863637996	2.405735080839344
0.4559911070414083	2.471089377528148	307.4317313947143	0.4158557794016981	50.34678967680664	2.40467981817813
0.4560911270254051	2.477545695572186	309.6614491519119	0.4160382323026084	50.44798162854004	2.403625249692539
0.4561911470094019	2.484031559774385	311.9121927324464	0.4162207252195074	50.54964770593784	2.402571374773848
0.4562911669933987	2.490547172947783	314.1842076350662	0.4164032581523953	50.65179115279253	2.401518192813996
0.4563911869773955	2.497092739766087	316.4777427855694	0.416585831101272	50.75441524266859	2.40046570320559
0.4564912069613923	2.503668466785059	318.7930505925557	0.4167684440661374	50.85752327924475	2.399413905341905
0.4565912269453891	2.510274562464209	321.1303870042152	0.4169510970469916	50.9611185966611	2.398362798616878
0.4566912469293859	2.516911237188781	323.4900115661741	0.4171337900438347	51.06520455987069	2.397312382425108
0.4567912669133827	2.523578703292018	325.8721874804136	0.4173165230566664	51.16978456499603	2.396262656161861
0.4568912868973795	2.530277175077796	328.2771816653075	0.417499296085487	51.27486203969084	2.395213619223062
0.4569913068813763	2.537006868843509	330.7052648167725	0.4176821091302965	51.38044044350674	2.394165271005297
0.4570913268653731	2.543768002903314	333.1567114705726	0.4178649621910946	51.48652326826463	2.393117610905812
0.4571913468493699	2.550560797611694	335.6318000658041	0.4180478552678816	51.59311403843214	2.392070638322515
0.4572913668333667	2.557385475387349	338.1308130095727	0.4182307883606575	51.70021631150553	2.391024352653969
0.4573913868173635	2.564242260737413	340.6540367428974	0.4184137614694221	51.80783367839739	2.389978753299395
0.4574914068013602	2.571131380282038	343.20176180787	0.4185967745941754	51.91596976382996	2.388933839658674
0.4575914267853571	2.57805306277931	345.7742829160911	0.4187798277349176	52.02462822673365	2.387889611132338
0.4576914467693539	2.585007539150504	348.3718990184017	0.4189629208916485	52.1338127606512	2.386846067121577
0.4577914667533507	2.591995042505739	350.9949133759699	0.4191460540643684	52.2435270941483	2.385803207028235
0.4578914867373475	2.599015808169947	353.6436336327123	0.4193292272530769	52.35377499122878	2.384761030254808
0.4579915067213443	2.606070073709265	356.3183718891335	0.4195124404577742	52.46456025175711	2.383719536204444
0.4580915267053411	2.613158078957765	359.0194447775702	0.4196956936784604	52.57588671188613	2.382678724280944
0.4581915466893379	2.620280066044579	361.7471735388899	0.4198789869151354	52.68775824449079	2.38163859388876
0.4582915666733346	2.627436279421432	364.5018841006824	0.4200623201677991	52.80017875960888	2.380599144432992
0.4583915866573315	2.634626965890547	367.2839071569601	0.4202456934364517	52.91315220488753	2.379560375319389
0.4584916066413283	2.641852374632961	370.0935782494056	0.420429106721093	53.02668256603607	2.378522285954352
0.458591626625325	2.649112757237272	372.931237850216	0.4206125600217231	53.14077386728618	2.377484875744922
0.4586916466093219	2.656408367728767	375.7972314465492	0.4207960533383421	53.25543017185786	2.376448144098794
0.4587916665933187	2.663739462598997	378.6919096266312	0.4209795866709498	53.37065558243255	2.375412090424303
0.4588916865773154	2.671106300835792	381.6156281675608	0.4211631600195462	53.48645424163353	2.374376714130433
0.4589917065613123	2.678509143953696	384.5687481248308	0.4213467733841316	53.60283033251274	2.373342014626808
0.4590917265453091	2.685948256024846	387.5516359236174	0.4215304267647056	53.71978807904493	2.372307991323698
0.4591917465293059	2.693423903710339	390.5646634518841	0.4217141201612686	53.83733174662942	2.371274643632013
0.4592917665133027	2.700936356291999	393.6082081553134	0.4218978535738203	53.95546564259861	2.370241970963306
0.4593917864972994	2.708485885704703	396.6826531341504	0.4220816270023607	54.07419411673479	2.36920997272977
0.4594918064812963	2.716072766569091	399.7883872419494	0.4222654404468901	54.19352156179392	2.368178648344237
0.4595918264652931	2.723697276224819	402.9258051863054	0.4224492939074081	54.31345241403747	2.367147997220179
0.4596918464492898	2.731359694764307	406.0953076316072	0.4226331873839149	54.43399115377231	2.366118018771706
0.4597918664332867	2.739060305066965	409.2973013038429	0.4228171208764107	54.55514230589856	2.365088712413563
0.4598918864172835	2.746799392833934	412.5321990975104	0.4230010943848951	54.6769104404652	2.364060077561135
0.4599919064012802	2.754577246623378	415.8004201847032	0.4231851079093683	54.79930017323493	2.363032113630439
0.4600919263852771	2.762394157886281	419.1023901263837	0.4233691614498304	54.92231616625676	2.362004820038128
0.4601919463692739	2.770250421002767	422.4385409859109	0.4235532550062812	55.04596312844726	2.360978196201491
0.4602919663532706	2.778146333319027	425.8093114448979	0.4237373885787208	55.17024581618132	2.359952241538446
0.4603919863372675	2.786082195184743	429.2151469214014	0.4239215621671493	55.295169033891	2.358926955467547
0.4604920063212642	2.794058309991112	432.6564996905388	0.4241057757715666	55.42073763467375	2.357902337407977
0.460592026305261	2.802074984209447	436.1338290075778	0.4242900293919725	55.54695652091026	2.35687838677955
0.4606920462892579	2.810132527430371	439.6476012335495	0.4244743230283674	55.67383064489137	2.35585510300271
0.4607920662732546	2.818231252403583	443.198289963435	0.424658656680751	55.80136500945439	2.354832485498531
0.4608920862572515	2.826371475078284	446.7863761570229	0.4248430303491235	55.92956466862997	2.353810533688712
0.4609921062412483	2.834553514644163	450.4123482724402	0.4250274440334846	56.05843472829777	2.352789246995584
0.461092126225245	2.84277769357308	454.0767024024848	0.4252118977338346	56.18798034685348	2.3517686248421
0.4611921462092419	2.851044337661348	457.7799424137706	0.4253963914501734	56.31820673588523	2.350748666651842
0.4612921661932387	2.859353776072673	461.5225800887762	0.425580925182501	56.44911916086078	2.349729371849013
0.4613921861772354	2.867706341381796	465.3051352708728	0.4257654989308174	56.58072294182563	2.348710739858445
0.4614922061612323	2.876102369618778	469.1281360123804	0.4259501126951226	56.71302345411163	2.347692770105589
0.461592226145229	2.884542200313984	472.9921187257316	0.4261347664754165	56.8460261290568	2.34667546201652
0.4616922461292258	2.893026176543803	476.8976283378365	0.4263194602716993	56.97973645473671	2.345658815017936
0.4617922661132227	2.901554644977042	480.8452184476881	0.4265041940839709	57.11415997670696	2.344642828537152
0.4618922860972194	2.910127955922067	484.8354514873055	0.4266889679122312	57.24930229875726	2.343627502002108
0.4619923060812162	2.918746463374709	488.8688988861135	0.4268737817564803	57.38516908367806	2.342612834841359
0.4620923260652131	2.927410525066908	492.946141238799	0.4270586356167184	57.52176605403869	2.34159882648408
0.4621923460492098	2.936120502516109	497.0677684767508	0.4272435294929451	57.65909899297787	2.340585476360064
0.4622923660332066	2.944876761075498	501.2343800431855	0.4274284633851606	57.79717374500741	2.339572783899721
0.4623923860172034	2.953679669985004	505.4465850720167	0.427613437293365	57.93599621682822	2.338560748534074
0.4624924060012002	2.962529602423089	509.7050025705568	0.4277984512175581	58.07557237815897	2.337549369694766
0.4625924259851971	2.971426935559458	514.010261606201	0.42798350515774	58.21590826257942	2.33653864681405
0.4626924459691938	2.980372050608505	518.3630014970988	0.4281685991139108	58.35700996838566	2.335528579324796
0.4627924659531906	2.989365332883714	522.7638720069968	0.4283537330860702	58.4988836594604	2.334519166660484
0.4628924859371875	2.998407171852898	527.2135335443046	0.4285389070742186	58.64153556615676	2.333510408255207
0.4629925059211842	3.00749796119431	531.7126573654849	0.4287241210783557	58.7849719861963	2.33250230354367
0.463092525905181	3.016638098853734	536.261925782921	0.4289093750984815	58.92919928558214	2.331494851961188
0.4631925458891779	3.025827987102454	540.8620323773189	0.4290946691345963	59.07422389952666	2.330488052943685
0.4632925658731746	3.035068032596159	545.5136822147654	0.4292800031866997	59.22005233339392	2.329481905927695
0.4633925858571714	3.044358646434873	550.2175920686061	0.4294653772547919	59.36669116365867	2.328476410350357
0.4634926058411682	3.053700244223834	554.9744906462005	0.4296507913388731	59.51414703888018	2.327471565649422
0.463592625825165	3.063093246135339	559.7851188206872	0.4298362454389429	59.66242668069192	2.326467371263244
0.4636926458091618	3.072538076971707	564.6502298679457	0.4300217395550016	59.81153688480889	2.325463826630783
0.4637926657931586	3.082035166229197	569.5705897087932	0.4302072736870491	59.96148452205036	2.324460931191605
0.4638926857771554	3.091584948163011	574.5469771566026	0.4303928478350853	60.11227653937994	2.323458684385881
0.4639927057611523	3.101187861853428	579.5801841704924	0.4305784619991104	60.26391996096363	2.322457085654382
0.464092725745149	3.110844351272958	584.6710161141624	0.4307641161791242	60.41642188924429	2.321456134438484
0.4641927457291458	3.120554865354713	589.8202920206048	0.4309498103751269	60.56978950603574	2.320455830180166
0.4642927657131427	3.130319858061862	595.0288448627632	0.4311355445871183	60.7240300736338	2.319456172322004
0.4643927856971394	3.140139788458268	600.2975218303297	0.4313213188150986	60.87915093594663	2.318457160307177
0.4644928056811362	3.150015120780348	605.6271846128434	0.4315071330590675	61.0351595196445	2.317458793579464
0.464592825665133	3.159946324510132	611.0187096892297	0.4316929873190254	61.19206333532861	2.316461071583241
0.4646928456491298	3.169933874449536	616.4729886239394	0.431878881594972	61.34986997871955	2.315463993763482
0.4647928656331266	3.179978250795958	621.9909283699025	0.4320648158869074	61.50858713186686	2.31446755956576
0.4648928856171234	3.190079939219134	627.5734515784254	0.4322507901948316	61.66822256437865	2.313471768436242
0.4649929056011202	3.200239430939283	633.2214969162146	0.4324368045187446	61.82878413467191	2.312476619821691
0.465092925585117	3.21045722280667	638.936019389763	0.4326228588586464	61.99027979124565	2.311482113169467
0.4651929455691138	3.220733817382472	644.7179906772196	0.432808953214537	62.15271757397457	2.310488247927521
0.4652929655531106	3.231069723021061	650.5683994679806	0.4329950875864164	62.31610561542578	2.309495023544399
0.4653929855371074	3.241465453953746	656.4882518102089	0.4331812619742845	62.48045214219842	2.30850243946924
0.4654930055211042	3.251921530373927	662.4785714664616	0.4333674763781415	62.64576547628639	2.307510495151774
0.465593025505101	3.262438478523745	668.5404002776513	0.4335537307979873	62.81205403646455	2.306519190042321
0.4656930454890978	3.273016830782295	674.6747985355947	0.4337400252338219	62.97932633970031	2.305528523591792
0.4657930654730946	3.283657125755285	680.8828453642866	0.4339263596856452	63.14759100258794	2.304538495251689
0.4658930854570914	3.294359908366397	687.1656391102642	0.4341127341534574	63.31685674281056	2.303549104474101
0.4659931054410882	3.305125729950173	693.5242977421743	0.4342991486372584	63.48713238062616	2.302560350711704
0.466093125425085	3.315955148346544	699.959959259852	0.4344856031370481	63.65842684038021	2.301572233417764
0.4661931454090818	3.326848727997108	706.4737821131915	0.4346720976528266	63.830749152046	2.300584752046132
0.4662931653930786	3.337807040043065	713.0669456310142	0.434858632184594	64.00410845279153	2.299597906051243
0.4663931853770754	3.348830662424878	719.7406504602096	0.4350452067323501	64.17851398857428	2.298611694888121
0.4664932053610722	3.359920179983798	726.4961190155	0.4352318212960949	64.35397511576551	2.297626118012369
0.466593225345069	3.371076184565163	733.3345959400255	0.4354184758758287	64.53050130280296	2.296641174880178
0.4666932453290658	3.382299275123531	740.2573485770744	0.4356051704715512	64.70810213187313	2.295656864948321
0.4667932653130626	3.39359005782978	747.2656674533052	0.4357919050832625	64.88678730062477	2.294673187674149
0.4668932852970594	3.404949146180114	754.3608667737223	0.4359786797109627	65.06656662391302	2.293690142515598
0.4669933052810562	3.416377161107021	761.5442849287242	0.4361654943546515	65.2474500355747	2.292707728931183
0.467093325265053	3.427874731092326	768.8172850136291	0.4363523490143292	65.42944759023722	2.291725946380001
0.4671933452490498	3.439442492282255	776.1812553609308	0.4365392436899957	65.61256946515952	2.290744794321724
0.4672933652330466	3.451081088604603	783.6376100856762	0.436726178381651	65.79682596210685	2.289764272216605
0.4673933852170434	3.462791171888142	791.1877896443889	0.4369131530892951	65.98222750926124	2.288784379525472
0.4674934052010402	3.4745734019841	798.8332614077659	0.4371001678129279	66.16878466316506	2.287805115709735
0.467593425185037	3.486428446890033	806.5755202477309	0.4372872225525496	66.35650811070327	2.286826480231373
0.4676934451690338	3.498356982875887	814.4160891390578	0.4374743173081601	66.54540867112007	2.285848472552944
0.4677934651530306	3.51035969461245	822.3565197760965	0.4376614520797593	66.73549729807436	2.284871092137583
0.4678934851370274	3.522437275302236	830.3983932050024	0.4378486268673473	66.92678508173375	2.283894338448992
0.4679935051210242	3.534590426812773	838.5433204718697	0.4380358416709242	67.11928325090727	2.282918210951452
0.468093525105021	3.5468198598124	846.7929432872419	0.4382230964904898	67.31300317521801	2.281942709109814
0.4681935450890178	3.559126293908682	855.1489347075149	0.4384103913260443	67.50795636731792	2.280967832389501
0.4682935650730146	3.571510457789392	863.6129998336282	0.4385977261775876	67.70415448514329	2.279993580256505
0.4683935850570114	3.583973089366152	872.1868765275807	0.4387851010451195	67.90160933421321	2.279019952177391
0.4684936050410082	3.596514935920906	880.8723361473438	0.4389725159286403	68.10033286997307	2.278046947619292
0.468593625025005	3.609136754255079	889.6711843005723	0.43915997082815	68.30033720018108	2.277074566049908
0.4686936450090018	3.62183931084165	898.5852616177668	0.4393474657436484	68.5016345873414	2.276102806937511
0.4687936649929986	3.634623381980183	907.6164445454421	0.4395350006751357	68.7042374511848	2.275131669750936
0.4688936849769954	3.647489753954741	916.7666461597775	0.4397225756226116	68.90815837119503	2.274161153959586
0.4689937049609922	3.660439223195001	926.0378170015367	0.4399101905860764	69.11341008918686	2.273191259033432
0.469093724944989	3.673472596440381	935.4319459326895	0.4400978455655301	69.32000551193212	2.272221984443005
0.4691937449289858	3.686590690907389	944.9510610154672	0.4402855405609724	69.52795771383703	2.271253329659406
0.4692937649129826	3.699794334460312	954.5972304145685	0.4404732755724035	69.73727993967357	2.270285294154295
0.4693937848969794	3.71308436578516	964.3725633230559	0.4406610505998236	69.94798560736238	2.269317877399896
0.4694938048809762	3.726461634567055	974.2792109127518	0.4408488656432323	70.16008831081086	2.268351078868998
0.469593824864973	3.739927001671196	984.3193673098966	0.4410367207026298	70.37360182280902	2.267384898034948
0.4696938448489698	3.753481339327298	994.4952705966815	0.4412246157780162	70.58854009798009	2.266419334371653
0.4697938648329666	3.767125531317749	1004.809203839562	0.4414125508693914	70.80491727579115	2.265454387353585
0.4698938848169634	3.780860473169544	1015.263496145135	0.4416005259767553	71.02274768362425	2.264490056455769
0.4699939048009602	3.794687072350013	1025.860523744358	0.4417885411001081	71.24204583990779	2.263526341153794
0.470093924784957	3.808606248466462	1036.60271110599	0.4419765962394496	71.462826457311	2.262563240923803
0.4701939447689538	3.822618933469915	1047.492532080221	0.4421646913947799	71.68510444600363	2.261600755242497
0.4702939647529506	3.836726071862893	1058.532511073286	0.4423528265660991	71.90889491698056	2.260638883587136
0.4703939847369474	3.85092862091141	1069.725224254071	0.442541001753407	72.1342131854536	2.259677625435531
0.4704940047209442	3.865227550861353	1081.073300793761	0.4427292169567038	72.36107477431375	2.258716980266052
0.470594024704941	3.879623845159179	1092.579424139389	0.4429174721759892	72.58949541766211	2.257756947557624
0.4706940446889378	3.894118500677223	1104.246333322517	0.4431057674112635	72.81949106441502	2.256797526789719
0.4707940646729346	3.908712527943559	1116.07682430398	0.4432941026625267	73.0510778819817	2.255838717442369
0.4708940846569314	3.923406951376633	1128.07375135591	0.4434824779297785	73.28427226001845	2.254880518996155
0.4709941046409282	3.938202809524786	1140.240028482212	0.4436708932130192	73.51909081426099	2.253922930932211
0.471094124624925	3.95310115531069	1152.578630878624	0.4438593485122487	73.75555039043547	2.252965952732218
0.4711941446089218	3.968103056280882	1165.092596433638	0.444047843827467	73.99366806825094	2.252009583878412
0.4712941645929186	3.98320959486058	1177.785027271652	0.444236379158674	74.23346116547643	2.251053823853575
0.4713941845769154	3.998421868613773	1190.659091339554	0.4444249545058699	74.47494724210244	2.25009867214104
0.4714942045609122	4.013740990508801	1203.718024038196	0.4446135698690546	74.71814410459018	2.249144128224685
0.471594224544909	4.029168089189583	1216.965129900224	0.444802225248228	74.96306981021119	2.248190191588939
0.4716942445289058	4.044704309252562	1230.40378431566	0.4449909206433904	75.20974267147857	2.247236861718773
0.4717942645129026	4.060350811529524	1244.037435306816	0.4451796560545414	75.45818126067182	2.246284138099708
0.4718942844968994	4.076108773376531	1257.869605354181	0.4453684314816811	75.70840441446012	2.245332020217809
0.4719943044808962	4.091979388968968	1271.903893274824	0.4455572469248099	75.96043123862285	2.244380507559684
0.472094324464893	4.107963869602935	1286.143976155071	0.4457461023839273	76.21428111287192	2.243429599612486
0.4721943444488898	4.124063444003244	1300.593611339304	0.4459349978590336	76.46997369577973	2.242479295863911
0.4722943644328866	4.140279358637934	1315.25663847653	0.4461239333501286	76.72752892981133	2.241529595802197
0.4723943844168834	4.156612878039774	1330.136981626845	0.4463129088572124	76.98696704646864	2.240580498916125
0.4724944044008802	4.173065285134679	1345.238651429564	0.446501924380285	77.2483085715449	2.239632004695016
0.472594424384877	4.189637881577338	1360.565747335164	0.4466909799193464	77.51157433049485	2.23868411262873
0.4726944443688738	4.206331988094255	1376.122459903172	0.4468800754743966	77.77678545392345	2.23773682220767
0.4727944643528706	4.223148944834342	1391.913073168133	0.4470692110454356	78.04396338319503	2.236790132922775
0.4728944843368674	4.240090111727215	1407.941967075927	0.4472583866324634	78.31312987616649	2.235844044265523
0.4729945043208642	4.257156868849546	1424.213619992903	0.44744760223548	78.58430701304862	2.234898555727931
0.473094524304861	4.274350616799549	1440.732611290174	0.4476368578544854	78.8575172023979	2.233953666802551
0.4731945442888578	4.291672777079787	1457.503624005602	0.4478261534894796	79.13278318724156	2.233009376982473
0.4732945642728545	4.309124792488699	1474.531447586263	0.4480154891404625	79.41012805134183	2.232065685761321
0.4733945842568514	4.326708127520889	1491.820980713959	0.4482048648074343	79.68957522560076	2.231122592633254
0.4734946042408482	4.344424268776423	1509.377234216643	0.4483942804903949	79.9711484946087	2.230180097092967
0.473594624224845	4.362274725379578	1527.205334068884	0.4485837361893443	80.25487200334462	2.229238198635687
0.4736946442088418	4.380261029406988	1545.310524484161	0.4487732319042824	80.54077026402616	2.228296896757174
0.4737946641928386	4.398384736325726	1563.69817110243	0.4489627676352093	80.82886816311901	2.22735619095372
0.4738946841768354	4.416647425441343	1582.373764276042	0.4491523433821251	81.11919096850578	2.226416080722149
0.4739947041608322	4.435050700356307	1601.342922457595	0.4493419591450296	81.41176433682053	2.225476565559817
0.4740947241448289	4.453596189439088	1620.611395693275	0.4495316149239229	81.7066143209546	2.224537644964607
0.4741947441288258	4.472285546304096	1640.185069225291	0.4497213107188051	82.00376737773539	2.223599318434934
0.4742947641128226	4.491120450302811	1660.0699672073	0.449911046529676	82.30325037578444	2.222661585469741
0.4743947840968193	4.510102607026521	1680.272256536937	0.4501008223565357	82.60509060356137	2.221724445568499
0.4744948040808162	4.529233748820796	1700.798250809407	0.4502906381993843	82.90931577759513	2.220787898231208
0.474594824064813	4.548515635312121	1721.654414396579	0.4504804940582215	83.21595405091072	2.219851942958393
0.4746948440488097	4.567950053947082	1742.847366656108	0.4506703899330476	83.52503402165551	2.218916579251106
0.4747948640328066	4.587538820544349	1764.383886275187	0.4508603258238625	83.83658474193145	2.217981806610923
0.4748948840168034	4.607283779859807	1786.270915753745	0.4510503017306662	84.15063572683682	2.217047624539947
0.4749949040008001	4.627186806165346	1808.515566032335	0.4512403176534587	84.46721696372714	2.216114032540805
0.475094923984797	4.647249803841553	1831.125121269799	0.45143037359224	84.78635892169814	2.215181030116645
0.4751949439687937	4.667474707984679	1854.107043776173	0.4516204695470101	85.10809256129711	2.21424861677114
0.4752949639527906	4.687863485028501	1877.468979106766	0.451810605517769	85.432449344473	2.213316792008486
0.4753949839367874	4.708418133381159	1901.218761322958	0.4520007815045166	85.75946124476535	2.212385555333398
0.4754950039207841	4.7291406840778	1925.364418426356	0.4521909975072531	86.08916075774704	2.211454906251114
0.475595023904781	4.750033201449081	1949.914177972272	0.4523812535259784	86.42158091172008	2.21052484426739
0.4756950438887778	4.771097783806274	1974.87647286955	0.4525715495606924	86.75675527867739	2.209595368888504
0.4757950638727745	4.792336564143364	2000.259947373606	0.4527618856113952	87.09471798553632	2.208666479621252
0.4758950838567714	4.813751710856613	2026.073463279947	0.4529522616780869	87.43550372565169	2.207738175972946
0.4759951038407682	4.835345428482043	2052.32610632564	0.4531426777607673	87.77914777061554	2.206810457451419
0.4760951238247649	4.857119958451562	2079.027192806866	0.4533331338594365	88.12568598235502	2.20588332356502
0.4761951438087618	4.87907757986807	2106.186276420568	0.4535236299740946	88.47515482553433	2.204956773822613
0.4762951637927585	4.901220610300151	2133.813155338737	0.4537141661047414	88.82759138026955	2.204030807733578
0.4763951837767553	4.923551406597091	2161.917879524556	0.4539047422513769	89.18303335516907	2.203105424807811
0.4764952037607522	4.946072365724622	2190.510758299411	0.4540953584140014	89.5415191007054	2.202180624555722
0.4765952237447489	4.968785925622025	2219.602368170523	0.4542860145926146	89.90308762292887	2.201256406488234
0.4766952437287458	4.991694566081529	2249.203560929722	0.4544767107872167	90.26777859753804	2.200332770116782
0.4767952637127426	5.014800809650151	2279.325472033257	0.4546674469978074	90.63563238430906	2.199409714953317
0.4768952836967393	5.038107222555269	2309.97952927448	0.454858223224387	91.00669004190492	2.198487240510298
0.4769953036807362	5.061616415654099	2341.177461760213	0.4550490394669555	91.38099334306698	2.197565346300698
0.477095323664733	5.085331045408139	2372.931309203267	0.4552398957255126	91.7585847902062	2.196644031837999
0.4771953436487297	5.109253814883323	2405.253431543628	0.4554307920000585	92.13950763140561	2.195723296636191
0.4772953636327266	5.133387474776511	2438.156518911218	0.4556217282905934	92.52380587684372	2.194803140209777
0.4773953836167233	5.157734824469207	2471.653601944071	0.4558127045971169	92.91152431565486	2.193883562073766
0.4774954036007201	5.18229871310956	2505.758062476439	0.4560037209196292	93.30270853324029	2.192964561743675
0.477595423584717	5.207082040723128	2540.483644611333	0.4561947772581305	93.69740492904113	2.19204613873553
0.4776954435687137	5.232087759353605	2575.844466193468	0.4563858736126203	94.0956607347894	2.191128292565862
0.4777954635527105	5.257318874234501	2611.855030699069	0.4565770099830991	94.49752403325544	2.190211022751707
0.4778954835367074	5.282778444992435	2648.530239559143	0.4567681863695667	94.90304377750022	2.18929432881061
0.4779955035207041	5.30846958688334	2685.885404934531	0.456959402772023	95.31226981065464	2.188378210260617
0.4780955235047009	5.334395472062591	2723.936262961356	0.457150659190468	95.72525288624199	2.18746266662028
0.4781955434886977	5.360559330889999	2762.698987486207	0.457341955624902	96.14204468905731	2.186547697408653
0.4782955634726945	5.386964453270878	2802.190204311653	0.4575332920753247	96.56269785662461	2.185633302145296
0.4783955834566914	5.413614190034501	2842.427005973736	0.4577246685417363	96.98726600125254	2.184719480350266
0.4784956034406881	5.440511954350812	2883.426967073284	0.4579160850241366	97.41580373270129	2.183806231544128
0.4785956234246849	5.467661223187114	2925.208160185276	0.4581075415225256	97.84836668148968	2.182893555247941
0.4786956434086818	5.495065538805541	2967.789172370081	0.4582990380369036	98.28501152285521	2.181981450983271
0.4787956633926785	5.522728510303053	3011.189122312844	0.4584905745672703	98.72579600139321	2.181069918272178
0.4788956833766753	5.550653815195215	3055.427678117859	0.4586821511136257	99.17077895639787	2.180158956637225
0.4789957033606722	5.578845201045213	3100.52507578614	0.45887376767597	99.62002034792636	2.17924856560147
0.4790957233446689	5.607306487139548	3146.502138405712	0.4590654242543031	100.0735812836097	2.178338744688473
0.4791957433286657	5.636041566212258	3193.380296086138	0.459257120848625	100.5315240462407	2.177429493422288
0.4792957633126625	5.665054406218914	3241.181606669239	0.4594488574589357	100.9939121221576	2.176520811327466
0.4793957832966593	5.694349052162412	3289.92877725069	0.4596406340852351	101.4608102304567	2.175612697929055
0.4794958032806561	5.723929627972181	3339.645186548113	0.4598324507275233	101.9322843530601	2.174705152752598
0.4795958232646529	5.753800338438638	3390.354908153289	0.4600243073858005	102.4084017656665	2.17379817532413
0.4796958432486497	5.783965471204764	3442.0827347079	0.4602162040600662	102.8892310696166	2.172891765170186
0.4797958632326465	5.814429398817036	3494.854203044694	0.4604081407503209	103.3748422247081	2.171985921817789
0.4798958832166433	5.845196580837326	3548.695620336853	0.4606001174565644	103.8653065829861	2.171080644794456
0.4799959032006401	5.876271566018293	3603.634091301889	0.4607921341787966	104.3606969235491	2.170175933628199
0.480095923184637	5.907658994544426	3659.697546508058	0.4609841909170176	104.8610874884058	2.169271787847517
0.4801959431686337	5.939363600340788	3716.914771833221	0.4611762876712274	105.3665540194154	2.168368206981405
0.4802959631526305	5.971390213452331	3775.315439130063	0.461368424441426	105.877173796356	2.167465190559345
0.4803959831366273	6.003743762495867	3834.930138152673	0.4615606012276135	106.3930256761565	2.166562738111308
0.4804960031206241	6.036429277187484	3895.790409803467	0.4617528180297897	106.9141901333353	2.165660849167759
0.4805960231046209	6.069451890948283	3957.928780762438	0.4619450748479546	107.4407493016918	2.164759523259647
0.4806960430886177	6.102816843591011	4021.378799563175	0.4621373716821085	107.972787017293	2.163858759918408
0.4807960630726145	6.136529484090531	4086.175074183971	0.462329708532251	108.5103888628004	2.162958558675972
0.4808960830566113	6.170595273441648	4152.353311226789	0.4625220853983824	109.0536422131958	2.162058919064749
0.4809961030406081	6.205019787606854	4219.950356758582	0.4627145022805026	109.6026362829449	2.161159840617636
0.4810961230246049	6.239808720557796	4289.004238895659	0.4629069591786116	110.1574621746608	2.16026132286802
0.4811961430086017	6.274967887413871	4359.554212215021	0.4630994560927093	110.7182129293215	2.159363365349768
0.4812961629925985	6.310503227681412	4431.640804080854	0.4632919930227959	111.284983578097	2.158465967597234
0.4813961829765953	6.346420808597342	4505.305862979788	0.4634845699688713	111.857871195848	2.157569129145254
0.4814962029605921	6.382726828581476	4580.592608963819	0.4636771869309355	112.4369749563619	2.156672849529148
0.4815962229445889	6.419427620801077	4657.54568630369	0.4638698439089884	113.0223961893866	2.155777128284719
0.4816962429285857	6.456529656852649	4736.211218463697	0.4640625409030301	113.6142384395389	2.154881964948252
0.4817962629125825	6.494039550564784	4816.63686551213	0.4642552779130607	114.2126075271495	2.153987359056511
0.4818962828965793	6.531964061927217	4898.871884090417	0.46444805493908	114.817611611129	2.153093310146743
0.4819963028805761	6.570310101150884	4982.967190069565	0.4646408719810881	115.4293612539275	2.152199817756674
0.4820963228645729	6.609084732864035	5068.975424029999	0.4648337290390851	116.0479694886736	2.15130688142451
0.4821963428485697	6.648295180449654	5156.951019708371	0.4650266261130708	116.6735518885724	2.150414500688937
0.4822963628325665	6.687948830530187	5246.95027556426	0.4652195632030452	117.3062266386612	2.149522675089116
0.4823963828165633	6.728053237604926	5339.03142962647	0.4654125403090086	117.9461146100082	2.148631404164689
0.4824964028005601	6.768616128846396	5433.254737789366	0.4656055574309607	118.5933394364539	2.147740687455773
0.4825964227845569	6.809645409062326	5529.682555739552	0.4657986145689015	119.2480275940031	2.146850524502963
0.4826964427685537	6.851149165829568	5628.379424702429	0.4659917117228313	119.9103084829678	2.145960914847329
0.4827964627525505	6.893135674806962	5729.412161210066	0.4661848488927497	120.5803145129723	2.145071858030417
0.4828964827365473	6.935613405235018	5832.849951105018	0.466378026078657	121.2581811909488	2.144183353594247
0.4829965027205441	6.978591025629291	5938.764448004118	0.4665712432805532	121.9440472122313	2.143295401081313
0.4830965227045409	7.022077409676072	6047.229876463071	0.466764500498438	122.6380545548864	2.142408000034584
0.4831965426885377	7.066081642338746	6158.32314009554	0.4669577977323117	123.340348577415	2.1415211499975
0.4832965626725345	7.110613026183227	6272.123934914741	0.4671511349821741	124.0510781199596	2.140634850513975
0.4833965826565313	7.155681087932391	6388.714868184688	0.4673445122480254	124.770395609175	2.139749101128394
0.4834966026405281	7.201295585258589	6508.181583082439	0.4675379295298655	125.4984571669087	2.138863901385613
0.4835966226245249	7.247466513824675	6630.612889493388	0.4677313868276943	126.2354227228567	2.13797925083096
0.4836966426085217	7.294204114584422	6756.100901281633	0.4679248841415119	126.9814561313713	2.137095149010232
0.4837966625925185	7.34151888135316	6884.741180396915	0.4681184214713184	127.73672529259	2.136211595469694
0.4838966825765153	7.389421568660394	7016.632888203513	0.4683119988171136	128.5014022780785	2.135328589756084
0.4839967025605121	7.437923199897343	7151.878944442185	0.4685056161788976	129.2756634611907	2.134446131416603
0.4840967225445089	7.487035075771464	7290.586194258278	0.4686992735566705	130.0596896523413	2.133564219998924
0.4841967425285057	7.536768783082247	7432.865583761049	0.4688929709504321	130.8536662394183	2.132682855051185
0.4842967625125025	7.587136203832467	7578.832344606979	0.4690867083601825	131.6577833335635	2.131802036121992
0.4843967824964993	7.638149524689718	7728.606188131175	0.4692804857859217	132.4722359205563	2.130921762760415
0.4844968024804961	7.689821246814134	7882.311509586273	0.4694743032276497	133.2972240180581	2.130042034515991
0.4845968224644929	7.742164196069301	8040.07760308528	0.4696681606853664	134.1329528389862	2.129162850938721
0.4846968424484897	7.795191533633374	8202.038887881914	0.4698620581590721	134.9796329612921	2.12828421157907
0.4847968624324865	7.848916767028891	8368.335146665346	0.4700559956487664	135.8374805044382	2.127406115987969
0.4848968824164833	7.903353761591397	8539.111776593678	0.4702499731544497	136.706717312896	2.126528563716809
0.4849969024004801	7.958516752396084	8714.520053832981	0.4704439906761216	137.5875711469722	2.125651554317446
0.4850969223844769	8.014420356665417	8894.717412429029	0.4706380482137824	138.4802758813311	2.124775087342196
0.4851969423684737	8.071079586679261	9079.8677383869	0.470832145767432	139.3850717115559	2.123899162343837
0.4852969623524705	8.128509863212043	9270.141679899267	0.4710262833370703	140.3022053691439	2.123023778875608
0.4853969823364673	8.186727029522386	9465.716974728051	0.4712204609226974	141.2319303453406	2.12214893649121
0.4854970023204641	8.24574736592133	9666.778795811335	0.4714146785243135	142.1745071242309	2.121274634744799
0.4855970223044609	8.305587604947561	9873.520116245416	0.4716089361419182	143.130203425543	2.120400873190996
0.4856970422884577	8.36626494717966	10086.14209487304	0.4718032337755117	144.0992944576443	2.119527651384876
0.4857970622724545	8.427797077716138	10304.85448379303	0.4719975714250941	145.0820631812222	2.118654968881974
0.4858970822564513	8.490202183356843	10529.87605920409	0.4721919490906652	146.0788005841861	2.117782825238282
0.4859971022404481	8.553498970520824	10761.43507709632	0.4723863667722251	147.0898059683536	2.116911220010249
0.4860971222244449	8.617706683937552	10999.76975541262	0.4725808244697738	148.1153872485103	2.11604015275478
0.4861971422084417	8.682845126150596	11245.12878442106	0.4727753221833113	149.155861264468	2.115169623029236
0.4862971621924385	8.748934677875937	11497.77186717059	0.4729698599128377	150.2115541067978	2.114299630391432
0.4863971821764353	8.815996319257838	11757.97029203454	0.4731644376583528	151.2828014569247	2.11343017439964
0.4864972021604321	8.884051652070008	12026.0075395049	0.4733590554198566	152.3699489423453	2.112561254612584
0.4865972221444289	8.953122922910431	12302.17992555472	0.4735537131973494	153.4733525077458	2.111692870589442
0.4866972421284257	9.023233047442565	12586.79728406706	0.4737484109908308	154.5933788028607	2.110825021889846
0.4867972621124225	9.094405635738854	12880.18369102028	0.4739431488003011	155.7304055879695	2.109957708073877
0.4868972820964193	9.16666501878443	13182.67823332054	0.4741379266257602	156.884822157955	2.109090928702073
0.4869973020804161	9.240036276204345	13494.63582540446	0.4743327444672081	158.0570297859404	2.108224683335419
0.4870973220644129	9.314545265280483	13816.42807697449	0.4745276023246447	159.2474421875584	2.107358971535353
0.4871973420484097	9.390218651328563	14148.44421549536	0.4747225001980702	160.4564860069846	2.10649379286376
0.4872973620324065	9.467083939510035	14491.09206736772	0.4749174380874844	161.6846013259265	2.10562914688298
0.4873973820164033	9.545169508159299	14844.79910201279	0.4751124159928874	162.9322421968604	2.104765033155796
0.4874974020004001	9.624504643710223	15210.01354343647	0.4753074339142794	164.1998772018544	2.103901451245443
0.4875974219843969	9.705119577312619	15587.20555421892	0.47550249185166	165.4879900384331	2.103038400715605
0.4876974419683937	9.787045523235294	15976.86849728158	0.4756975898050294	166.7970801340255	2.10217588113041
0.4877974619523905	9.870314719157324	16379.52028122051	0.4758927277743877	168.1276632906261	2.101313892054435
0.4878974819363873	9.954960468457331	16795.70479548451	0.4760879057597347	169.4802723614227	2.100452433052701
0.4879975019203841	10.04101718461743	17225.99344220221	0.4762831237610706	170.8554579612602	2.099591503690679
0.4880975219043809	10.12852043786563	17670.98677203637	0.4764783817783951	172.2537892129187	2.098731103534281
0.4881975418883777	10.21750700419033	18131.31623208219	0.4766736798117086	173.675854531345	2.097871232149866
0.4882975618723745	10.3080149168679	18607.64603450851	0.4768690178610108	175.1222624480949	2.097011889104236
0.4883975818563713	10.40008352065563	19100.67515540714	0.4770643959263018	176.5936424784194	2.096153073964637
0.4884976018403681	10.49375352881234	19611.13947414229	0.4772598140075815	178.090646033595	2.095294786298757
0.4885976218243649	10.58906708311986	20139.81406440234	0.4774552721048502	179.6139473812671	2.094437025674727
0.4886976418083617	10.68606781709104	20687.51564915809	0.4776507702181075	181.164244656779	2.093579791661122
0.4887976617923585	10.78480092256484	21255.10523283962	0.4778463083473537	182.7422609286913	2.092723083826955
0.4888976817763553	10.88531321990025	21843.49092524042	0.4780418864925887	184.3487453218874	2.091866901741681
0.4889977017603521	10.98765323199924	22453.63097300248	0.4782375046538124	185.9844742019382	2.091011244975197
0.4890977217443488	11.09187126240457	23086.53701600263	0.478433162831025	187.6502524246687	2.090156113097838
0.4891977417283457	11.19801947773589	23743.27758757284	0.4786288610242264	189.346914655135	2.089301505680377
0.4892977617123425	11.30615199474857	24424.98187928598	0.4788245992334165	191.0753267605653	2.088447422294029
0.4893977816963392	11.41632497232063	25132.84379300923	0.4790203774585954	192.836387282151	2.087593862510444
0.4894978016803361	11.52859670869555	25868.12630510848	0.4792161956997633	194.6310289909322	2.086740825901711
0.4895978216643329	11.64302774433523	26632.16617011071	0.4794120539569198	196.4602205334444	2.085888312040357
0.4896978416483297	11.75968097076494	27426.37899381343	0.4796079522300651	198.3249681732377	2.085036320499344
0.4897978616323265	11.87862174581992	28252.26470878737	0.4798038905191992	200.2263176348228	2.08418485085207
0.4898978816163232	11.99991801573907	29111.41348853604	0.4799998688243222	202.1653560571698	2.083333902672369
0.4899979016003201	12.12364044458369	30005.51214022389	0.4801958871454339	204.1432140644081	2.082483475534509
0.4900979215843169	12.24986255149974	30936.35101997045	0.4803919454825344	206.1610679620221	2.081633569013194
0.4901979415683136	12.37866085638425	31905.83151924855	0.4805880438356237	208.2201420675151	2.080784182683562
0.4902979615523105	12.51011503456136	32915.97417597198	0.4807841822047019	210.3217111852242	2.079935316121181
0.4903979815363073	12.64430808112571	33968.92746951851	0.4809803605897687	212.4671032358155	2.079086968902056
0.490498001520304	12.78132648566569	35066.97736523473	0.4811765789908244	214.6577020518562	2.078239140602621
0.4905980215043009	12.92126041813854	36212.55768101479	0.4813728374078689	216.8949503518161	2.077391830799743
0.4906980414882977	13.06420392673748	37408.26135645339	0.4815691358409022	219.1803529059412	2.076545039070722
0.4907980614722944	13.21025514866331	38656.85271392176	0.4817654742899242	221.5154799085996	2.075698764993285
0.4908980814562913	13.3595165347926	39961.28081084245	0.4819618527549351	223.9019705729727	2.074853008145592
0.490998101440288	13.51209508932351	41324.69399360874	0.4821582712359348	226.3415369653885	2.074007768106231
0.4910981214242849	13.66810262557785	42750.45577615521	0.4823547297329233	228.8359680981541	2.07316304445422
0.4911981414082817	13.82765603924322	44242.16218031812	0.4825512282459005	231.3871343014296	2.072318836769007
0.4912981613922784	13.99087760046009	45803.66069110612	0.4827477667748665	233.9969918966223	2.071475144630464
0.4913981813762753	14.15789526628612	47439.07099799703	0.4829443453198214	236.6675881958157	2.070631967618893
0.4914982013602721	14.32884301521651	49152.80771377983	0.4831409638807651	239.4010668540942	2.069789305315024
0.4915982213442688	14.50386120559917	50949.60528555239	0.4833376224576975	242.1996736041868	2.068947157300013
0.4916982413282657	14.68309695995833	52834.54533864502	0.4835343210506188	245.0657624056442	2.068105523155439
0.4917982613122625	14.86670457743894	54813.08672400575	0.4837310596595288	248.0018020439495	2.067264402463311
0.4918982812962592	15.05484597680303	56891.09857342081	0.4839278382844275	251.0103832184606	2.06642379480606
0.4919983012802561	15.24769117264979	59074.89670546355	0.4841246569253153	254.0942261619298	2.065583699766541
0.4920983212642528	15.4454187878031	61371.28376906458	0.4843215155821916	257.2561888387056	2.064744116928035
0.4921983412482496	15.64821660511474	63787.59356189322	0.4845184142550568	260.4992757735843	2.063905045874246
0.4922983612322465	15.8562821622632	66331.7400182245	0.4847153529439108	263.8266475685897	2.063066486189299
0.4923983812162432	16.06982339350984	69012.2714270127	0.4849123316487536	267.2416311710729	2.062228437457743
0.49249840120024	16.28905932279569	71838.43051668207	0.4851093503695852	270.7477309632602	2.061390899264548
0.4925984211842369	16.51422081303395	74820.22113035106	0.4853064091064056	274.3486407509334	2.060553871195106
0.4926984411682336	16.74555137698699	77968.48231578055	0.4855035078592148	278.0482567374622	2.05971735283523
0.4927984611522305	16.98330805571648	81294.97077049168	0.4857006466280128	281.850691579006	2.058881343771151
0.4928984811362273	17.22776237126627	84812.45271684337	0.4858978254127995	285.7602896274392	2.058045843589523
0.492998501120224	17.47920136100462	88534.80643776365	0.4860950442135751	289.7816434798287	2.057210851877418
0.4930985211042209	17.7379287019059	92477.13688475653	0.4862923030303395	293.9196119669391	2.056376368222325
0.4931985410882176	18.0042659340331	96655.90398066568	0.4864896018630926	298.1793397289539	2.055542392212155
0.4932985610722144	18.2785537935849	101089.0664855222	0.4866869407118345	302.5662785442288	2.054708923435232
0.4933985810562113	18.5611536671257	105796.2435812839	0.4868843195765654	307.0862105969719	2.0538759614803
0.493498601040208	18.85244918005085	110798.8966682602	0.4870817384572849	311.7452738926867	2.053043505936522
0.4935986210242048	19.15284793396878	116120.5342617494	0.4872791973539932	316.5499900562874	2.052211556393472
0.4936986410082017	19.46278340954441	121786.9433433584	0.4874766962666903	321.5072947775929	2.051380112441143
0.4937986609921984	19.78271705348599	127826.4510715344	0.4876742351953762	326.6245712031156	2.050549173669943
0.4938986809761952	20.11314057080667	134270.2214066687	0.4878718141400509	331.9096866122481	2.049718739670694
0.493998700960192	20.45457844630768	141152.5919782718	0.4880694331007145	337.3710327609921	2.048888810034631
0.4940987209441888	20.80759072247903	148511.4574403818	0.4882670920773668	343.0175703283713	2.048059384353407
0.4941987409281857	21.17277606476542	156388.70665726	0.488464791070008	348.858877960685	2.047230462219082
0.4942987609121824	21.55077514948437	164830.7223724727	0.4886625300786378	354.905206478198	2.046402043224135
0.4943987808961792	21.94227441473104	173888.9535878971	0.4888603091032565	361.1675388896196	2.045574126961453
0.4944988008801761	22.34801022046378	183620.5727727861	0.489058128143864	367.6576569534691	2.044746713024335
0.4945988208641728	22.76877347081248	194089.2323098345	0.4892559872004603	374.3882151350127	2.043919801006493
0.4946988408481696	23.20541475965957	205365.9373555489	0.4894538862730453	381.3728229355571	2.043093390502048
0.4947988608321665	23.65885010992816	217530.0556597562	0.4896518253616193	388.6261367210617	2.042267481105532
0.4948988808161632	24.13006738806727	230670.4889975857	0.4898498044661819	396.1639623539002	2.041442072411887
0.49499890080016	24.62013348826286	244887.0358976571	0.4900478235867333	404.0033701402387	2.040617164016464
0.4950989207841568	25.1302023963263	260291.9815326355	0.4902458827232736	412.1628238522509	2.039792755515021
0.4951989407681536	25.66152426154988	277011.9582677647	0.4904439818758026	420.6623258778055	2.038968846503727
0.4952989607521504	26.21545562664807	295190.1298155094	0.4906421210443205	429.5235808995274	2.038145436579156
0.4953989807361472	26.79347099200718	314988.7637064786	0.4908403002288272	438.7701809227916	2.037322525338293
0.495499000720144	27.39717592180217	336592.2714881598	0.4910385194293226	448.4278149735918	2.036500112378525
0.4955990207041408	28.0283219372719	360210.8145225553	0.4912367786458068	458.5245073909458	2.035678197297649
0.4956990406881376	28.68882348807534	386084.5965448945	0.4914350778782799	469.0908893685931	2.034856779693864
0.4957990606721344	29.38077734806892	414488.9936815078	0.4916334171267416	480.1605092874344	2.03403585916578
0.4958990806561313	30.10648484942621	445740.7102770917	0.4918317963911923	491.7701884614441	2.033215435312405
0.495999100640128	30.86847745178364	480205.1971439448	0.4920302156716317	503.9604302440046	2.032395507733156
0.4960991206241248	31.66954624500984	518305.6310686421	0.4922286749680599	516.7758920722131	2.031576076027852
0.4961991406081216	32.51277611017638	560533.8351126603	0.4924271742804769	530.2659320424154	2.030757139796715
0.4962991605921184	33.40158541999904	607463.6245807706	0.4926257136088827	544.4852441172653	2.029938698640372
0.4963991805761152	34.33977235583774	659767.2019358249	0.4928242929532773	559.4945991977235	2.029120752159849
0.496499200560112	35.33156916452202	718235.4070681471	0.4930229123136607	575.3617132322656	2.028303299956577
0.4965992205441088	36.38170598963125	783802.8734230753	0.4932215716900329	592.1622685173646	2.027486341632385
0.4966992405281056	37.49548630811265	857579.4683757134	0.4934202710823938	609.9811206833816	2.026669876789507
0.4967992605121024	38.67887651082111	940889.8402996638	0.4936190104907436	628.9137319831987	2.025853905030572
0.4968992804960992	39.93861282066467	1035323.501392499	0.4938177899150822	649.0678819825519	2.025038425958615
0.496999300480096	41.2823295936762	1142798.711631358	0.4940166093554095	670.5657203771732	2.024223439177066
0.4970993204640928	42.71871416421284	1265644.593468871	0.4942154688117257	693.5462445159852	2.023408944289754
0.4971993404480896	44.25769487008024	1406707.544467612	0.4944143682840306	718.1683078030859	2.022594940900911
0.4972993604320864	45.9106708594846	1569490.343947744	0.4946133077723243	744.614296608984	2.021781428615161
0.4973993804160832	47.69079492830658	1758335.700828261	0.494812287276607	773.0946556669801	2.020968407037528
0.49749940040008	49.61332423560538	1978670.872849738	0.4950113067968783	803.8534995212328	2.020155875773435
0.4975994203840768	51.69605869436273	2237337.19904223	0.4952103663331385	837.175626778661	2.019343834428698
0.4976994403680736	53.95989372003458	2543039.193531322	0.4954094658853873	873.3953640857724	2.018532282609532
0.4977994603520704	56.42952372188235	2906964.296026501	0.495608605453625	912.9078219899627	2.017721219922546
0.4978994803360672	59.13434658223782	3343649.83346013	0.4958077850378516	956.1833666077547	2.016910645974743
0.497999500320064	62.10963946598881	3872213.884598706	0.4960070046380669	1003.786432576568	2.016100560373525
0.4980995203040608	65.39810591880239	4518131.292211327	0.4962062642542709	1056.400276626292	2.015290962726682
0.4981995402880576	69.05193863608753	5315842.175564668	0.4964055638864639	1114.859981882685	2.014481852642402
0.4982995602720544	73.13561022526143	6312658.935719696	0.4966049035346456	1180.197110063642	2.013673229729265
0.4983995802560512	77.7297104384777	7574746.544434394	0.496804283198816	1253.701097202836	2.012865093596245
0.498499600240048	82.93631819614399	9196500.564421598	0.4970037028789754	1337.005206026009	2.012057443852704
0.4985996202240448	88.88667574180954	11315658.23443141	0.4972031625751234	1432.20931242917	2.011250280108401
0.4986996402080416	95.75240444235266	14138406.62667788	0.4974026622872603	1542.059358281589	2.010443601973484
0.4987996601920384	103.7623280210352	17982587.81897875	0.497602202015386	1670.21652315468	2.009637409058491
0.4988996801760352	113.22847126552	23355101.42312453	0.4978017817595004	1821.673203650268	2.008831700974351
0.498999700160032	124.5876564013174	31097231.35928247	0.4980014015196038	2003.418555375743	2.008026477332384
0.4990997201440288	138.4708273004713	42673029.59440091	0.4982010612956957	2225.547680283029	2.007221737744298
0.4991997401280256	155.8243603499034	60780841.28108221	0.4984007610877766	2503.202600562099	2.006417481822191
0.4992997601120224	178.1353412145819	90759698.06083487	0.4986005008958463	2860.176686851667	2.005613709178548
0.4993997800960192	207.882080831556	144170416.7246889	0.4988002807199047	3336.122914143751	2.004810419426243
0.499499800080016	249.5251425162964	249201258.7290029	0.4990001005599519	4002.410295485099	2.004007612178539
0.4995998200640128	311.9845382603457	486842973.9063204	0.499199960415988	5001.759022739629	2.003205287049083
0.4996998400480096	416.0696670399854	1154171507.102711	0.4993998602880128	6667.119479527071	2.002403443651911
0.4997998600320064	624.1879309383608	3894940834.31786	0.4995998001760263	9997.010099176974	2.001602081601444
0.4998998800160032	1248.127009919967	31125316830.96093	0.4997997800800288	19980.0337611205	2.00080120051249
0.4999999	1249999.624864158	3.124998748981343e+19	0.49999980000002	20000003.99782813	2.00000080000024
